id,category,subcategory,name,short_description,size,color,amp_rating,voltage,phase,spaces,indoor_outdoor,unit,keywords,active
36899498-9450-547f-a1dd-8030b708d580,Boxes,Ceiling Boxes,"4"" Octagon Steel Ceiling Box - 1-1/2"" Deep",4IN OCTAGON BOX 1-1/2D,"4"" x 1-1/2""",,,,,,Indoor,EA,"[""4\"" octagon steel ceiling box - 1-1/2\"" deep"", ""4in octagon box 1-1/2d"", ""boxes"", ""ceiling boxes"", ""caja techo""]",true
92ad547d-70b0-572f-8b6f-9ed61e544bcd,Boxes,Ceiling Boxes,"4"" Octagon Steel Ceiling Box - 1/2"" Deep",4IN OCTAGON BOX 1/2D,"4"" x 1/2""",,,,,,Indoor,EA,"[""4\"" octagon steel ceiling box - 1/2\"" deep"", ""4in octagon box 1/2d"", ""boxes"", ""ceiling boxes"", ""caja techo""]",true
ef03af67-8381-5edb-9a56-4244712dda17,Boxes,Ceiling Boxes,"4"" Octagon Steel Ceiling Box - 2-1/8"" Deep",4IN OCTAGON BOX 2-1/8D,"4"" x 2-1/8""",,,,,,Indoor,EA,"[""4\"" octagon steel ceiling box - 2-1/8\"" deep"", ""4in octagon box 2-1/8d"", ""boxes"", ""ceiling boxes"", ""caja techo""]",true
b31c6b8f-5568-5b85-b6db-502794c9b4ae,Boxes,Ceiling Boxes,"4"" Round Steel Ceiling Box - 1-1/2"" Deep",4IN ROUND BOX 1-1/2D,"4"" x 1-1/2""",,,,,,Indoor,EA,"[""4\"" round steel ceiling box - 1-1/2\"" deep"", ""4in round box 1-1/2d"", ""boxes"", ""ceiling boxes"", ""caja techo""]",true
36e833dc-b1cc-5758-92d3-fe21a90b6f38,Boxes,Ceiling Boxes,"4"" Round Steel Ceiling Box - 1/2"" Deep",4IN ROUND BOX 1/2D,"4"" x 1/2""",,,,,,Indoor,EA,"[""4\"" round steel ceiling box - 1/2\"" deep"", ""4in round box 1/2d"", ""boxes"", ""ceiling boxes"", ""caja techo""]",true
bc1c61bd-2c5a-5b98-8b71-e9a733c0fff3,Boxes,Ceiling Boxes,"4"" Round Steel Ceiling Box - 2-1/8"" Deep",4IN ROUND BOX 2-1/8D,"4"" x 2-1/8""",,,,,,Indoor,EA,"[""4\"" round steel ceiling box - 2-1/8\"" deep"", ""4in round box 2-1/8d"", ""boxes"", ""ceiling boxes"", ""caja techo""]",true
e41f4efd-fa6d-5c1e-b5b2-2ebd3888c8dc,Boxes,Device Boxes,1-Gang PVC New Work Device Box,1G PVC NEW WORK BOX,1G,,,,,,Indoor,EA,"[""1-gang pvc new work device box"", ""1g pvc new work box"", ""boxes"", ""device boxes"", ""caja switch"", ""caja toma"", ""new construction box""]",true
cfb96e1d-aeac-5463-b5e9-83802524d1af,Boxes,Device Boxes,1-Gang PVC Old Work Device Box,1G PVC OLD WORK BOX,1G,,,,,,Indoor,EA,"[""1-gang pvc old work device box"", ""1g pvc old work box"", ""boxes"", ""device boxes"", ""caja switch"", ""caja toma"", ""remodel box""]",true
92f6cb66-7c15-5a90-8650-5ce16f952b79,Boxes,Device Boxes,1-Gang Steel New Work Device Box,1G Steel NEW WORK BOX,1G,,,,,,Indoor,EA,"[""1-gang steel new work device box"", ""1g steel new work box"", ""boxes"", ""device boxes"", ""caja switch"", ""caja toma"", ""new construction box""]",true
edec8f42-0420-5d83-b832-c663a3d943db,Boxes,Device Boxes,1-Gang Steel Old Work Device Box,1G Steel OLD WORK BOX,1G,,,,,,Indoor,EA,"[""1-gang steel old work device box"", ""1g steel old work box"", ""boxes"", ""device boxes"", ""caja switch"", ""caja toma"", ""remodel box""]",true
3c3c9829-53a5-5560-8853-b8203f82acdb,Boxes,Device Boxes,2-Gang PVC New Work Device Box,2G PVC NEW WORK BOX,2G,,,,,,Indoor,EA,"[""2-gang pvc new work device box"", ""2g pvc new work box"", ""boxes"", ""device boxes"", ""caja switch"", ""caja toma"", ""new construction box""]",true
14c53116-8f4a-5c55-a851-e687c9560a29,Boxes,Device Boxes,2-Gang PVC Old Work Device Box,2G PVC OLD WORK BOX,2G,,,,,,Indoor,EA,"[""2-gang pvc old work device box"", ""2g pvc old work box"", ""boxes"", ""device boxes"", ""caja switch"", ""caja toma"", ""remodel box""]",true
8a3955a2-c91b-548e-9b05-7aa26a0d2ab9,Boxes,Device Boxes,2-Gang Steel New Work Device Box,2G Steel NEW WORK BOX,2G,,,,,,Indoor,EA,"[""2-gang steel new work device box"", ""2g steel new work box"", ""boxes"", ""device boxes"", ""caja switch"", ""caja toma"", ""new construction box""]",true
bc6233bd-a030-5127-ad03-5aae0c599eea,Boxes,Device Boxes,2-Gang Steel Old Work Device Box,2G Steel OLD WORK BOX,2G,,,,,,Indoor,EA,"[""2-gang steel old work device box"", ""2g steel old work box"", ""boxes"", ""device boxes"", ""caja switch"", ""caja toma"", ""remodel box""]",true
406ed50a-b4a3-5526-ba9b-0ebf1908cf58,Boxes,Device Boxes,3-Gang PVC New Work Device Box,3G PVC NEW WORK BOX,3G,,,,,,Indoor,EA,"[""3-gang pvc new work device box"", ""3g pvc new work box"", ""boxes"", ""device boxes"", ""caja switch"", ""caja toma"", ""new construction box""]",true
eb345969-ecb9-589b-ab2d-2742401d4baf,Boxes,Device Boxes,3-Gang PVC Old Work Device Box,3G PVC OLD WORK BOX,3G,,,,,,Indoor,EA,"[""3-gang pvc old work device box"", ""3g pvc old work box"", ""boxes"", ""device boxes"", ""caja switch"", ""caja toma"", ""remodel box""]",true
3e765ff8-3fa7-5706-8b0b-973f7d13b1ea,Boxes,Device Boxes,3-Gang Steel New Work Device Box,3G Steel NEW WORK BOX,3G,,,,,,Indoor,EA,"[""3-gang steel new work device box"", ""3g steel new work box"", ""boxes"", ""device boxes"", ""caja switch"", ""caja toma"", ""new construction box""]",true
0fd05dd0-b15c-5a83-99ad-acb070187c9f,Boxes,Device Boxes,3-Gang Steel Old Work Device Box,3G Steel OLD WORK BOX,3G,,,,,,Indoor,EA,"[""3-gang steel old work device box"", ""3g steel old work box"", ""boxes"", ""device boxes"", ""caja switch"", ""caja toma"", ""remodel box""]",true
599657cb-fae3-5811-a6fb-e2fe35a3a0b7,Boxes,Device Boxes,4-Gang PVC New Work Device Box,4G PVC NEW WORK BOX,4G,,,,,,Indoor,EA,"[""4-gang pvc new work device box"", ""4g pvc new work box"", ""boxes"", ""device boxes"", ""caja switch"", ""caja toma"", ""new construction box""]",true
8fe7d509-2b19-5015-a06b-98314266db00,Boxes,Device Boxes,4-Gang PVC Old Work Device Box,4G PVC OLD WORK BOX,4G,,,,,,Indoor,EA,"[""4-gang pvc old work device box"", ""4g pvc old work box"", ""boxes"", ""device boxes"", ""caja switch"", ""caja toma"", ""remodel box""]",true
5ba945a4-ef58-5652-acdf-c82b44071144,Boxes,Device Boxes,4-Gang Steel New Work Device Box,4G Steel NEW WORK BOX,4G,,,,,,Indoor,EA,"[""4-gang steel new work device box"", ""4g steel new work box"", ""boxes"", ""device boxes"", ""caja switch"", ""caja toma"", ""new construction box""]",true
8f265e2c-b872-55a8-88b1-9dfb63073ee4,Boxes,Device Boxes,4-Gang Steel Old Work Device Box,4G Steel OLD WORK BOX,4G,,,,,,Indoor,EA,"[""4-gang steel old work device box"", ""4g steel old work box"", ""boxes"", ""device boxes"", ""caja switch"", ""caja toma"", ""remodel box""]",true
9046c018-238e-5aa6-b802-6b6c1cfb8f7d,Boxes,Handy Boxes,"4"" x 2"" Steel Handy Box - 1-1/2"" Deep",HANDY BOX 4X2 1-1/2D,"4"" x 2"" x 1-1/2""",,,,,,Indoor,EA,"[""4\"" x 2\"" steel handy box - 1-1/2\"" deep"", ""handy box 4x2 1-1/2d"", ""boxes"", ""handy boxes"", ""utility box"", ""caja handy""]",true
b1223f60-e02d-5f0c-b38a-716a588587a1,Boxes,Handy Boxes,"4"" x 2"" Steel Handy Box - 1-7/8"" Deep",HANDY BOX 4X2 1-7/8D,"4"" x 2"" x 1-7/8""",,,,,,Indoor,EA,"[""4\"" x 2\"" steel handy box - 1-7/8\"" deep"", ""handy box 4x2 1-7/8d"", ""boxes"", ""handy boxes"", ""utility box"", ""caja handy""]",true
6db0fbc9-3527-5999-9154-67d56acaa9df,Boxes,Handy Boxes,"4"" x 2"" Steel Handy Box - 2-1/8"" Deep",HANDY BOX 4X2 2-1/8D,"4"" x 2"" x 2-1/8""",,,,,,Indoor,EA,"[""4\"" x 2\"" steel handy box - 2-1/8\"" deep"", ""handy box 4x2 2-1/8d"", ""boxes"", ""handy boxes"", ""utility box"", ""caja handy""]",true
0e67e84c-6d00-5ad0-bd39-4d6c522c4465,Boxes,Junction / Pull Boxes,"10x10x4"" Fiberglass Junction Box - NEMA 4X",JBOX 10x10x4 NEMA4X FIBERGLASS,"10x10x4""",,,,,,Indoor/Outdoor,EA,"[""10x10x4\"" fiberglass junction box - nema 4x"", ""jbox 10x10x4 nema4x fiberglass"", ""boxes"", ""junction / pull boxes"", ""pull box"", ""caja registro"", ""junction box""]",true
bad2f12b-fe47-5d46-9eb6-08aa2be222ad,Boxes,Junction / Pull Boxes,"10x10x4"" Steel Junction Box - NEMA 1",JBOX 10x10x4 NEMA1 STEEL,"10x10x4""",,,,,,Indoor,EA,"[""10x10x4\"" steel junction box - nema 1"", ""jbox 10x10x4 nema1 steel"", ""boxes"", ""junction / pull boxes"", ""pull box"", ""caja registro"", ""junction box""]",true
dd823425-4754-53d5-978d-d6e1bf654665,Boxes,Junction / Pull Boxes,"10x10x4"" Steel Junction Box - NEMA 3R",JBOX 10x10x4 NEMA3R STEEL,"10x10x4""",,,,,,Outdoor,EA,"[""10x10x4\"" steel junction box - nema 3r"", ""jbox 10x10x4 nema3r steel"", ""boxes"", ""junction / pull boxes"", ""pull box"", ""caja registro"", ""junction box""]",true
0af2057c-2173-5a57-bc51-a1070834bade,Boxes,Junction / Pull Boxes,"12x12x4"" Fiberglass Junction Box - NEMA 4X",JBOX 12x12x4 NEMA4X FIBERGLASS,"12x12x4""",,,,,,Indoor/Outdoor,EA,"[""12x12x4\"" fiberglass junction box - nema 4x"", ""jbox 12x12x4 nema4x fiberglass"", ""boxes"", ""junction / pull boxes"", ""pull box"", ""caja registro"", ""junction box""]",true
a64d887b-7955-52ec-8a91-e622cd430f41,Boxes,Junction / Pull Boxes,"12x12x4"" Steel Junction Box - NEMA 1",JBOX 12x12x4 NEMA1 STEEL,"12x12x4""",,,,,,Indoor,EA,"[""12x12x4\"" steel junction box - nema 1"", ""jbox 12x12x4 nema1 steel"", ""boxes"", ""junction / pull boxes"", ""pull box"", ""caja registro"", ""junction box""]",true
a510e395-be2c-5c8c-899b-979e66675a79,Boxes,Junction / Pull Boxes,"12x12x4"" Steel Junction Box - NEMA 3R",JBOX 12x12x4 NEMA3R STEEL,"12x12x4""",,,,,,Outdoor,EA,"[""12x12x4\"" steel junction box - nema 3r"", ""jbox 12x12x4 nema3r steel"", ""boxes"", ""junction / pull boxes"", ""pull box"", ""caja registro"", ""junction box""]",true
27b996ef-e725-5761-a9bc-12ba94823608,Boxes,Junction / Pull Boxes,"12x12x6"" Fiberglass Junction Box - NEMA 4X",JBOX 12x12x6 NEMA4X FIBERGLASS,"12x12x6""",,,,,,Indoor/Outdoor,EA,"[""12x12x6\"" fiberglass junction box - nema 4x"", ""jbox 12x12x6 nema4x fiberglass"", ""boxes"", ""junction / pull boxes"", ""pull box"", ""caja registro"", ""junction box""]",true
c5bbf0eb-777a-5923-baf2-9a94426d6bc1,Boxes,Junction / Pull Boxes,"12x12x6"" Steel Junction Box - NEMA 1",JBOX 12x12x6 NEMA1 STEEL,"12x12x6""",,,,,,Indoor,EA,"[""12x12x6\"" steel junction box - nema 1"", ""jbox 12x12x6 nema1 steel"", ""boxes"", ""junction / pull boxes"", ""pull box"", ""caja registro"", ""junction box""]",true
b5c7fe6a-83f6-5657-a660-a124b2df8343,Boxes,Junction / Pull Boxes,"12x12x6"" Steel Junction Box - NEMA 3R",JBOX 12x12x6 NEMA3R STEEL,"12x12x6""",,,,,,Outdoor,EA,"[""12x12x6\"" steel junction box - nema 3r"", ""jbox 12x12x6 nema3r steel"", ""boxes"", ""junction / pull boxes"", ""pull box"", ""caja registro"", ""junction box""]",true
c5951cb2-069a-5264-bc79-fdc85dbd82e0,Boxes,Junction / Pull Boxes,"16x16x6"" Fiberglass Junction Box - NEMA 4X",JBOX 16x16x6 NEMA4X FIBERGLASS,"16x16x6""",,,,,,Indoor/Outdoor,EA,"[""16x16x6\"" fiberglass junction box - nema 4x"", ""jbox 16x16x6 nema4x fiberglass"", ""boxes"", ""junction / pull boxes"", ""pull box"", ""caja registro"", ""junction box""]",true
1664dd57-ea17-59aa-8d5a-b2937c7772b5,Boxes,Junction / Pull Boxes,"16x16x6"" Steel Junction Box - NEMA 1",JBOX 16x16x6 NEMA1 STEEL,"16x16x6""",,,,,,Indoor,EA,"[""16x16x6\"" steel junction box - nema 1"", ""jbox 16x16x6 nema1 steel"", ""boxes"", ""junction / pull boxes"", ""pull box"", ""caja registro"", ""junction box""]",true
cf168db5-acd8-5143-bac6-ea64e1036c93,Boxes,Junction / Pull Boxes,"16x16x6"" Steel Junction Box - NEMA 3R",JBOX 16x16x6 NEMA3R STEEL,"16x16x6""",,,,,,Outdoor,EA,"[""16x16x6\"" steel junction box - nema 3r"", ""jbox 16x16x6 nema3r steel"", ""boxes"", ""junction / pull boxes"", ""pull box"", ""caja registro"", ""junction box""]",true
abc7ddad-00df-5766-8fb8-12350091464c,Boxes,Junction / Pull Boxes,"18x18x6"" Fiberglass Junction Box - NEMA 4X",JBOX 18x18x6 NEMA4X FIBERGLASS,"18x18x6""",,,,,,Indoor/Outdoor,EA,"[""18x18x6\"" fiberglass junction box - nema 4x"", ""jbox 18x18x6 nema4x fiberglass"", ""boxes"", ""junction / pull boxes"", ""pull box"", ""caja registro"", ""junction box""]",true
61b48d8d-848d-5b51-8ab7-82c1aff7e76a,Boxes,Junction / Pull Boxes,"18x18x6"" Steel Junction Box - NEMA 1",JBOX 18x18x6 NEMA1 STEEL,"18x18x6""",,,,,,Indoor,EA,"[""18x18x6\"" steel junction box - nema 1"", ""jbox 18x18x6 nema1 steel"", ""boxes"", ""junction / pull boxes"", ""pull box"", ""caja registro"", ""junction box""]",true
2e60ae34-4788-5dbd-9799-e16c644f7f9d,Boxes,Junction / Pull Boxes,"18x18x6"" Steel Junction Box - NEMA 3R",JBOX 18x18x6 NEMA3R STEEL,"18x18x6""",,,,,,Outdoor,EA,"[""18x18x6\"" steel junction box - nema 3r"", ""jbox 18x18x6 nema3r steel"", ""boxes"", ""junction / pull boxes"", ""pull box"", ""caja registro"", ""junction box""]",true
b30797f9-f7b2-51ef-a4a1-38db5887641a,Boxes,Junction / Pull Boxes,"24x24x6"" Fiberglass Junction Box - NEMA 4X",JBOX 24x24x6 NEMA4X FIBERGLASS,"24x24x6""",,,,,,Indoor/Outdoor,EA,"[""24x24x6\"" fiberglass junction box - nema 4x"", ""jbox 24x24x6 nema4x fiberglass"", ""boxes"", ""junction / pull boxes"", ""pull box"", ""caja registro"", ""junction box""]",true
d24b0c08-d8b7-50df-a072-a63a89372f9a,Boxes,Junction / Pull Boxes,"24x24x6"" Steel Junction Box - NEMA 1",JBOX 24x24x6 NEMA1 STEEL,"24x24x6""",,,,,,Indoor,EA,"[""24x24x6\"" steel junction box - nema 1"", ""jbox 24x24x6 nema1 steel"", ""boxes"", ""junction / pull boxes"", ""pull box"", ""caja registro"", ""junction box""]",true
a8dc6fe1-2e57-5347-a6f7-caf3f5b84cf9,Boxes,Junction / Pull Boxes,"24x24x6"" Steel Junction Box - NEMA 3R",JBOX 24x24x6 NEMA3R STEEL,"24x24x6""",,,,,,Outdoor,EA,"[""24x24x6\"" steel junction box - nema 3r"", ""jbox 24x24x6 nema3r steel"", ""boxes"", ""junction / pull boxes"", ""pull box"", ""caja registro"", ""junction box""]",true
4ce51e3e-1824-5fdd-b7a3-c71710885d10,Boxes,Junction / Pull Boxes,"24x24x8"" Fiberglass Junction Box - NEMA 4X",JBOX 24x24x8 NEMA4X FIBERGLASS,"24x24x8""",,,,,,Indoor/Outdoor,EA,"[""24x24x8\"" fiberglass junction box - nema 4x"", ""jbox 24x24x8 nema4x fiberglass"", ""boxes"", ""junction / pull boxes"", ""pull box"", ""caja registro"", ""junction box""]",true
da49952c-341e-56e6-b64a-65d5763da4d6,Boxes,Junction / Pull Boxes,"24x24x8"" Steel Junction Box - NEMA 1",JBOX 24x24x8 NEMA1 STEEL,"24x24x8""",,,,,,Indoor,EA,"[""24x24x8\"" steel junction box - nema 1"", ""jbox 24x24x8 nema1 steel"", ""boxes"", ""junction / pull boxes"", ""pull box"", ""caja registro"", ""junction box""]",true
86088ca8-1f31-53ed-acd5-218cfd7ec56e,Boxes,Junction / Pull Boxes,"24x24x8"" Steel Junction Box - NEMA 3R",JBOX 24x24x8 NEMA3R STEEL,"24x24x8""",,,,,,Outdoor,EA,"[""24x24x8\"" steel junction box - nema 3r"", ""jbox 24x24x8 nema3r steel"", ""boxes"", ""junction / pull boxes"", ""pull box"", ""caja registro"", ""junction box""]",true
f7e9521d-f167-544f-8ba2-46474c4b86a3,Boxes,Junction / Pull Boxes,"30x30x10"" Fiberglass Junction Box - NEMA 4X",JBOX 30x30x10 NEMA4X FIBERGLASS,"30x30x10""",,,,,,Indoor/Outdoor,EA,"[""30x30x10\"" fiberglass junction box - nema 4x"", ""jbox 30x30x10 nema4x fiberglass"", ""boxes"", ""junction / pull boxes"", ""pull box"", ""caja registro"", ""junction box""]",true
1887e3b3-f23a-5b91-a25c-439d0c0df96f,Boxes,Junction / Pull Boxes,"30x30x10"" Steel Junction Box - NEMA 1",JBOX 30x30x10 NEMA1 STEEL,"30x30x10""",,,,,,Indoor,EA,"[""30x30x10\"" steel junction box - nema 1"", ""jbox 30x30x10 nema1 steel"", ""boxes"", ""junction / pull boxes"", ""pull box"", ""caja registro"", ""junction box""]",true
8a85e560-ad0a-5ae9-ba4d-c2ee63537fdf,Boxes,Junction / Pull Boxes,"30x30x10"" Steel Junction Box - NEMA 3R",JBOX 30x30x10 NEMA3R STEEL,"30x30x10""",,,,,,Outdoor,EA,"[""30x30x10\"" steel junction box - nema 3r"", ""jbox 30x30x10 nema3r steel"", ""boxes"", ""junction / pull boxes"", ""pull box"", ""caja registro"", ""junction box""]",true
0cf661f8-1825-5cbe-b3e6-a2167af57ce6,Boxes,Junction / Pull Boxes,"36x36x12"" Fiberglass Junction Box - NEMA 4X",JBOX 36x36x12 NEMA4X FIBERGLASS,"36x36x12""",,,,,,Indoor/Outdoor,EA,"[""36x36x12\"" fiberglass junction box - nema 4x"", ""jbox 36x36x12 nema4x fiberglass"", ""boxes"", ""junction / pull boxes"", ""pull box"", ""caja registro"", ""junction box""]",true
ba7befd2-4695-58b2-8f7c-be1f53e18c3a,Boxes,Junction / Pull Boxes,"36x36x12"" Steel Junction Box - NEMA 1",JBOX 36x36x12 NEMA1 STEEL,"36x36x12""",,,,,,Indoor,EA,"[""36x36x12\"" steel junction box - nema 1"", ""jbox 36x36x12 nema1 steel"", ""boxes"", ""junction / pull boxes"", ""pull box"", ""caja registro"", ""junction box""]",true
b27cfbc0-20aa-5be7-988f-795c5e1214d3,Boxes,Junction / Pull Boxes,"36x36x12"" Steel Junction Box - NEMA 3R",JBOX 36x36x12 NEMA3R STEEL,"36x36x12""",,,,,,Outdoor,EA,"[""36x36x12\"" steel junction box - nema 3r"", ""jbox 36x36x12 nema3r steel"", ""boxes"", ""junction / pull boxes"", ""pull box"", ""caja registro"", ""junction box""]",true
a3da0215-935c-5533-bdf1-680ff7e4cb40,Boxes,Junction / Pull Boxes,"6x6x4"" Fiberglass Junction Box - NEMA 4X",JBOX 6x6x4 NEMA4X FIBERGLASS,"6x6x4""",,,,,,Indoor/Outdoor,EA,"[""6x6x4\"" fiberglass junction box - nema 4x"", ""jbox 6x6x4 nema4x fiberglass"", ""boxes"", ""junction / pull boxes"", ""pull box"", ""caja registro"", ""junction box""]",true
8815475f-bbdd-5874-b6b5-1d1420132ff1,Boxes,Junction / Pull Boxes,"6x6x4"" Steel Junction Box - NEMA 1",JBOX 6x6x4 NEMA1 STEEL,"6x6x4""",,,,,,Indoor,EA,"[""6x6x4\"" steel junction box - nema 1"", ""jbox 6x6x4 nema1 steel"", ""boxes"", ""junction / pull boxes"", ""pull box"", ""caja registro"", ""junction box""]",true
be1e854f-e980-569c-8d36-85ad064f4dd9,Boxes,Junction / Pull Boxes,"6x6x4"" Steel Junction Box - NEMA 3R",JBOX 6x6x4 NEMA3R STEEL,"6x6x4""",,,,,,Outdoor,EA,"[""6x6x4\"" steel junction box - nema 3r"", ""jbox 6x6x4 nema3r steel"", ""boxes"", ""junction / pull boxes"", ""pull box"", ""caja registro"", ""junction box""]",true
86863523-97ea-5e79-80b5-a397a21eb7f3,Boxes,Junction / Pull Boxes,"8x8x4"" Fiberglass Junction Box - NEMA 4X",JBOX 8x8x4 NEMA4X FIBERGLASS,"8x8x4""",,,,,,Indoor/Outdoor,EA,"[""8x8x4\"" fiberglass junction box - nema 4x"", ""jbox 8x8x4 nema4x fiberglass"", ""boxes"", ""junction / pull boxes"", ""pull box"", ""caja registro"", ""junction box""]",true
167baa30-396a-52d4-9a69-2d6516caa45b,Boxes,Junction / Pull Boxes,"8x8x4"" Steel Junction Box - NEMA 1",JBOX 8x8x4 NEMA1 STEEL,"8x8x4""",,,,,,Indoor,EA,"[""8x8x4\"" steel junction box - nema 1"", ""jbox 8x8x4 nema1 steel"", ""boxes"", ""junction / pull boxes"", ""pull box"", ""caja registro"", ""junction box""]",true
ef1869e5-a7fe-5442-8cb1-6ae14c831efa,Boxes,Junction / Pull Boxes,"8x8x4"" Steel Junction Box - NEMA 3R",JBOX 8x8x4 NEMA3R STEEL,"8x8x4""",,,,,,Outdoor,EA,"[""8x8x4\"" steel junction box - nema 3r"", ""jbox 8x8x4 nema3r steel"", ""boxes"", ""junction / pull boxes"", ""pull box"", ""caja registro"", ""junction box""]",true
737e0357-80c7-5622-81e8-18c566ecdabd,Boxes,Masonry Boxes,"1-Gang Steel Masonry Box - 2-1/2"" Deep",1G MASONRY BOX 2-1/2D,"1G / 2-1/2""",,,,,,Indoor,EA,"[""1-gang steel masonry box - 2-1/2\"" deep"", ""1g masonry box 2-1/2d"", ""boxes"", ""masonry boxes"", ""caja mamposteria""]",true
ff55dc85-5e1e-5ff2-b1fd-bef7e6b3660d,Boxes,Masonry Boxes,"1-Gang Steel Masonry Box - 3-1/2"" Deep",1G MASONRY BOX 3-1/2D,"1G / 3-1/2""",,,,,,Indoor,EA,"[""1-gang steel masonry box - 3-1/2\"" deep"", ""1g masonry box 3-1/2d"", ""boxes"", ""masonry boxes"", ""caja mamposteria""]",true
46121ca6-608f-5641-9332-86ebe654e03e,Boxes,Masonry Boxes,"2-Gang Steel Masonry Box - 2-1/2"" Deep",2G MASONRY BOX 2-1/2D,"2G / 2-1/2""",,,,,,Indoor,EA,"[""2-gang steel masonry box - 2-1/2\"" deep"", ""2g masonry box 2-1/2d"", ""boxes"", ""masonry boxes"", ""caja mamposteria""]",true
53f3d1d9-ea10-5776-b2e1-ffd5d7e073b1,Boxes,Masonry Boxes,"2-Gang Steel Masonry Box - 3-1/2"" Deep",2G MASONRY BOX 3-1/2D,"2G / 3-1/2""",,,,,,Indoor,EA,"[""2-gang steel masonry box - 3-1/2\"" deep"", ""2g masonry box 3-1/2d"", ""boxes"", ""masonry boxes"", ""caja mamposteria""]",true
987320ae-cb20-5981-854e-684966fc5e5c,Boxes,Masonry Boxes,"3-Gang Steel Masonry Box - 2-1/2"" Deep",3G MASONRY BOX 2-1/2D,"3G / 2-1/2""",,,,,,Indoor,EA,"[""3-gang steel masonry box - 2-1/2\"" deep"", ""3g masonry box 2-1/2d"", ""boxes"", ""masonry boxes"", ""caja mamposteria""]",true
409f8a30-22fe-5e46-b4d2-e5a06910d7f0,Boxes,Masonry Boxes,"3-Gang Steel Masonry Box - 3-1/2"" Deep",3G MASONRY BOX 3-1/2D,"3G / 3-1/2""",,,,,,Indoor,EA,"[""3-gang steel masonry box - 3-1/2\"" deep"", ""3g masonry box 3-1/2d"", ""boxes"", ""masonry boxes"", ""caja mamposteria""]",true
f405d338-4bae-5785-8916-fa52703589be,Boxes,Masonry Boxes,"4-Gang Steel Masonry Box - 2-1/2"" Deep",4G MASONRY BOX 2-1/2D,"4G / 2-1/2""",,,,,,Indoor,EA,"[""4-gang steel masonry box - 2-1/2\"" deep"", ""4g masonry box 2-1/2d"", ""boxes"", ""masonry boxes"", ""caja mamposteria""]",true
d2ac33e4-5f9a-5709-baf4-2ce54c498309,Boxes,Masonry Boxes,"4-Gang Steel Masonry Box - 3-1/2"" Deep",4G MASONRY BOX 3-1/2D,"4G / 3-1/2""",,,,,,Indoor,EA,"[""4-gang steel masonry box - 3-1/2\"" deep"", ""4g masonry box 3-1/2d"", ""boxes"", ""masonry boxes"", ""caja mamposteria""]",true
4c1f43a3-4f67-5562-a86d-cba37693380f,Boxes,Mud Rings,"4"" Square Box 1-Gang Mud Ring - 1"" Raised",4SQ 1G MUD RING 1,"4"" / 1G / 1"" Raised",,,,,,Indoor,EA,"[""4\"" square box 1-gang mud ring - 1\"" raised"", ""4sq 1g mud ring 1"", ""boxes"", ""mud rings"", ""plaster ring"", ""anillo"", ""mud ring""]",true
8e3c4e8c-2f3b-5a6c-b919-cd9081399a3e,Boxes,Mud Rings,"4"" Square Box 1-Gang Mud Ring - 1-1/2"" Raised",4SQ 1G MUD RING 1-1/2,"4"" / 1G / 1-1/2"" Raised",,,,,,Indoor,EA,"[""4\"" square box 1-gang mud ring - 1-1/2\"" raised"", ""4sq 1g mud ring 1-1/2"", ""boxes"", ""mud rings"", ""plaster ring"", ""anillo"", ""mud ring""]",true
aa6a80a5-7119-5712-ae10-933e7e641dcb,Boxes,Mud Rings,"4"" Square Box 1-Gang Mud Ring - 1-1/4"" Raised",4SQ 1G MUD RING 1-1/4,"4"" / 1G / 1-1/4"" Raised",,,,,,Indoor,EA,"[""4\"" square box 1-gang mud ring - 1-1/4\"" raised"", ""4sq 1g mud ring 1-1/4"", ""boxes"", ""mud rings"", ""plaster ring"", ""anillo"", ""mud ring""]",true
2980befd-8b51-5243-8346-6182a24294a2,Boxes,Mud Rings,"4"" Square Box 1-Gang Mud Ring - 1/2"" Raised",4SQ 1G MUD RING 1/2,"4"" / 1G / 1/2"" Raised",,,,,,Indoor,EA,"[""4\"" square box 1-gang mud ring - 1/2\"" raised"", ""4sq 1g mud ring 1/2"", ""boxes"", ""mud rings"", ""plaster ring"", ""anillo"", ""mud ring""]",true
089d33ea-4940-5258-8807-b517714de9ec,Boxes,Mud Rings,"4"" Square Box 1-Gang Mud Ring - 1/4"" Raised",4SQ 1G MUD RING 1/4,"4"" / 1G / 1/4"" Raised",,,,,,Indoor,EA,"[""4\"" square box 1-gang mud ring - 1/4\"" raised"", ""4sq 1g mud ring 1/4"", ""boxes"", ""mud rings"", ""plaster ring"", ""anillo"", ""mud ring""]",true
c41b88d4-1a5b-5619-bffd-99849ae9f2c5,Boxes,Mud Rings,"4"" Square Box 1-Gang Mud Ring - 3/4"" Raised",4SQ 1G MUD RING 3/4,"4"" / 1G / 3/4"" Raised",,,,,,Indoor,EA,"[""4\"" square box 1-gang mud ring - 3/4\"" raised"", ""4sq 1g mud ring 3/4"", ""boxes"", ""mud rings"", ""plaster ring"", ""anillo"", ""mud ring""]",true
e8f9ba05-8908-5432-9a94-8a77a281316b,Boxes,Mud Rings,"4"" Square Box 1-Gang Mud Ring - 5/8"" Raised",4SQ 1G MUD RING 5/8,"4"" / 1G / 5/8"" Raised",,,,,,Indoor,EA,"[""4\"" square box 1-gang mud ring - 5/8\"" raised"", ""4sq 1g mud ring 5/8"", ""boxes"", ""mud rings"", ""plaster ring"", ""anillo"", ""mud ring""]",true
70f607d9-f682-5775-9bd2-06dfefb3b551,Boxes,Mud Rings,"4"" Square Box 1-Gang Mud Ring - Flat",4SQ 1G MUD RING Flat,"4"" / 1G / Flat",,,,,,Indoor,EA,"[""4\"" square box 1-gang mud ring - flat"", ""4sq 1g mud ring flat"", ""boxes"", ""mud rings"", ""plaster ring"", ""anillo"", ""mud ring""]",true
31856635-9ec7-5a8b-8743-4ace237da083,Boxes,Mud Rings,"4"" Square Box 2-Gang Mud Ring - 1"" Raised",4SQ 2G MUD RING 1,"4"" / 2G / 1"" Raised",,,,,,Indoor,EA,"[""4\"" square box 2-gang mud ring - 1\"" raised"", ""4sq 2g mud ring 1"", ""boxes"", ""mud rings"", ""plaster ring"", ""anillo"", ""mud ring""]",true
cf486303-2d85-525c-93b5-94c2b62aa989,Boxes,Mud Rings,"4"" Square Box 2-Gang Mud Ring - 1-1/2"" Raised",4SQ 2G MUD RING 1-1/2,"4"" / 2G / 1-1/2"" Raised",,,,,,Indoor,EA,"[""4\"" square box 2-gang mud ring - 1-1/2\"" raised"", ""4sq 2g mud ring 1-1/2"", ""boxes"", ""mud rings"", ""plaster ring"", ""anillo"", ""mud ring""]",true
814dd2fd-a91d-53ea-8fc1-29dec6c299f9,Boxes,Mud Rings,"4"" Square Box 2-Gang Mud Ring - 1-1/4"" Raised",4SQ 2G MUD RING 1-1/4,"4"" / 2G / 1-1/4"" Raised",,,,,,Indoor,EA,"[""4\"" square box 2-gang mud ring - 1-1/4\"" raised"", ""4sq 2g mud ring 1-1/4"", ""boxes"", ""mud rings"", ""plaster ring"", ""anillo"", ""mud ring""]",true
5d3941bd-e631-54d7-add1-54d1fecdfdbe,Boxes,Mud Rings,"4"" Square Box 2-Gang Mud Ring - 1/2"" Raised",4SQ 2G MUD RING 1/2,"4"" / 2G / 1/2"" Raised",,,,,,Indoor,EA,"[""4\"" square box 2-gang mud ring - 1/2\"" raised"", ""4sq 2g mud ring 1/2"", ""boxes"", ""mud rings"", ""plaster ring"", ""anillo"", ""mud ring""]",true
e9f2c8df-e925-5aed-97b0-fb8713f943a6,Boxes,Mud Rings,"4"" Square Box 2-Gang Mud Ring - 1/4"" Raised",4SQ 2G MUD RING 1/4,"4"" / 2G / 1/4"" Raised",,,,,,Indoor,EA,"[""4\"" square box 2-gang mud ring - 1/4\"" raised"", ""4sq 2g mud ring 1/4"", ""boxes"", ""mud rings"", ""plaster ring"", ""anillo"", ""mud ring""]",true
38f3fbf3-ac70-574d-9c36-81fdeb8ececf,Boxes,Mud Rings,"4"" Square Box 2-Gang Mud Ring - 3/4"" Raised",4SQ 2G MUD RING 3/4,"4"" / 2G / 3/4"" Raised",,,,,,Indoor,EA,"[""4\"" square box 2-gang mud ring - 3/4\"" raised"", ""4sq 2g mud ring 3/4"", ""boxes"", ""mud rings"", ""plaster ring"", ""anillo"", ""mud ring""]",true
cdadf85a-adc3-590e-b5df-f80f5659331e,Boxes,Mud Rings,"4"" Square Box 2-Gang Mud Ring - 5/8"" Raised",4SQ 2G MUD RING 5/8,"4"" / 2G / 5/8"" Raised",,,,,,Indoor,EA,"[""4\"" square box 2-gang mud ring - 5/8\"" raised"", ""4sq 2g mud ring 5/8"", ""boxes"", ""mud rings"", ""plaster ring"", ""anillo"", ""mud ring""]",true
593440e8-8766-5f1e-b24b-e73bba07a080,Boxes,Mud Rings,"4"" Square Box 2-Gang Mud Ring - Flat",4SQ 2G MUD RING Flat,"4"" / 2G / Flat",,,,,,Indoor,EA,"[""4\"" square box 2-gang mud ring - flat"", ""4sq 2g mud ring flat"", ""boxes"", ""mud rings"", ""plaster ring"", ""anillo"", ""mud ring""]",true
cb281aae-825b-580c-8e94-6b0fa77bb8d4,Boxes,Mud Rings,"4-11/16"" Square Box 1-Gang Mud Ring - 1"" Raised",4-11/16SQ 1G MUD RING 1,"4-11/16"" / 1G / 1"" Raised",,,,,,Indoor,EA,"[""4-11/16\"" square box 1-gang mud ring - 1\"" raised"", ""4-11/16sq 1g mud ring 1"", ""boxes"", ""mud rings"", ""plaster ring"", ""anillo"", ""mud ring""]",true
8bb2db37-55ec-5e5d-8d65-79ce5869b679,Boxes,Mud Rings,"4-11/16"" Square Box 1-Gang Mud Ring - 1-1/2"" Raised",4-11/16SQ 1G MUD RING 1-1/2,"4-11/16"" / 1G / 1-1/2"" Raised",,,,,,Indoor,EA,"[""4-11/16\"" square box 1-gang mud ring - 1-1/2\"" raised"", ""4-11/16sq 1g mud ring 1-1/2"", ""boxes"", ""mud rings"", ""plaster ring"", ""anillo"", ""mud ring""]",true
5defb090-5703-50fa-abfc-48f1acadf9db,Boxes,Mud Rings,"4-11/16"" Square Box 1-Gang Mud Ring - 1-1/4"" Raised",4-11/16SQ 1G MUD RING 1-1/4,"4-11/16"" / 1G / 1-1/4"" Raised",,,,,,Indoor,EA,"[""4-11/16\"" square box 1-gang mud ring - 1-1/4\"" raised"", ""4-11/16sq 1g mud ring 1-1/4"", ""boxes"", ""mud rings"", ""plaster ring"", ""anillo"", ""mud ring""]",true
d9c5c221-afd1-5684-be9e-7a5bbe89e8df,Boxes,Mud Rings,"4-11/16"" Square Box 1-Gang Mud Ring - 1/2"" Raised",4-11/16SQ 1G MUD RING 1/2,"4-11/16"" / 1G / 1/2"" Raised",,,,,,Indoor,EA,"[""4-11/16\"" square box 1-gang mud ring - 1/2\"" raised"", ""4-11/16sq 1g mud ring 1/2"", ""boxes"", ""mud rings"", ""plaster ring"", ""anillo"", ""mud ring""]",true
a606ac51-d5db-5961-9682-5ff8e45a87da,Boxes,Mud Rings,"4-11/16"" Square Box 1-Gang Mud Ring - 1/4"" Raised",4-11/16SQ 1G MUD RING 1/4,"4-11/16"" / 1G / 1/4"" Raised",,,,,,Indoor,EA,"[""4-11/16\"" square box 1-gang mud ring - 1/4\"" raised"", ""4-11/16sq 1g mud ring 1/4"", ""boxes"", ""mud rings"", ""plaster ring"", ""anillo"", ""mud ring""]",true
e355f63e-6ecf-54c5-b958-7d3dcf681d51,Boxes,Mud Rings,"4-11/16"" Square Box 1-Gang Mud Ring - 3/4"" Raised",4-11/16SQ 1G MUD RING 3/4,"4-11/16"" / 1G / 3/4"" Raised",,,,,,Indoor,EA,"[""4-11/16\"" square box 1-gang mud ring - 3/4\"" raised"", ""4-11/16sq 1g mud ring 3/4"", ""boxes"", ""mud rings"", ""plaster ring"", ""anillo"", ""mud ring""]",true
04b760fd-6aea-59b6-8ddd-912f0a5445df,Boxes,Mud Rings,"4-11/16"" Square Box 1-Gang Mud Ring - 5/8"" Raised",4-11/16SQ 1G MUD RING 5/8,"4-11/16"" / 1G / 5/8"" Raised",,,,,,Indoor,EA,"[""4-11/16\"" square box 1-gang mud ring - 5/8\"" raised"", ""4-11/16sq 1g mud ring 5/8"", ""boxes"", ""mud rings"", ""plaster ring"", ""anillo"", ""mud ring""]",true
591cc025-a7a6-560f-92c8-aa229c86feb3,Boxes,Mud Rings,"4-11/16"" Square Box 1-Gang Mud Ring - Flat",4-11/16SQ 1G MUD RING Flat,"4-11/16"" / 1G / Flat",,,,,,Indoor,EA,"[""4-11/16\"" square box 1-gang mud ring - flat"", ""4-11/16sq 1g mud ring flat"", ""boxes"", ""mud rings"", ""plaster ring"", ""anillo"", ""mud ring""]",true
2b0a70b7-826a-5d47-bf68-4990e19f7744,Boxes,Mud Rings,"4-11/16"" Square Box 2-Gang Mud Ring - 1"" Raised",4-11/16SQ 2G MUD RING 1,"4-11/16"" / 2G / 1"" Raised",,,,,,Indoor,EA,"[""4-11/16\"" square box 2-gang mud ring - 1\"" raised"", ""4-11/16sq 2g mud ring 1"", ""boxes"", ""mud rings"", ""plaster ring"", ""anillo"", ""mud ring""]",true
6b86bb4d-0496-5105-986e-70ccef04f708,Boxes,Mud Rings,"4-11/16"" Square Box 2-Gang Mud Ring - 1-1/2"" Raised",4-11/16SQ 2G MUD RING 1-1/2,"4-11/16"" / 2G / 1-1/2"" Raised",,,,,,Indoor,EA,"[""4-11/16\"" square box 2-gang mud ring - 1-1/2\"" raised"", ""4-11/16sq 2g mud ring 1-1/2"", ""boxes"", ""mud rings"", ""plaster ring"", ""anillo"", ""mud ring""]",true
784a9dc3-da63-584a-b594-a1485fac6a28,Boxes,Mud Rings,"4-11/16"" Square Box 2-Gang Mud Ring - 1-1/4"" Raised",4-11/16SQ 2G MUD RING 1-1/4,"4-11/16"" / 2G / 1-1/4"" Raised",,,,,,Indoor,EA,"[""4-11/16\"" square box 2-gang mud ring - 1-1/4\"" raised"", ""4-11/16sq 2g mud ring 1-1/4"", ""boxes"", ""mud rings"", ""plaster ring"", ""anillo"", ""mud ring""]",true
a8c91602-d40c-5827-a697-2d1e46332c1e,Boxes,Mud Rings,"4-11/16"" Square Box 2-Gang Mud Ring - 1/2"" Raised",4-11/16SQ 2G MUD RING 1/2,"4-11/16"" / 2G / 1/2"" Raised",,,,,,Indoor,EA,"[""4-11/16\"" square box 2-gang mud ring - 1/2\"" raised"", ""4-11/16sq 2g mud ring 1/2"", ""boxes"", ""mud rings"", ""plaster ring"", ""anillo"", ""mud ring""]",true
f7ccadae-0bd4-5866-ae87-df9032629eba,Boxes,Mud Rings,"4-11/16"" Square Box 2-Gang Mud Ring - 1/4"" Raised",4-11/16SQ 2G MUD RING 1/4,"4-11/16"" / 2G / 1/4"" Raised",,,,,,Indoor,EA,"[""4-11/16\"" square box 2-gang mud ring - 1/4\"" raised"", ""4-11/16sq 2g mud ring 1/4"", ""boxes"", ""mud rings"", ""plaster ring"", ""anillo"", ""mud ring""]",true
e0db8989-475b-5c1e-8a00-042da5c30c0c,Boxes,Mud Rings,"4-11/16"" Square Box 2-Gang Mud Ring - 3/4"" Raised",4-11/16SQ 2G MUD RING 3/4,"4-11/16"" / 2G / 3/4"" Raised",,,,,,Indoor,EA,"[""4-11/16\"" square box 2-gang mud ring - 3/4\"" raised"", ""4-11/16sq 2g mud ring 3/4"", ""boxes"", ""mud rings"", ""plaster ring"", ""anillo"", ""mud ring""]",true
48b1673d-23b8-52f2-a310-fc51d1bde79d,Boxes,Mud Rings,"4-11/16"" Square Box 2-Gang Mud Ring - 5/8"" Raised",4-11/16SQ 2G MUD RING 5/8,"4-11/16"" / 2G / 5/8"" Raised",,,,,,Indoor,EA,"[""4-11/16\"" square box 2-gang mud ring - 5/8\"" raised"", ""4-11/16sq 2g mud ring 5/8"", ""boxes"", ""mud rings"", ""plaster ring"", ""anillo"", ""mud ring""]",true
a2f8dcdd-9b36-5610-9c45-622ffcbd873d,Boxes,Mud Rings,"4-11/16"" Square Box 2-Gang Mud Ring - Flat",4-11/16SQ 2G MUD RING Flat,"4-11/16"" / 2G / Flat",,,,,,Indoor,EA,"[""4-11/16\"" square box 2-gang mud ring - flat"", ""4-11/16sq 2g mud ring flat"", ""boxes"", ""mud rings"", ""plaster ring"", ""anillo"", ""mud ring""]",true
8d3564db-adf6-5979-b8c4-dede713225e5,Boxes,Square Steel Boxes,"4"" Square Steel Box - 1-1/2"" Deep - 1/2 and 3/4"" KO - Drawn",4SQ BOX 1-1/2D 1/2 and 3/4KO DRAWN,"4"" x 4"" x 1-1/2""",,,,,,Indoor,EA,"[""4\"" square steel box - 1-1/2\"" deep - 1/2 and 3/4\"" ko - drawn"", ""4sq box 1-1/2d 1/2 and 3/4ko drawn"", ""boxes"", ""square steel boxes"", ""caja cuadrada"", ""4sq""]",true
f16121a0-82ba-5b6e-a8e1-be92bade106c,Boxes,Square Steel Boxes,"4"" Square Steel Box - 1-1/2"" Deep - 1/2 and 3/4"" KO - Welded",4SQ BOX 1-1/2D 1/2 and 3/4KO WELDED,"4"" x 4"" x 1-1/2""",,,,,,Indoor,EA,"[""4\"" square steel box - 1-1/2\"" deep - 1/2 and 3/4\"" ko - welded"", ""4sq box 1-1/2d 1/2 and 3/4ko welded"", ""boxes"", ""square steel boxes"", ""caja cuadrada"", ""4sq""]",true
93e67b62-6cd5-57f8-bc18-55e309cd236f,Boxes,Square Steel Boxes,"4"" Square Steel Box - 1-1/2"" Deep - 1/2"" KO - Drawn",4SQ BOX 1-1/2D 1/2KO DRAWN,"4"" x 4"" x 1-1/2""",,,,,,Indoor,EA,"[""4\"" square steel box - 1-1/2\"" deep - 1/2\"" ko - drawn"", ""4sq box 1-1/2d 1/2ko drawn"", ""boxes"", ""square steel boxes"", ""caja cuadrada"", ""4sq""]",true
80a31429-a244-5c3c-a074-d13182af49fc,Boxes,Square Steel Boxes,"4"" Square Steel Box - 1-1/2"" Deep - 1/2"" KO - Welded",4SQ BOX 1-1/2D 1/2KO WELDED,"4"" x 4"" x 1-1/2""",,,,,,Indoor,EA,"[""4\"" square steel box - 1-1/2\"" deep - 1/2\"" ko - welded"", ""4sq box 1-1/2d 1/2ko welded"", ""boxes"", ""square steel boxes"", ""caja cuadrada"", ""4sq""]",true
e09d3fec-d403-52a1-a4db-a6ae541cf2ad,Boxes,Square Steel Boxes,"4"" Square Steel Box - 1-1/2"" Deep - 3/4"" KO - Drawn",4SQ BOX 1-1/2D 3/4KO DRAWN,"4"" x 4"" x 1-1/2""",,,,,,Indoor,EA,"[""4\"" square steel box - 1-1/2\"" deep - 3/4\"" ko - drawn"", ""4sq box 1-1/2d 3/4ko drawn"", ""boxes"", ""square steel boxes"", ""caja cuadrada"", ""4sq""]",true
1c89712d-800c-57ac-bb56-3671bbaa0931,Boxes,Square Steel Boxes,"4"" Square Steel Box - 1-1/2"" Deep - 3/4"" KO - Welded",4SQ BOX 1-1/2D 3/4KO WELDED,"4"" x 4"" x 1-1/2""",,,,,,Indoor,EA,"[""4\"" square steel box - 1-1/2\"" deep - 3/4\"" ko - welded"", ""4sq box 1-1/2d 3/4ko welded"", ""boxes"", ""square steel boxes"", ""caja cuadrada"", ""4sq""]",true
65e199a1-6d1e-5937-ae1b-ee6b833c0f56,Boxes,Square Steel Boxes,"4"" Square Steel Box - 2-1/8"" Deep - 1/2 and 3/4"" KO - Drawn",4SQ BOX 2-1/8D 1/2 and 3/4KO DRAWN,"4"" x 4"" x 2-1/8""",,,,,,Indoor,EA,"[""4\"" square steel box - 2-1/8\"" deep - 1/2 and 3/4\"" ko - drawn"", ""4sq box 2-1/8d 1/2 and 3/4ko drawn"", ""boxes"", ""square steel boxes"", ""caja cuadrada"", ""4sq""]",true
a9eedb59-cb97-582a-bf5e-fd3fd0f972b3,Boxes,Square Steel Boxes,"4"" Square Steel Box - 2-1/8"" Deep - 1/2 and 3/4"" KO - Welded",4SQ BOX 2-1/8D 1/2 and 3/4KO WELDED,"4"" x 4"" x 2-1/8""",,,,,,Indoor,EA,"[""4\"" square steel box - 2-1/8\"" deep - 1/2 and 3/4\"" ko - welded"", ""4sq box 2-1/8d 1/2 and 3/4ko welded"", ""boxes"", ""square steel boxes"", ""caja cuadrada"", ""4sq""]",true
ce565eae-a972-5926-8913-25d12ecc0b9a,Boxes,Square Steel Boxes,"4"" Square Steel Box - 2-1/8"" Deep - 1/2"" KO - Drawn",4SQ BOX 2-1/8D 1/2KO DRAWN,"4"" x 4"" x 2-1/8""",,,,,,Indoor,EA,"[""4\"" square steel box - 2-1/8\"" deep - 1/2\"" ko - drawn"", ""4sq box 2-1/8d 1/2ko drawn"", ""boxes"", ""square steel boxes"", ""caja cuadrada"", ""4sq""]",true
a9fb7982-95b2-5fc6-bd22-70e6289f74a5,Boxes,Square Steel Boxes,"4"" Square Steel Box - 2-1/8"" Deep - 1/2"" KO - Welded",4SQ BOX 2-1/8D 1/2KO WELDED,"4"" x 4"" x 2-1/8""",,,,,,Indoor,EA,"[""4\"" square steel box - 2-1/8\"" deep - 1/2\"" ko - welded"", ""4sq box 2-1/8d 1/2ko welded"", ""boxes"", ""square steel boxes"", ""caja cuadrada"", ""4sq""]",true
7412ffbd-a44c-5c87-9092-ec1be60692fe,Boxes,Square Steel Boxes,"4"" Square Steel Box - 2-1/8"" Deep - 3/4"" KO - Drawn",4SQ BOX 2-1/8D 3/4KO DRAWN,"4"" x 4"" x 2-1/8""",,,,,,Indoor,EA,"[""4\"" square steel box - 2-1/8\"" deep - 3/4\"" ko - drawn"", ""4sq box 2-1/8d 3/4ko drawn"", ""boxes"", ""square steel boxes"", ""caja cuadrada"", ""4sq""]",true
2d94dbe9-65ae-5155-9f2f-79b989d7f02f,Boxes,Square Steel Boxes,"4"" Square Steel Box - 2-1/8"" Deep - 3/4"" KO - Welded",4SQ BOX 2-1/8D 3/4KO WELDED,"4"" x 4"" x 2-1/8""",,,,,,Indoor,EA,"[""4\"" square steel box - 2-1/8\"" deep - 3/4\"" ko - welded"", ""4sq box 2-1/8d 3/4ko welded"", ""boxes"", ""square steel boxes"", ""caja cuadrada"", ""4sq""]",true
7ffd9140-544c-5aa8-9b39-e7bea29d7f51,Boxes,Square Steel Boxes,"4-11/16"" Square Steel Box - 1-1/2"" Deep - 1/2 and 3/4"" KO - Drawn",4-11/16SQ BOX 1-1/2D 1/2 and 3/4KO DRAWN,"4-11/16"" x 4-11/16"" x 1-1/2""",,,,,,Indoor,EA,"[""4-11/16\"" square steel box - 1-1/2\"" deep - 1/2 and 3/4\"" ko - drawn"", ""4-11/16sq box 1-1/2d 1/2 and 3/4ko drawn"", ""boxes"", ""square steel boxes"", ""caja cuadrada"", ""4-11/16 box""]",true
e2110c26-4478-51ab-931d-0db9b22d9882,Boxes,Square Steel Boxes,"4-11/16"" Square Steel Box - 1-1/2"" Deep - 1/2 and 3/4"" KO - Welded",4-11/16SQ BOX 1-1/2D 1/2 and 3/4KO WELDED,"4-11/16"" x 4-11/16"" x 1-1/2""",,,,,,Indoor,EA,"[""4-11/16\"" square steel box - 1-1/2\"" deep - 1/2 and 3/4\"" ko - welded"", ""4-11/16sq box 1-1/2d 1/2 and 3/4ko welded"", ""boxes"", ""square steel boxes"", ""caja cuadrada"", ""4-11/16 box""]",true
717ac961-6b41-5159-94eb-79006ee5fdf4,Boxes,Square Steel Boxes,"4-11/16"" Square Steel Box - 1-1/2"" Deep - 1/2"" KO - Drawn",4-11/16SQ BOX 1-1/2D 1/2KO DRAWN,"4-11/16"" x 4-11/16"" x 1-1/2""",,,,,,Indoor,EA,"[""4-11/16\"" square steel box - 1-1/2\"" deep - 1/2\"" ko - drawn"", ""4-11/16sq box 1-1/2d 1/2ko drawn"", ""boxes"", ""square steel boxes"", ""caja cuadrada"", ""4-11/16 box""]",true
b9b28dd6-5e7b-5185-9e53-4667a21acd8e,Boxes,Square Steel Boxes,"4-11/16"" Square Steel Box - 1-1/2"" Deep - 1/2"" KO - Welded",4-11/16SQ BOX 1-1/2D 1/2KO WELDED,"4-11/16"" x 4-11/16"" x 1-1/2""",,,,,,Indoor,EA,"[""4-11/16\"" square steel box - 1-1/2\"" deep - 1/2\"" ko - welded"", ""4-11/16sq box 1-1/2d 1/2ko welded"", ""boxes"", ""square steel boxes"", ""caja cuadrada"", ""4-11/16 box""]",true
291807db-59d3-5f3e-ba90-1a946b480aa8,Boxes,Square Steel Boxes,"4-11/16"" Square Steel Box - 1-1/2"" Deep - 3/4"" KO - Drawn",4-11/16SQ BOX 1-1/2D 3/4KO DRAWN,"4-11/16"" x 4-11/16"" x 1-1/2""",,,,,,Indoor,EA,"[""4-11/16\"" square steel box - 1-1/2\"" deep - 3/4\"" ko - drawn"", ""4-11/16sq box 1-1/2d 3/4ko drawn"", ""boxes"", ""square steel boxes"", ""caja cuadrada"", ""4-11/16 box""]",true
dfdc7d50-250b-588c-bb3d-9999de4f37be,Boxes,Square Steel Boxes,"4-11/16"" Square Steel Box - 1-1/2"" Deep - 3/4"" KO - Welded",4-11/16SQ BOX 1-1/2D 3/4KO WELDED,"4-11/16"" x 4-11/16"" x 1-1/2""",,,,,,Indoor,EA,"[""4-11/16\"" square steel box - 1-1/2\"" deep - 3/4\"" ko - welded"", ""4-11/16sq box 1-1/2d 3/4ko welded"", ""boxes"", ""square steel boxes"", ""caja cuadrada"", ""4-11/16 box""]",true
3ebcbaec-89f4-5994-9d28-6acff4da93e5,Boxes,Square Steel Boxes,"4-11/16"" Square Steel Box - 2-1/8"" Deep - 1/2 and 3/4"" KO - Drawn",4-11/16SQ BOX 2-1/8D 1/2 and 3/4KO DRAWN,"4-11/16"" x 4-11/16"" x 2-1/8""",,,,,,Indoor,EA,"[""4-11/16\"" square steel box - 2-1/8\"" deep - 1/2 and 3/4\"" ko - drawn"", ""4-11/16sq box 2-1/8d 1/2 and 3/4ko drawn"", ""boxes"", ""square steel boxes"", ""caja cuadrada"", ""4-11/16 box""]",true
338156ac-941d-5f6d-a491-b9fee7653ebf,Boxes,Square Steel Boxes,"4-11/16"" Square Steel Box - 2-1/8"" Deep - 1/2 and 3/4"" KO - Welded",4-11/16SQ BOX 2-1/8D 1/2 and 3/4KO WELDED,"4-11/16"" x 4-11/16"" x 2-1/8""",,,,,,Indoor,EA,"[""4-11/16\"" square steel box - 2-1/8\"" deep - 1/2 and 3/4\"" ko - welded"", ""4-11/16sq box 2-1/8d 1/2 and 3/4ko welded"", ""boxes"", ""square steel boxes"", ""caja cuadrada"", ""4-11/16 box""]",true
26b826da-caf4-587d-8a8e-cd5fb197399d,Boxes,Square Steel Boxes,"4-11/16"" Square Steel Box - 2-1/8"" Deep - 1/2"" KO - Drawn",4-11/16SQ BOX 2-1/8D 1/2KO DRAWN,"4-11/16"" x 4-11/16"" x 2-1/8""",,,,,,Indoor,EA,"[""4-11/16\"" square steel box - 2-1/8\"" deep - 1/2\"" ko - drawn"", ""4-11/16sq box 2-1/8d 1/2ko drawn"", ""boxes"", ""square steel boxes"", ""caja cuadrada"", ""4-11/16 box""]",true
9cb499c9-8e1c-54d2-b705-edf54afa013d,Boxes,Square Steel Boxes,"4-11/16"" Square Steel Box - 2-1/8"" Deep - 1/2"" KO - Welded",4-11/16SQ BOX 2-1/8D 1/2KO WELDED,"4-11/16"" x 4-11/16"" x 2-1/8""",,,,,,Indoor,EA,"[""4-11/16\"" square steel box - 2-1/8\"" deep - 1/2\"" ko - welded"", ""4-11/16sq box 2-1/8d 1/2ko welded"", ""boxes"", ""square steel boxes"", ""caja cuadrada"", ""4-11/16 box""]",true
357f305d-a24b-5ccd-8a95-e19816548079,Boxes,Square Steel Boxes,"4-11/16"" Square Steel Box - 2-1/8"" Deep - 3/4"" KO - Drawn",4-11/16SQ BOX 2-1/8D 3/4KO DRAWN,"4-11/16"" x 4-11/16"" x 2-1/8""",,,,,,Indoor,EA,"[""4-11/16\"" square steel box - 2-1/8\"" deep - 3/4\"" ko - drawn"", ""4-11/16sq box 2-1/8d 3/4ko drawn"", ""boxes"", ""square steel boxes"", ""caja cuadrada"", ""4-11/16 box""]",true
64a49102-281b-57ab-9712-64e8eb0f130b,Boxes,Square Steel Boxes,"4-11/16"" Square Steel Box - 2-1/8"" Deep - 3/4"" KO - Welded",4-11/16SQ BOX 2-1/8D 3/4KO WELDED,"4-11/16"" x 4-11/16"" x 2-1/8""",,,,,,Indoor,EA,"[""4-11/16\"" square steel box - 2-1/8\"" deep - 3/4\"" ko - welded"", ""4-11/16sq box 2-1/8d 3/4ko welded"", ""boxes"", ""square steel boxes"", ""caja cuadrada"", ""4-11/16 box""]",true
3274cdf1-c15a-5287-ad55-5a593f8d8858,Boxes,Steel Box Covers,"4"" Square Steel Box Blank Flat Cover",4SQ BLANK FLAT CVR,"4""",,,,,,Indoor,EA,"[""4\"" square steel box blank flat cover"", ""4sq blank flat cvr"", ""boxes"", ""steel box covers"", ""box cover"", ""tapa caja""]",true
a7f2e86d-bffe-5dcf-83f4-3156cd96a859,Boxes,Steel Box Covers,"4"" Square Steel Box Double Decorator Cover",4SQ DOUBLE DECORATOR CVR,"4""",,,,,,Indoor,EA,"[""4\"" square steel box double decorator cover"", ""4sq double decorator cvr"", ""boxes"", ""steel box covers"", ""box cover"", ""tapa caja""]",true
6bb576f1-9edf-597b-bd67-ca0ae0a258c7,Boxes,Steel Box Covers,"4"" Square Steel Box Double Duplex Cover",4SQ DOUBLE DUPLEX CVR,"4""",,,,,,Indoor,EA,"[""4\"" square steel box double duplex cover"", ""4sq double duplex cvr"", ""boxes"", ""steel box covers"", ""box cover"", ""tapa caja""]",true
9142a640-12f5-5b30-9693-28eac781704c,Boxes,Steel Box Covers,"4"" Square Steel Box Double Toggle Cover",4SQ DOUBLE TOGGLE CVR,"4""",,,,,,Indoor,EA,"[""4\"" square steel box double toggle cover"", ""4sq double toggle cvr"", ""boxes"", ""steel box covers"", ""box cover"", ""tapa caja""]",true
4bff884e-2818-52d9-abcd-8a68609c28e9,Boxes,Steel Box Covers,"4"" Square Steel Box Single Decorator Cover",4SQ SINGLE DECORATOR CVR,"4""",,,,,,Indoor,EA,"[""4\"" square steel box single decorator cover"", ""4sq single decorator cvr"", ""boxes"", ""steel box covers"", ""box cover"", ""tapa caja""]",true
f873d417-14da-5882-934b-7ecf25046133,Boxes,Steel Box Covers,"4"" Square Steel Box Single Duplex Cover",4SQ SINGLE DUPLEX CVR,"4""",,,,,,Indoor,EA,"[""4\"" square steel box single duplex cover"", ""4sq single duplex cvr"", ""boxes"", ""steel box covers"", ""box cover"", ""tapa caja""]",true
9b222ada-086b-53dc-af80-8d9a4150c2cf,Boxes,Steel Box Covers,"4"" Square Steel Box Single Toggle Cover",4SQ SINGLE TOGGLE CVR,"4""",,,,,,Indoor,EA,"[""4\"" square steel box single toggle cover"", ""4sq single toggle cvr"", ""boxes"", ""steel box covers"", ""box cover"", ""tapa caja""]",true
a05dc427-4b72-5456-9cdb-ee47b7911eb4,Boxes,Steel Box Covers,"4"" Square Steel Box Toggle and Decorator Cover",4SQ TOGGLE AND DECORATOR CVR,"4""",,,,,,Indoor,EA,"[""4\"" square steel box toggle and decorator cover"", ""4sq toggle and decorator cvr"", ""boxes"", ""steel box covers"", ""box cover"", ""tapa caja""]",true
293a5ec1-dd03-54c4-a7a7-1c743146d941,Boxes,Steel Box Covers,"4"" Square Steel Box Toggle and Duplex Cover",4SQ TOGGLE AND DUPLEX CVR,"4""",,,,,,Indoor,EA,"[""4\"" square steel box toggle and duplex cover"", ""4sq toggle and duplex cvr"", ""boxes"", ""steel box covers"", ""box cover"", ""tapa caja""]",true
bfa69808-3db0-540a-b447-7cd5f2ff5859,Boxes,Steel Box Covers,"4-11/16"" Square Steel Box Blank Flat Cover",4-11/16SQ BLANK FLAT CVR,"4-11/16""",,,,,,Indoor,EA,"[""4-11/16\"" square steel box blank flat cover"", ""4-11/16sq blank flat cvr"", ""boxes"", ""steel box covers"", ""box cover"", ""tapa caja""]",true
fdeb6a92-55f1-59a2-a318-9ba2c6a6fbf4,Boxes,Steel Box Covers,"4-11/16"" Square Steel Box Double Decorator Cover",4-11/16SQ DOUBLE DECORATOR CVR,"4-11/16""",,,,,,Indoor,EA,"[""4-11/16\"" square steel box double decorator cover"", ""4-11/16sq double decorator cvr"", ""boxes"", ""steel box covers"", ""box cover"", ""tapa caja""]",true
dbb8f02b-9039-56ad-b266-690a849cb0c7,Boxes,Steel Box Covers,"4-11/16"" Square Steel Box Double Duplex Cover",4-11/16SQ DOUBLE DUPLEX CVR,"4-11/16""",,,,,,Indoor,EA,"[""4-11/16\"" square steel box double duplex cover"", ""4-11/16sq double duplex cvr"", ""boxes"", ""steel box covers"", ""box cover"", ""tapa caja""]",true
16ccdb8f-d861-5e5c-9144-fe452d2d0e87,Boxes,Steel Box Covers,"4-11/16"" Square Steel Box Double Toggle Cover",4-11/16SQ DOUBLE TOGGLE CVR,"4-11/16""",,,,,,Indoor,EA,"[""4-11/16\"" square steel box double toggle cover"", ""4-11/16sq double toggle cvr"", ""boxes"", ""steel box covers"", ""box cover"", ""tapa caja""]",true
f0d8f8db-ee09-5c34-b212-63b1a3a16d9b,Boxes,Steel Box Covers,"4-11/16"" Square Steel Box Single Decorator Cover",4-11/16SQ SINGLE DECORATOR CVR,"4-11/16""",,,,,,Indoor,EA,"[""4-11/16\"" square steel box single decorator cover"", ""4-11/16sq single decorator cvr"", ""boxes"", ""steel box covers"", ""box cover"", ""tapa caja""]",true
b995eb11-d70c-5549-90b7-fd920b1f545a,Boxes,Steel Box Covers,"4-11/16"" Square Steel Box Single Duplex Cover",4-11/16SQ SINGLE DUPLEX CVR,"4-11/16""",,,,,,Indoor,EA,"[""4-11/16\"" square steel box single duplex cover"", ""4-11/16sq single duplex cvr"", ""boxes"", ""steel box covers"", ""box cover"", ""tapa caja""]",true
6b019830-ea31-5b11-aeac-fedd07f79b66,Boxes,Steel Box Covers,"4-11/16"" Square Steel Box Single Toggle Cover",4-11/16SQ SINGLE TOGGLE CVR,"4-11/16""",,,,,,Indoor,EA,"[""4-11/16\"" square steel box single toggle cover"", ""4-11/16sq single toggle cvr"", ""boxes"", ""steel box covers"", ""box cover"", ""tapa caja""]",true
32975e17-0576-5378-a4cc-5c2fb9d84971,Boxes,Steel Box Covers,"4-11/16"" Square Steel Box Toggle and Decorator Cover",4-11/16SQ TOGGLE AND DECORATOR CVR,"4-11/16""",,,,,,Indoor,EA,"[""4-11/16\"" square steel box toggle and decorator cover"", ""4-11/16sq toggle and decorator cvr"", ""boxes"", ""steel box covers"", ""box cover"", ""tapa caja""]",true
f8994404-4fc7-5082-9d82-4235eacc8738,Boxes,Steel Box Covers,"4-11/16"" Square Steel Box Toggle and Duplex Cover",4-11/16SQ TOGGLE AND DUPLEX CVR,"4-11/16""",,,,,,Indoor,EA,"[""4-11/16\"" square steel box toggle and duplex cover"", ""4-11/16sq toggle and duplex cvr"", ""boxes"", ""steel box covers"", ""box cover"", ""tapa caja""]",true
08d23259-01db-5eee-9046-1e348ccd5500,Boxes,Weatherproof Boxes,"1-Gang Weatherproof Aluminum Box - 1/2"" Hubs - 3 Outlets",1G WP BOX 1/2 HUB 3HOLE,"1G / 1/2"" hubs",,,,,,Outdoor,EA,"[""1-gang weatherproof aluminum box - 1/2\"" hubs - 3 outlets"", ""1g wp box 1/2 hub 3hole"", ""boxes"", ""weatherproof boxes"", ""bell box"", ""caja waterproof""]",true
b9c4b666-d320-51d2-a86a-6427b8cedc37,Boxes,Weatherproof Boxes,"1-Gang Weatherproof Aluminum Box - 1/2"" Hubs - 5 Outlets",1G WP BOX 1/2 HUB 5HOLE,"1G / 1/2"" hubs",,,,,,Outdoor,EA,"[""1-gang weatherproof aluminum box - 1/2\"" hubs - 5 outlets"", ""1g wp box 1/2 hub 5hole"", ""boxes"", ""weatherproof boxes"", ""bell box"", ""caja waterproof""]",true
420d6dc9-15f9-535d-9322-85fa0cb4dcbf,Boxes,Weatherproof Boxes,"1-Gang Weatherproof Aluminum Box - 3/4"" Hubs - 3 Outlets",1G WP BOX 3/4 HUB 3HOLE,"1G / 3/4"" hubs",,,,,,Outdoor,EA,"[""1-gang weatherproof aluminum box - 3/4\"" hubs - 3 outlets"", ""1g wp box 3/4 hub 3hole"", ""boxes"", ""weatherproof boxes"", ""bell box"", ""caja waterproof""]",true
a52f656c-2dca-55af-8fc7-941ee096abbe,Boxes,Weatherproof Boxes,"1-Gang Weatherproof Aluminum Box - 3/4"" Hubs - 5 Outlets",1G WP BOX 3/4 HUB 5HOLE,"1G / 3/4"" hubs",,,,,,Outdoor,EA,"[""1-gang weatherproof aluminum box - 3/4\"" hubs - 5 outlets"", ""1g wp box 3/4 hub 5hole"", ""boxes"", ""weatherproof boxes"", ""bell box"", ""caja waterproof""]",true
53a33190-8738-50fb-ad84-07404f0fad1e,Boxes,Weatherproof Boxes,"2-Gang Weatherproof Aluminum Box - 1/2"" Hubs - 3 Outlets",2G WP BOX 1/2 HUB 3HOLE,"2G / 1/2"" hubs",,,,,,Outdoor,EA,"[""2-gang weatherproof aluminum box - 1/2\"" hubs - 3 outlets"", ""2g wp box 1/2 hub 3hole"", ""boxes"", ""weatherproof boxes"", ""bell box"", ""caja waterproof""]",true
d14bf583-4c33-5dc3-ad8b-295beaec2d94,Boxes,Weatherproof Boxes,"2-Gang Weatherproof Aluminum Box - 1/2"" Hubs - 5 Outlets",2G WP BOX 1/2 HUB 5HOLE,"2G / 1/2"" hubs",,,,,,Outdoor,EA,"[""2-gang weatherproof aluminum box - 1/2\"" hubs - 5 outlets"", ""2g wp box 1/2 hub 5hole"", ""boxes"", ""weatherproof boxes"", ""bell box"", ""caja waterproof""]",true
e0e066de-cada-574a-a4cb-e8c57da02ab0,Boxes,Weatherproof Boxes,"2-Gang Weatherproof Aluminum Box - 3/4"" Hubs - 3 Outlets",2G WP BOX 3/4 HUB 3HOLE,"2G / 3/4"" hubs",,,,,,Outdoor,EA,"[""2-gang weatherproof aluminum box - 3/4\"" hubs - 3 outlets"", ""2g wp box 3/4 hub 3hole"", ""boxes"", ""weatherproof boxes"", ""bell box"", ""caja waterproof""]",true
4bc581aa-b768-5918-89b2-68cb68eb8d8e,Boxes,Weatherproof Boxes,"2-Gang Weatherproof Aluminum Box - 3/4"" Hubs - 5 Outlets",2G WP BOX 3/4 HUB 5HOLE,"2G / 3/4"" hubs",,,,,,Outdoor,EA,"[""2-gang weatherproof aluminum box - 3/4\"" hubs - 5 outlets"", ""2g wp box 3/4 hub 5hole"", ""boxes"", ""weatherproof boxes"", ""bell box"", ""caja waterproof""]",true
dc737a85-ba69-5129-beae-d9fb5adfcfd4,Boxes,Weatherproof Covers,1-Gang Weatherproof Blank Cover - Bronze,1G WP BLANK CVR BRZ,1G,Bronze,,,,,Outdoor,EA,"[""1-gang weatherproof blank cover - bronze"", ""1g wp blank cvr brz"", ""boxes"", ""weatherproof covers"", ""weatherproof cover"", ""tapa exterior""]",true
bf733c9c-6452-5a0c-a95f-e231637a48de,Boxes,Weatherproof Covers,1-Gang Weatherproof Blank Cover - Gray,1G WP BLANK CVR GRY,1G,Gray,,,,,Outdoor,EA,"[""1-gang weatherproof blank cover - gray"", ""1g wp blank cvr gry"", ""boxes"", ""weatherproof covers"", ""weatherproof cover"", ""tapa exterior""]",true
77a231ef-e888-5fa9-9e31-a27b81dbcac9,Boxes,Weatherproof Covers,1-Gang Weatherproof Blank Cover - White,1G WP BLANK CVR WHT,1G,White,,,,,Outdoor,EA,"[""1-gang weatherproof blank cover - white"", ""1g wp blank cvr wht"", ""boxes"", ""weatherproof covers"", ""weatherproof cover"", ""tapa exterior""]",true
7267f7ea-2aba-5b76-8fde-625d7cd0e4bf,Boxes,Weatherproof Covers,1-Gang Weatherproof Decorator Cover - Bronze,1G WP DECORATOR CVR BRZ,1G,Bronze,,,,,Outdoor,EA,"[""1-gang weatherproof decorator cover - bronze"", ""1g wp decorator cvr brz"", ""boxes"", ""weatherproof covers"", ""weatherproof cover"", ""tapa exterior""]",true
97b67359-5088-5029-a137-262c49a52dcd,Boxes,Weatherproof Covers,1-Gang Weatherproof Decorator Cover - Gray,1G WP DECORATOR CVR GRY,1G,Gray,,,,,Outdoor,EA,"[""1-gang weatherproof decorator cover - gray"", ""1g wp decorator cvr gry"", ""boxes"", ""weatherproof covers"", ""weatherproof cover"", ""tapa exterior""]",true
ecde9417-1390-5d5e-b131-ce5521dcd242,Boxes,Weatherproof Covers,1-Gang Weatherproof Decorator Cover - White,1G WP DECORATOR CVR WHT,1G,White,,,,,Outdoor,EA,"[""1-gang weatherproof decorator cover - white"", ""1g wp decorator cvr wht"", ""boxes"", ""weatherproof covers"", ""weatherproof cover"", ""tapa exterior""]",true
e19af707-663b-58f5-9960-ad4aca42b852,Boxes,Weatherproof Covers,1-Gang Weatherproof Duplex Cover - Bronze,1G WP DUPLEX CVR BRZ,1G,Bronze,,,,,Outdoor,EA,"[""1-gang weatherproof duplex cover - bronze"", ""1g wp duplex cvr brz"", ""boxes"", ""weatherproof covers"", ""weatherproof cover"", ""tapa exterior""]",true
d0a8692a-c647-587c-9cbc-96f7f931f89f,Boxes,Weatherproof Covers,1-Gang Weatherproof Duplex Cover - Gray,1G WP DUPLEX CVR GRY,1G,Gray,,,,,Outdoor,EA,"[""1-gang weatherproof duplex cover - gray"", ""1g wp duplex cvr gry"", ""boxes"", ""weatherproof covers"", ""weatherproof cover"", ""tapa exterior""]",true
d742baf0-2fbf-5258-b50c-4b55acccb6ef,Boxes,Weatherproof Covers,1-Gang Weatherproof Duplex Cover - White,1G WP DUPLEX CVR WHT,1G,White,,,,,Outdoor,EA,"[""1-gang weatherproof duplex cover - white"", ""1g wp duplex cvr wht"", ""boxes"", ""weatherproof covers"", ""weatherproof cover"", ""tapa exterior""]",true
1d3877d2-3a67-5e1a-acdf-d369f0cb8d03,Boxes,Weatherproof Covers,1-Gang Weatherproof Extra-Duty In-Use Horizontal Cover - Bronze,1G WP EXTRA-DUTY IN-USE HORIZONTAL CVR BRZ,1G,Bronze,,,,,Outdoor,EA,"[""1-gang weatherproof extra-duty in-use horizontal cover - bronze"", ""1g wp extra-duty in-use horizontal cvr brz"", ""boxes"", ""weatherproof covers"", ""bubble cover"", ""tapa exterior""]",true
565c5e5f-782f-539f-8393-5e2a14d341a2,Boxes,Weatherproof Covers,1-Gang Weatherproof Extra-Duty In-Use Horizontal Cover - Gray,1G WP EXTRA-DUTY IN-USE HORIZONTAL CVR GRY,1G,Gray,,,,,Outdoor,EA,"[""1-gang weatherproof extra-duty in-use horizontal cover - gray"", ""1g wp extra-duty in-use horizontal cvr gry"", ""boxes"", ""weatherproof covers"", ""bubble cover"", ""tapa exterior""]",true
a70b502c-a42e-5092-b29b-40ff1489e4b5,Boxes,Weatherproof Covers,1-Gang Weatherproof Extra-Duty In-Use Horizontal Cover - White,1G WP EXTRA-DUTY IN-USE HORIZONTAL CVR WHT,1G,White,,,,,Outdoor,EA,"[""1-gang weatherproof extra-duty in-use horizontal cover - white"", ""1g wp extra-duty in-use horizontal cvr wht"", ""boxes"", ""weatherproof covers"", ""bubble cover"", ""tapa exterior""]",true
2989f650-1cae-5637-9604-f31e5045cb26,Boxes,Weatherproof Covers,1-Gang Weatherproof Extra-Duty In-Use Vertical Cover - Bronze,1G WP EXTRA-DUTY IN-USE VERTICAL CVR BRZ,1G,Bronze,,,,,Outdoor,EA,"[""1-gang weatherproof extra-duty in-use vertical cover - bronze"", ""1g wp extra-duty in-use vertical cvr brz"", ""boxes"", ""weatherproof covers"", ""bubble cover"", ""tapa exterior""]",true
3f7ae559-4167-5271-8d52-7460e3bcfcb6,Boxes,Weatherproof Covers,1-Gang Weatherproof Extra-Duty In-Use Vertical Cover - Gray,1G WP EXTRA-DUTY IN-USE VERTICAL CVR GRY,1G,Gray,,,,,Outdoor,EA,"[""1-gang weatherproof extra-duty in-use vertical cover - gray"", ""1g wp extra-duty in-use vertical cvr gry"", ""boxes"", ""weatherproof covers"", ""bubble cover"", ""tapa exterior""]",true
cdddcf5c-f7ac-5346-8616-623586b7bb9c,Boxes,Weatherproof Covers,1-Gang Weatherproof Extra-Duty In-Use Vertical Cover - White,1G WP EXTRA-DUTY IN-USE VERTICAL CVR WHT,1G,White,,,,,Outdoor,EA,"[""1-gang weatherproof extra-duty in-use vertical cover - white"", ""1g wp extra-duty in-use vertical cvr wht"", ""boxes"", ""weatherproof covers"", ""bubble cover"", ""tapa exterior""]",true
7f45b00d-2b0a-585e-a83a-734a35ad3725,Boxes,Weatherproof Covers,1-Gang Weatherproof Toggle Cover - Bronze,1G WP TOGGLE CVR BRZ,1G,Bronze,,,,,Outdoor,EA,"[""1-gang weatherproof toggle cover - bronze"", ""1g wp toggle cvr brz"", ""boxes"", ""weatherproof covers"", ""weatherproof cover"", ""tapa exterior""]",true
3b2ced78-e185-5c53-9a4d-658d1490ab0a,Boxes,Weatherproof Covers,1-Gang Weatherproof Toggle Cover - Gray,1G WP TOGGLE CVR GRY,1G,Gray,,,,,Outdoor,EA,"[""1-gang weatherproof toggle cover - gray"", ""1g wp toggle cvr gry"", ""boxes"", ""weatherproof covers"", ""weatherproof cover"", ""tapa exterior""]",true
bb7459bd-0f71-5090-8586-3fa3d3ab8cd4,Boxes,Weatherproof Covers,1-Gang Weatherproof Toggle Cover - White,1G WP TOGGLE CVR WHT,1G,White,,,,,Outdoor,EA,"[""1-gang weatherproof toggle cover - white"", ""1g wp toggle cvr wht"", ""boxes"", ""weatherproof covers"", ""weatherproof cover"", ""tapa exterior""]",true
89f3cf9d-9671-55d4-9b31-00c6c1c4d2df,Boxes,Weatherproof Covers,2-Gang Weatherproof Blank Cover - Bronze,2G WP BLANK CVR BRZ,2G,Bronze,,,,,Outdoor,EA,"[""2-gang weatherproof blank cover - bronze"", ""2g wp blank cvr brz"", ""boxes"", ""weatherproof covers"", ""weatherproof cover"", ""tapa exterior""]",true
794f0c9a-ba21-5abc-82a3-da5b913e892f,Boxes,Weatherproof Covers,2-Gang Weatherproof Blank Cover - Gray,2G WP BLANK CVR GRY,2G,Gray,,,,,Outdoor,EA,"[""2-gang weatherproof blank cover - gray"", ""2g wp blank cvr gry"", ""boxes"", ""weatherproof covers"", ""weatherproof cover"", ""tapa exterior""]",true
7532c761-a89a-5b50-968a-66acaf9d5bd4,Boxes,Weatherproof Covers,2-Gang Weatherproof Blank Cover - White,2G WP BLANK CVR WHT,2G,White,,,,,Outdoor,EA,"[""2-gang weatherproof blank cover - white"", ""2g wp blank cvr wht"", ""boxes"", ""weatherproof covers"", ""weatherproof cover"", ""tapa exterior""]",true
ab9bec2a-1861-529e-b23b-9ec96ea7ca94,Boxes,Weatherproof Covers,2-Gang Weatherproof Decorator Cover - Bronze,2G WP DECORATOR CVR BRZ,2G,Bronze,,,,,Outdoor,EA,"[""2-gang weatherproof decorator cover - bronze"", ""2g wp decorator cvr brz"", ""boxes"", ""weatherproof covers"", ""weatherproof cover"", ""tapa exterior""]",true
af47adc1-c11a-5344-9016-b927c54b1423,Boxes,Weatherproof Covers,2-Gang Weatherproof Decorator Cover - Gray,2G WP DECORATOR CVR GRY,2G,Gray,,,,,Outdoor,EA,"[""2-gang weatherproof decorator cover - gray"", ""2g wp decorator cvr gry"", ""boxes"", ""weatherproof covers"", ""weatherproof cover"", ""tapa exterior""]",true
7afac1bf-9a7f-5e29-84ce-a71f8e867f27,Boxes,Weatherproof Covers,2-Gang Weatherproof Decorator Cover - White,2G WP DECORATOR CVR WHT,2G,White,,,,,Outdoor,EA,"[""2-gang weatherproof decorator cover - white"", ""2g wp decorator cvr wht"", ""boxes"", ""weatherproof covers"", ""weatherproof cover"", ""tapa exterior""]",true
965dc952-e838-50dc-a3e5-32c818adc88c,Boxes,Weatherproof Covers,2-Gang Weatherproof Duplex Cover - Bronze,2G WP DUPLEX CVR BRZ,2G,Bronze,,,,,Outdoor,EA,"[""2-gang weatherproof duplex cover - bronze"", ""2g wp duplex cvr brz"", ""boxes"", ""weatherproof covers"", ""weatherproof cover"", ""tapa exterior""]",true
c4a9d993-9965-5b9f-9feb-d1907f8a3e52,Boxes,Weatherproof Covers,2-Gang Weatherproof Duplex Cover - Gray,2G WP DUPLEX CVR GRY,2G,Gray,,,,,Outdoor,EA,"[""2-gang weatherproof duplex cover - gray"", ""2g wp duplex cvr gry"", ""boxes"", ""weatherproof covers"", ""weatherproof cover"", ""tapa exterior""]",true
c8981ff0-5c74-549a-b8f7-d68637e02f92,Boxes,Weatherproof Covers,2-Gang Weatherproof Duplex Cover - White,2G WP DUPLEX CVR WHT,2G,White,,,,,Outdoor,EA,"[""2-gang weatherproof duplex cover - white"", ""2g wp duplex cvr wht"", ""boxes"", ""weatherproof covers"", ""weatherproof cover"", ""tapa exterior""]",true
ddf6e82c-64f7-5f03-90ce-5fcc0eabb9a2,Boxes,Weatherproof Covers,2-Gang Weatherproof Extra-Duty In-Use Horizontal Cover - Bronze,2G WP EXTRA-DUTY IN-USE HORIZONTAL CVR BRZ,2G,Bronze,,,,,Outdoor,EA,"[""2-gang weatherproof extra-duty in-use horizontal cover - bronze"", ""2g wp extra-duty in-use horizontal cvr brz"", ""boxes"", ""weatherproof covers"", ""bubble cover"", ""tapa exterior""]",true
0dce1c44-eb83-58cf-b1e1-d4f6cec83daa,Boxes,Weatherproof Covers,2-Gang Weatherproof Extra-Duty In-Use Horizontal Cover - Gray,2G WP EXTRA-DUTY IN-USE HORIZONTAL CVR GRY,2G,Gray,,,,,Outdoor,EA,"[""2-gang weatherproof extra-duty in-use horizontal cover - gray"", ""2g wp extra-duty in-use horizontal cvr gry"", ""boxes"", ""weatherproof covers"", ""bubble cover"", ""tapa exterior""]",true
d9c5c3dc-ff94-5146-820b-904c75516304,Boxes,Weatherproof Covers,2-Gang Weatherproof Extra-Duty In-Use Horizontal Cover - White,2G WP EXTRA-DUTY IN-USE HORIZONTAL CVR WHT,2G,White,,,,,Outdoor,EA,"[""2-gang weatherproof extra-duty in-use horizontal cover - white"", ""2g wp extra-duty in-use horizontal cvr wht"", ""boxes"", ""weatherproof covers"", ""bubble cover"", ""tapa exterior""]",true
e3e2a340-f33d-5d14-8a76-92277ea2a434,Boxes,Weatherproof Covers,2-Gang Weatherproof Extra-Duty In-Use Vertical Cover - Bronze,2G WP EXTRA-DUTY IN-USE VERTICAL CVR BRZ,2G,Bronze,,,,,Outdoor,EA,"[""2-gang weatherproof extra-duty in-use vertical cover - bronze"", ""2g wp extra-duty in-use vertical cvr brz"", ""boxes"", ""weatherproof covers"", ""bubble cover"", ""tapa exterior""]",true
bb07f362-7bd0-5ef3-a845-66dc044bc0b2,Boxes,Weatherproof Covers,2-Gang Weatherproof Extra-Duty In-Use Vertical Cover - Gray,2G WP EXTRA-DUTY IN-USE VERTICAL CVR GRY,2G,Gray,,,,,Outdoor,EA,"[""2-gang weatherproof extra-duty in-use vertical cover - gray"", ""2g wp extra-duty in-use vertical cvr gry"", ""boxes"", ""weatherproof covers"", ""bubble cover"", ""tapa exterior""]",true
a138a44d-e3b2-52fb-8b46-081d23a3c39c,Boxes,Weatherproof Covers,2-Gang Weatherproof Extra-Duty In-Use Vertical Cover - White,2G WP EXTRA-DUTY IN-USE VERTICAL CVR WHT,2G,White,,,,,Outdoor,EA,"[""2-gang weatherproof extra-duty in-use vertical cover - white"", ""2g wp extra-duty in-use vertical cvr wht"", ""boxes"", ""weatherproof covers"", ""bubble cover"", ""tapa exterior""]",true
41ddae49-60c9-5a0e-b666-0a2accb91b3b,Boxes,Weatherproof Covers,2-Gang Weatherproof Toggle Cover - Bronze,2G WP TOGGLE CVR BRZ,2G,Bronze,,,,,Outdoor,EA,"[""2-gang weatherproof toggle cover - bronze"", ""2g wp toggle cvr brz"", ""boxes"", ""weatherproof covers"", ""weatherproof cover"", ""tapa exterior""]",true
2f9e16b5-8444-5ce3-b1c5-3dbd2e7614ae,Boxes,Weatherproof Covers,2-Gang Weatherproof Toggle Cover - Gray,2G WP TOGGLE CVR GRY,2G,Gray,,,,,Outdoor,EA,"[""2-gang weatherproof toggle cover - gray"", ""2g wp toggle cvr gry"", ""boxes"", ""weatherproof covers"", ""weatherproof cover"", ""tapa exterior""]",true
72ff4c38-7a80-5599-91a0-879b3d9d78bb,Boxes,Weatherproof Covers,2-Gang Weatherproof Toggle Cover - White,2G WP TOGGLE CVR WHT,2G,White,,,,,Outdoor,EA,"[""2-gang weatherproof toggle cover - white"", ""2g wp toggle cvr wht"", ""boxes"", ""weatherproof covers"", ""weatherproof cover"", ""tapa exterior""]",true
0de365ab-2f00-55ca-96a4-062691c9b40a,Conduit,EMT,"1"" EMT Conduit - 10 FT",1 EMT 10FT,"1""",,,,,,,EA,"[""1\"" emt conduit - 10 ft"", ""1 emt 10ft"", ""conduit"", ""emt"", ""tubo"", ""1 conduit"", ""emt 1""]",true
8d8cc5e7-ea1e-55ea-a481-ff5262cd6fe3,Conduit,EMT,"1-1/2"" EMT Conduit - 10 FT",1-1/2 EMT 10FT,"1-1/2""",,,,,,,EA,"[""1-1/2\"" emt conduit - 10 ft"", ""1-1/2 emt 10ft"", ""conduit"", ""emt"", ""tubo"", ""1-1/2 conduit"", ""emt 1-1/2""]",true
4684b44d-7713-5941-9285-5e02ffab273a,Conduit,EMT,"1-1/4"" EMT Conduit - 10 FT",1-1/4 EMT 10FT,"1-1/4""",,,,,,,EA,"[""1-1/4\"" emt conduit - 10 ft"", ""1-1/4 emt 10ft"", ""conduit"", ""emt"", ""tubo"", ""1-1/4 conduit"", ""emt 1-1/4""]",true
2dede96a-d5ed-5c65-abaf-8e1fad9d46db,Conduit,EMT,"1/2"" EMT Conduit - 10 FT",1/2 EMT 10FT,"1/2""",,,,,,,EA,"[""1/2\"" emt conduit - 10 ft"", ""1/2 emt 10ft"", ""conduit"", ""emt"", ""tubo"", ""1/2 conduit"", ""emt 1/2""]",true
9df9676c-5fa4-5741-9c9c-a33e3170bb3b,Conduit,EMT,"2"" EMT Conduit - 10 FT",2 EMT 10FT,"2""",,,,,,,EA,"[""2\"" emt conduit - 10 ft"", ""2 emt 10ft"", ""conduit"", ""emt"", ""tubo"", ""2 conduit"", ""emt 2""]",true
1c42a562-3b8c-52b1-b067-ac0316d01c87,Conduit,EMT,"2-1/2"" EMT Conduit - 10 FT",2-1/2 EMT 10FT,"2-1/2""",,,,,,,EA,"[""2-1/2\"" emt conduit - 10 ft"", ""2-1/2 emt 10ft"", ""conduit"", ""emt"", ""tubo"", ""2-1/2 conduit"", ""emt 2-1/2""]",true
20135a48-f63d-514c-8268-031b0103927e,Conduit,EMT,"3"" EMT Conduit - 10 FT",3 EMT 10FT,"3""",,,,,,,EA,"[""3\"" emt conduit - 10 ft"", ""3 emt 10ft"", ""conduit"", ""emt"", ""tubo"", ""3 conduit"", ""emt 3""]",true
a37003b6-b641-52dc-a677-8fe58a5968ff,Conduit,EMT,"3-1/2"" EMT Conduit - 10 FT",3-1/2 EMT 10FT,"3-1/2""",,,,,,,EA,"[""3-1/2\"" emt conduit - 10 ft"", ""3-1/2 emt 10ft"", ""conduit"", ""emt"", ""tubo"", ""3-1/2 conduit"", ""emt 3-1/2""]",true
5e571c7d-627c-5d44-87ef-4dc48f72c61a,Conduit,EMT,"3/4"" EMT Conduit - 10 FT",3/4 EMT 10FT,"3/4""",,,,,,,EA,"[""3/4\"" emt conduit - 10 ft"", ""3/4 emt 10ft"", ""conduit"", ""emt"", ""tubo"", ""3/4 conduit"", ""emt 3/4""]",true
0917566b-5f66-5bf8-b4d9-390a33910b11,Conduit,EMT,"4"" EMT Conduit - 10 FT",4 EMT 10FT,"4""",,,,,,,EA,"[""4\"" emt conduit - 10 ft"", ""4 emt 10ft"", ""conduit"", ""emt"", ""tubo"", ""4 conduit"", ""emt 4""]",true
2141f02e-d91d-5109-b49f-1439a7eb980c,Conduit,FMC Steel,"1"" FMC Steel Flexible Conduit",1 FMC STEEL,"1""",,,,,,,FT,"[""1\"" fmc steel flexible conduit"", ""1 fmc steel"", ""conduit"", ""fmc steel"", ""flex"", ""tubo flexible"", ""flex conduit""]",true
44bdb40a-371a-5a9b-a541-6a50857a6c11,Conduit,FMC Steel,"1-1/2"" FMC Steel Flexible Conduit",1-1/2 FMC STEEL,"1-1/2""",,,,,,,FT,"[""1-1/2\"" fmc steel flexible conduit"", ""1-1/2 fmc steel"", ""conduit"", ""fmc steel"", ""flex"", ""tubo flexible"", ""flex conduit""]",true
26e0ed3e-a0d8-549e-ae7a-dd5057ef57b4,Conduit,FMC Steel,"1-1/4"" FMC Steel Flexible Conduit",1-1/4 FMC STEEL,"1-1/4""",,,,,,,FT,"[""1-1/4\"" fmc steel flexible conduit"", ""1-1/4 fmc steel"", ""conduit"", ""fmc steel"", ""flex"", ""tubo flexible"", ""flex conduit""]",true
35f482ac-7f15-5bcc-8ac8-d1dd7e3d8949,Conduit,FMC Steel,"1/2"" FMC Steel Flexible Conduit",1/2 FMC STEEL,"1/2""",,,,,,,FT,"[""1/2\"" fmc steel flexible conduit"", ""1/2 fmc steel"", ""conduit"", ""fmc steel"", ""flex"", ""tubo flexible"", ""flex conduit""]",true
4a64048d-0cd7-5ec0-be3c-15d5db7948a1,Conduit,FMC Steel,"2"" FMC Steel Flexible Conduit",2 FMC STEEL,"2""",,,,,,,FT,"[""2\"" fmc steel flexible conduit"", ""2 fmc steel"", ""conduit"", ""fmc steel"", ""flex"", ""tubo flexible"", ""flex conduit""]",true
4099bd7a-3c25-51cf-a8f7-a94cea2495a5,Conduit,FMC Steel,"2-1/2"" FMC Steel Flexible Conduit",2-1/2 FMC STEEL,"2-1/2""",,,,,,,FT,"[""2-1/2\"" fmc steel flexible conduit"", ""2-1/2 fmc steel"", ""conduit"", ""fmc steel"", ""flex"", ""tubo flexible"", ""flex conduit""]",true
9bf7d45c-9626-5dc4-bb7e-4c0d52c80db2,Conduit,FMC Steel,"3"" FMC Steel Flexible Conduit",3 FMC STEEL,"3""",,,,,,,FT,"[""3\"" fmc steel flexible conduit"", ""3 fmc steel"", ""conduit"", ""fmc steel"", ""flex"", ""tubo flexible"", ""flex conduit""]",true
e95571b5-dbab-5410-b9e6-2fb88f41720e,Conduit,FMC Steel,"3/4"" FMC Steel Flexible Conduit",3/4 FMC STEEL,"3/4""",,,,,,,FT,"[""3/4\"" fmc steel flexible conduit"", ""3/4 fmc steel"", ""conduit"", ""fmc steel"", ""flex"", ""tubo flexible"", ""flex conduit""]",true
0d2cfd60-2e98-5075-9478-b9a2145471be,Conduit,IMC,"1"" IMC Conduit - 10 FT",1 IMC 10FT,"1""",,,,,,,EA,"[""1\"" imc conduit - 10 ft"", ""1 imc 10ft"", ""conduit"", ""imc"", ""tubo"", ""1 conduit"", ""imc 1""]",true
49d00804-2b72-539a-b5fc-fd44eb556c6f,Conduit,IMC,"1-1/2"" IMC Conduit - 10 FT",1-1/2 IMC 10FT,"1-1/2""",,,,,,,EA,"[""1-1/2\"" imc conduit - 10 ft"", ""1-1/2 imc 10ft"", ""conduit"", ""imc"", ""tubo"", ""1-1/2 conduit"", ""imc 1-1/2""]",true
43b70713-63f5-5c45-916a-a25933537208,Conduit,IMC,"1-1/4"" IMC Conduit - 10 FT",1-1/4 IMC 10FT,"1-1/4""",,,,,,,EA,"[""1-1/4\"" imc conduit - 10 ft"", ""1-1/4 imc 10ft"", ""conduit"", ""imc"", ""tubo"", ""1-1/4 conduit"", ""imc 1-1/4""]",true
b38bc444-845c-54c2-9719-fe1240edea5e,Conduit,IMC,"1/2"" IMC Conduit - 10 FT",1/2 IMC 10FT,"1/2""",,,,,,,EA,"[""1/2\"" imc conduit - 10 ft"", ""1/2 imc 10ft"", ""conduit"", ""imc"", ""tubo"", ""1/2 conduit"", ""imc 1/2""]",true
4da63690-3553-5316-ac74-c4da3b091d9b,Conduit,IMC,"2"" IMC Conduit - 10 FT",2 IMC 10FT,"2""",,,,,,,EA,"[""2\"" imc conduit - 10 ft"", ""2 imc 10ft"", ""conduit"", ""imc"", ""tubo"", ""2 conduit"", ""imc 2""]",true
c9f43b5c-f787-55b0-89cc-a821189ff60d,Conduit,IMC,"2-1/2"" IMC Conduit - 10 FT",2-1/2 IMC 10FT,"2-1/2""",,,,,,,EA,"[""2-1/2\"" imc conduit - 10 ft"", ""2-1/2 imc 10ft"", ""conduit"", ""imc"", ""tubo"", ""2-1/2 conduit"", ""imc 2-1/2""]",true
41e0cef7-c010-5a41-807e-01772e0fcc1f,Conduit,IMC,"3"" IMC Conduit - 10 FT",3 IMC 10FT,"3""",,,,,,,EA,"[""3\"" imc conduit - 10 ft"", ""3 imc 10ft"", ""conduit"", ""imc"", ""tubo"", ""3 conduit"", ""imc 3""]",true
e38c07bd-6032-5b41-9428-96b2f433db76,Conduit,IMC,"3-1/2"" IMC Conduit - 10 FT",3-1/2 IMC 10FT,"3-1/2""",,,,,,,EA,"[""3-1/2\"" imc conduit - 10 ft"", ""3-1/2 imc 10ft"", ""conduit"", ""imc"", ""tubo"", ""3-1/2 conduit"", ""imc 3-1/2""]",true
a8866bda-3285-58ca-a704-f5dd9df050ae,Conduit,IMC,"3/4"" IMC Conduit - 10 FT",3/4 IMC 10FT,"3/4""",,,,,,,EA,"[""3/4\"" imc conduit - 10 ft"", ""3/4 imc 10ft"", ""conduit"", ""imc"", ""tubo"", ""3/4 conduit"", ""imc 3/4""]",true
565dd19b-4ee5-5141-9d29-1fe1a5cdc806,Conduit,IMC,"4"" IMC Conduit - 10 FT",4 IMC 10FT,"4""",,,,,,,EA,"[""4\"" imc conduit - 10 ft"", ""4 imc 10ft"", ""conduit"", ""imc"", ""tubo"", ""4 conduit"", ""imc 4""]",true
7fd14546-3d55-5ac7-8f14-276e01796fb5,Conduit,LFMC Liquidtight,"1"" LFMC Liquidtight Flexible Conduit",1 LFMC LIQUIDTIGHT,"1""",,,,,,,FT,"[""1\"" lfmc liquidtight flexible conduit"", ""1 lfmc liquidtight"", ""conduit"", ""lfmc liquidtight"", ""flex"", ""tubo flexible"", ""sealtight""]",true
f4ee87d2-ba6e-563e-b4f7-4932c0780dc7,Conduit,LFMC Liquidtight,"1-1/2"" LFMC Liquidtight Flexible Conduit",1-1/2 LFMC LIQUIDTIGHT,"1-1/2""",,,,,,,FT,"[""1-1/2\"" lfmc liquidtight flexible conduit"", ""1-1/2 lfmc liquidtight"", ""conduit"", ""lfmc liquidtight"", ""flex"", ""tubo flexible"", ""sealtight""]",true
c42a7900-be54-5d0b-af40-ba90b7bc794d,Conduit,LFMC Liquidtight,"1-1/4"" LFMC Liquidtight Flexible Conduit",1-1/4 LFMC LIQUIDTIGHT,"1-1/4""",,,,,,,FT,"[""1-1/4\"" lfmc liquidtight flexible conduit"", ""1-1/4 lfmc liquidtight"", ""conduit"", ""lfmc liquidtight"", ""flex"", ""tubo flexible"", ""sealtight""]",true
3b5fdab3-4a7e-505c-a233-e84cfbba4ede,Conduit,LFMC Liquidtight,"1/2"" LFMC Liquidtight Flexible Conduit",1/2 LFMC LIQUIDTIGHT,"1/2""",,,,,,,FT,"[""1/2\"" lfmc liquidtight flexible conduit"", ""1/2 lfmc liquidtight"", ""conduit"", ""lfmc liquidtight"", ""flex"", ""tubo flexible"", ""sealtight""]",true
15e9e04a-290b-5323-9e4e-7ea1a2c0df7d,Conduit,LFMC Liquidtight,"2"" LFMC Liquidtight Flexible Conduit",2 LFMC LIQUIDTIGHT,"2""",,,,,,,FT,"[""2\"" lfmc liquidtight flexible conduit"", ""2 lfmc liquidtight"", ""conduit"", ""lfmc liquidtight"", ""flex"", ""tubo flexible"", ""sealtight""]",true
41bad90d-3035-53d8-b04f-de9fafc5a504,Conduit,LFMC Liquidtight,"2-1/2"" LFMC Liquidtight Flexible Conduit",2-1/2 LFMC LIQUIDTIGHT,"2-1/2""",,,,,,,FT,"[""2-1/2\"" lfmc liquidtight flexible conduit"", ""2-1/2 lfmc liquidtight"", ""conduit"", ""lfmc liquidtight"", ""flex"", ""tubo flexible"", ""sealtight""]",true
964bdb3a-c870-54e7-91d6-92929cd65524,Conduit,LFMC Liquidtight,"3"" LFMC Liquidtight Flexible Conduit",3 LFMC LIQUIDTIGHT,"3""",,,,,,,FT,"[""3\"" lfmc liquidtight flexible conduit"", ""3 lfmc liquidtight"", ""conduit"", ""lfmc liquidtight"", ""flex"", ""tubo flexible"", ""sealtight""]",true
3af7853a-d21d-5230-948d-be3f0bc3f28c,Conduit,LFMC Liquidtight,"3/4"" LFMC Liquidtight Flexible Conduit",3/4 LFMC LIQUIDTIGHT,"3/4""",,,,,,,FT,"[""3/4\"" lfmc liquidtight flexible conduit"", ""3/4 lfmc liquidtight"", ""conduit"", ""lfmc liquidtight"", ""flex"", ""tubo flexible"", ""sealtight""]",true
bbf33304-502b-5239-8440-07ea04b9963c,Conduit,LFNC-B Liquidtight,"1"" LFNC-B Liquidtight Flexible Conduit",1 LFNC-B LIQUIDTIGHT,"1""",,,,,,,FT,"[""1\"" lfnc-b liquidtight flexible conduit"", ""1 lfnc-b liquidtight"", ""conduit"", ""lfnc-b liquidtight"", ""flex"", ""tubo flexible"", ""sealtight""]",true
078aed13-7eb1-5fb2-bf32-ffabc2fa5a45,Conduit,LFNC-B Liquidtight,"1-1/2"" LFNC-B Liquidtight Flexible Conduit",1-1/2 LFNC-B LIQUIDTIGHT,"1-1/2""",,,,,,,FT,"[""1-1/2\"" lfnc-b liquidtight flexible conduit"", ""1-1/2 lfnc-b liquidtight"", ""conduit"", ""lfnc-b liquidtight"", ""flex"", ""tubo flexible"", ""sealtight""]",true
4ba3d48a-561d-55e8-87e0-5a9c9273a2c6,Conduit,LFNC-B Liquidtight,"1-1/4"" LFNC-B Liquidtight Flexible Conduit",1-1/4 LFNC-B LIQUIDTIGHT,"1-1/4""",,,,,,,FT,"[""1-1/4\"" lfnc-b liquidtight flexible conduit"", ""1-1/4 lfnc-b liquidtight"", ""conduit"", ""lfnc-b liquidtight"", ""flex"", ""tubo flexible"", ""sealtight""]",true
1b77626c-51cd-5748-8135-dea3abda170c,Conduit,LFNC-B Liquidtight,"1/2"" LFNC-B Liquidtight Flexible Conduit",1/2 LFNC-B LIQUIDTIGHT,"1/2""",,,,,,,FT,"[""1/2\"" lfnc-b liquidtight flexible conduit"", ""1/2 lfnc-b liquidtight"", ""conduit"", ""lfnc-b liquidtight"", ""flex"", ""tubo flexible"", ""sealtight""]",true
3983203d-e341-5b61-bda6-e1d4f51f03aa,Conduit,LFNC-B Liquidtight,"2"" LFNC-B Liquidtight Flexible Conduit",2 LFNC-B LIQUIDTIGHT,"2""",,,,,,,FT,"[""2\"" lfnc-b liquidtight flexible conduit"", ""2 lfnc-b liquidtight"", ""conduit"", ""lfnc-b liquidtight"", ""flex"", ""tubo flexible"", ""sealtight""]",true
29d094f2-429d-5e1b-b720-265de112b221,Conduit,LFNC-B Liquidtight,"3/4"" LFNC-B Liquidtight Flexible Conduit",3/4 LFNC-B LIQUIDTIGHT,"3/4""",,,,,,,FT,"[""3/4\"" lfnc-b liquidtight flexible conduit"", ""3/4 lfnc-b liquidtight"", ""conduit"", ""lfnc-b liquidtight"", ""flex"", ""tubo flexible"", ""sealtight""]",true
6f4dd2b9-2e61-5dd8-a856-4954677b324d,Conduit,PVC Schedule 40,"1"" PVC Schedule 40 Conduit - 10 FT",1 PVC SCHEDULE 40 10FT,"1""",,,,,,,EA,"[""1\"" pvc schedule 40 conduit - 10 ft"", ""1 pvc schedule 40 10ft"", ""conduit"", ""pvc schedule 40"", ""tubo"", ""1 conduit"", ""pvc schedule 40 1""]",true
3f925b34-8670-5880-85c2-408f41e88fe4,Conduit,PVC Schedule 40,"1-1/2"" PVC Schedule 40 Conduit - 10 FT",1-1/2 PVC SCHEDULE 40 10FT,"1-1/2""",,,,,,,EA,"[""1-1/2\"" pvc schedule 40 conduit - 10 ft"", ""1-1/2 pvc schedule 40 10ft"", ""conduit"", ""pvc schedule 40"", ""tubo"", ""1-1/2 conduit"", ""pvc schedule 40 1-1/2""]",true
b4a32e87-f297-5434-810b-e392e1a7fe48,Conduit,PVC Schedule 40,"1-1/4"" PVC Schedule 40 Conduit - 10 FT",1-1/4 PVC SCHEDULE 40 10FT,"1-1/4""",,,,,,,EA,"[""1-1/4\"" pvc schedule 40 conduit - 10 ft"", ""1-1/4 pvc schedule 40 10ft"", ""conduit"", ""pvc schedule 40"", ""tubo"", ""1-1/4 conduit"", ""pvc schedule 40 1-1/4""]",true
d82ff106-ca0e-508d-9bf9-178d75ddd8ff,Conduit,PVC Schedule 40,"1/2"" PVC Schedule 40 Conduit - 10 FT",1/2 PVC SCHEDULE 40 10FT,"1/2""",,,,,,,EA,"[""1/2\"" pvc schedule 40 conduit - 10 ft"", ""1/2 pvc schedule 40 10ft"", ""conduit"", ""pvc schedule 40"", ""tubo"", ""1/2 conduit"", ""pvc schedule 40 1/2""]",true
aad3117d-ad9c-52a4-917f-309970d3d078,Conduit,PVC Schedule 40,"2"" PVC Schedule 40 Conduit - 10 FT",2 PVC SCHEDULE 40 10FT,"2""",,,,,,,EA,"[""2\"" pvc schedule 40 conduit - 10 ft"", ""2 pvc schedule 40 10ft"", ""conduit"", ""pvc schedule 40"", ""tubo"", ""2 conduit"", ""pvc schedule 40 2""]",true
d66b4461-a6b6-541e-a575-1b684ecf1761,Conduit,PVC Schedule 40,"2-1/2"" PVC Schedule 40 Conduit - 10 FT",2-1/2 PVC SCHEDULE 40 10FT,"2-1/2""",,,,,,,EA,"[""2-1/2\"" pvc schedule 40 conduit - 10 ft"", ""2-1/2 pvc schedule 40 10ft"", ""conduit"", ""pvc schedule 40"", ""tubo"", ""2-1/2 conduit"", ""pvc schedule 40 2-1/2""]",true
5381ad7f-9a3e-59bc-852a-62e88789708b,Conduit,PVC Schedule 40,"3"" PVC Schedule 40 Conduit - 10 FT",3 PVC SCHEDULE 40 10FT,"3""",,,,,,,EA,"[""3\"" pvc schedule 40 conduit - 10 ft"", ""3 pvc schedule 40 10ft"", ""conduit"", ""pvc schedule 40"", ""tubo"", ""3 conduit"", ""pvc schedule 40 3""]",true
d7baa73a-beca-5125-84f9-0956fd5537b1,Conduit,PVC Schedule 40,"3-1/2"" PVC Schedule 40 Conduit - 10 FT",3-1/2 PVC SCHEDULE 40 10FT,"3-1/2""",,,,,,,EA,"[""3-1/2\"" pvc schedule 40 conduit - 10 ft"", ""3-1/2 pvc schedule 40 10ft"", ""conduit"", ""pvc schedule 40"", ""tubo"", ""3-1/2 conduit"", ""pvc schedule 40 3-1/2""]",true
da9c6e74-f4a2-54f3-a7d8-64e450283ecd,Conduit,PVC Schedule 40,"3/4"" PVC Schedule 40 Conduit - 10 FT",3/4 PVC SCHEDULE 40 10FT,"3/4""",,,,,,,EA,"[""3/4\"" pvc schedule 40 conduit - 10 ft"", ""3/4 pvc schedule 40 10ft"", ""conduit"", ""pvc schedule 40"", ""tubo"", ""3/4 conduit"", ""pvc schedule 40 3/4""]",true
9f6bf98e-24d9-5cf8-b1c1-9e130eee4943,Conduit,PVC Schedule 40,"4"" PVC Schedule 40 Conduit - 10 FT",4 PVC SCHEDULE 40 10FT,"4""",,,,,,,EA,"[""4\"" pvc schedule 40 conduit - 10 ft"", ""4 pvc schedule 40 10ft"", ""conduit"", ""pvc schedule 40"", ""tubo"", ""4 conduit"", ""pvc schedule 40 4""]",true
30e2a6fd-bf4f-5d79-a5c4-cab491069e27,Conduit,PVC Schedule 80,"1"" PVC Schedule 80 Conduit - 10 FT",1 PVC SCHEDULE 80 10FT,"1""",,,,,,,EA,"[""1\"" pvc schedule 80 conduit - 10 ft"", ""1 pvc schedule 80 10ft"", ""conduit"", ""pvc schedule 80"", ""tubo"", ""1 conduit"", ""pvc schedule 80 1""]",true
9a40988e-9964-5d83-a0dc-7893b98b3a17,Conduit,PVC Schedule 80,"1-1/2"" PVC Schedule 80 Conduit - 10 FT",1-1/2 PVC SCHEDULE 80 10FT,"1-1/2""",,,,,,,EA,"[""1-1/2\"" pvc schedule 80 conduit - 10 ft"", ""1-1/2 pvc schedule 80 10ft"", ""conduit"", ""pvc schedule 80"", ""tubo"", ""1-1/2 conduit"", ""pvc schedule 80 1-1/2""]",true
9bf25bd0-b7f6-5988-8ec8-b08188b3fc06,Conduit,PVC Schedule 80,"1-1/4"" PVC Schedule 80 Conduit - 10 FT",1-1/4 PVC SCHEDULE 80 10FT,"1-1/4""",,,,,,,EA,"[""1-1/4\"" pvc schedule 80 conduit - 10 ft"", ""1-1/4 pvc schedule 80 10ft"", ""conduit"", ""pvc schedule 80"", ""tubo"", ""1-1/4 conduit"", ""pvc schedule 80 1-1/4""]",true
d321c637-4fcb-584b-b898-887c9ff7ef42,Conduit,PVC Schedule 80,"1/2"" PVC Schedule 80 Conduit - 10 FT",1/2 PVC SCHEDULE 80 10FT,"1/2""",,,,,,,EA,"[""1/2\"" pvc schedule 80 conduit - 10 ft"", ""1/2 pvc schedule 80 10ft"", ""conduit"", ""pvc schedule 80"", ""tubo"", ""1/2 conduit"", ""pvc schedule 80 1/2""]",true
8396f9a0-29fa-5a10-9876-1f2bafd7eb4c,Conduit,PVC Schedule 80,"2"" PVC Schedule 80 Conduit - 10 FT",2 PVC SCHEDULE 80 10FT,"2""",,,,,,,EA,"[""2\"" pvc schedule 80 conduit - 10 ft"", ""2 pvc schedule 80 10ft"", ""conduit"", ""pvc schedule 80"", ""tubo"", ""2 conduit"", ""pvc schedule 80 2""]",true
7a2c6023-b275-5b66-a86e-3b3e5afe48d1,Conduit,PVC Schedule 80,"2-1/2"" PVC Schedule 80 Conduit - 10 FT",2-1/2 PVC SCHEDULE 80 10FT,"2-1/2""",,,,,,,EA,"[""2-1/2\"" pvc schedule 80 conduit - 10 ft"", ""2-1/2 pvc schedule 80 10ft"", ""conduit"", ""pvc schedule 80"", ""tubo"", ""2-1/2 conduit"", ""pvc schedule 80 2-1/2""]",true
e1176041-7eb1-5f56-9c92-0133a0afa49f,Conduit,PVC Schedule 80,"3"" PVC Schedule 80 Conduit - 10 FT",3 PVC SCHEDULE 80 10FT,"3""",,,,,,,EA,"[""3\"" pvc schedule 80 conduit - 10 ft"", ""3 pvc schedule 80 10ft"", ""conduit"", ""pvc schedule 80"", ""tubo"", ""3 conduit"", ""pvc schedule 80 3""]",true
17740cd5-e063-585a-8c34-4bbc5bb16d8c,Conduit,PVC Schedule 80,"3-1/2"" PVC Schedule 80 Conduit - 10 FT",3-1/2 PVC SCHEDULE 80 10FT,"3-1/2""",,,,,,,EA,"[""3-1/2\"" pvc schedule 80 conduit - 10 ft"", ""3-1/2 pvc schedule 80 10ft"", ""conduit"", ""pvc schedule 80"", ""tubo"", ""3-1/2 conduit"", ""pvc schedule 80 3-1/2""]",true
98288bb2-0c76-5036-ac13-54ab66bf0405,Conduit,PVC Schedule 80,"3/4"" PVC Schedule 80 Conduit - 10 FT",3/4 PVC SCHEDULE 80 10FT,"3/4""",,,,,,,EA,"[""3/4\"" pvc schedule 80 conduit - 10 ft"", ""3/4 pvc schedule 80 10ft"", ""conduit"", ""pvc schedule 80"", ""tubo"", ""3/4 conduit"", ""pvc schedule 80 3/4""]",true
880f02f2-da60-5e2c-9ada-e055703fdb60,Conduit,PVC Schedule 80,"4"" PVC Schedule 80 Conduit - 10 FT",4 PVC SCHEDULE 80 10FT,"4""",,,,,,,EA,"[""4\"" pvc schedule 80 conduit - 10 ft"", ""4 pvc schedule 80 10ft"", ""conduit"", ""pvc schedule 80"", ""tubo"", ""4 conduit"", ""pvc schedule 80 4""]",true
7495fb3d-8920-5b51-91d5-67fc2f508261,Conduit,RMC Galvanized Steel,"1"" RMC Galvanized Steel Conduit - 10 FT",1 RMC GALVANIZED STEEL 10FT,"1""",,,,,,,EA,"[""1\"" rmc galvanized steel conduit - 10 ft"", ""1 rmc galvanized steel 10ft"", ""conduit"", ""rmc galvanized steel"", ""tubo"", ""1 conduit"", ""rmc galvanized steel 1""]",true
bc671701-7283-50a2-9fea-3369cd859127,Conduit,RMC Galvanized Steel,"1-1/2"" RMC Galvanized Steel Conduit - 10 FT",1-1/2 RMC GALVANIZED STEEL 10FT,"1-1/2""",,,,,,,EA,"[""1-1/2\"" rmc galvanized steel conduit - 10 ft"", ""1-1/2 rmc galvanized steel 10ft"", ""conduit"", ""rmc galvanized steel"", ""tubo"", ""1-1/2 conduit"", ""rmc galvanized steel 1-1/2""]",true
84481276-e45a-5cfa-a002-437ad20054e6,Conduit,RMC Galvanized Steel,"1-1/4"" RMC Galvanized Steel Conduit - 10 FT",1-1/4 RMC GALVANIZED STEEL 10FT,"1-1/4""",,,,,,,EA,"[""1-1/4\"" rmc galvanized steel conduit - 10 ft"", ""1-1/4 rmc galvanized steel 10ft"", ""conduit"", ""rmc galvanized steel"", ""tubo"", ""1-1/4 conduit"", ""rmc galvanized steel 1-1/4""]",true
4dd59d00-6656-54f3-8378-bad5dd151b84,Conduit,RMC Galvanized Steel,"1/2"" RMC Galvanized Steel Conduit - 10 FT",1/2 RMC GALVANIZED STEEL 10FT,"1/2""",,,,,,,EA,"[""1/2\"" rmc galvanized steel conduit - 10 ft"", ""1/2 rmc galvanized steel 10ft"", ""conduit"", ""rmc galvanized steel"", ""tubo"", ""1/2 conduit"", ""rmc galvanized steel 1/2""]",true
546098bd-d7a7-59f0-9108-cdad5b5d5d6c,Conduit,RMC Galvanized Steel,"2"" RMC Galvanized Steel Conduit - 10 FT",2 RMC GALVANIZED STEEL 10FT,"2""",,,,,,,EA,"[""2\"" rmc galvanized steel conduit - 10 ft"", ""2 rmc galvanized steel 10ft"", ""conduit"", ""rmc galvanized steel"", ""tubo"", ""2 conduit"", ""rmc galvanized steel 2""]",true
c74d9664-1046-5375-9a1e-93e96ef70369,Conduit,RMC Galvanized Steel,"2-1/2"" RMC Galvanized Steel Conduit - 10 FT",2-1/2 RMC GALVANIZED STEEL 10FT,"2-1/2""",,,,,,,EA,"[""2-1/2\"" rmc galvanized steel conduit - 10 ft"", ""2-1/2 rmc galvanized steel 10ft"", ""conduit"", ""rmc galvanized steel"", ""tubo"", ""2-1/2 conduit"", ""rmc galvanized steel 2-1/2""]",true
2331b511-58a0-52ea-bf5e-85014e9de783,Conduit,RMC Galvanized Steel,"3"" RMC Galvanized Steel Conduit - 10 FT",3 RMC GALVANIZED STEEL 10FT,"3""",,,,,,,EA,"[""3\"" rmc galvanized steel conduit - 10 ft"", ""3 rmc galvanized steel 10ft"", ""conduit"", ""rmc galvanized steel"", ""tubo"", ""3 conduit"", ""rmc galvanized steel 3""]",true
fd427c3c-d6a9-5712-a9c6-a5427a41ef35,Conduit,RMC Galvanized Steel,"3-1/2"" RMC Galvanized Steel Conduit - 10 FT",3-1/2 RMC GALVANIZED STEEL 10FT,"3-1/2""",,,,,,,EA,"[""3-1/2\"" rmc galvanized steel conduit - 10 ft"", ""3-1/2 rmc galvanized steel 10ft"", ""conduit"", ""rmc galvanized steel"", ""tubo"", ""3-1/2 conduit"", ""rmc galvanized steel 3-1/2""]",true
27008cb3-c9fd-5e9f-8aec-2710e2922c3f,Conduit,RMC Galvanized Steel,"3/4"" RMC Galvanized Steel Conduit - 10 FT",3/4 RMC GALVANIZED STEEL 10FT,"3/4""",,,,,,,EA,"[""3/4\"" rmc galvanized steel conduit - 10 ft"", ""3/4 rmc galvanized steel 10ft"", ""conduit"", ""rmc galvanized steel"", ""tubo"", ""3/4 conduit"", ""rmc galvanized steel 3/4""]",true
d1841273-6c8d-5b79-bf37-53166f42ae4f,Conduit,RMC Galvanized Steel,"4"" RMC Galvanized Steel Conduit - 10 FT",4 RMC GALVANIZED STEEL 10FT,"4""",,,,,,,EA,"[""4\"" rmc galvanized steel conduit - 10 ft"", ""4 rmc galvanized steel 10ft"", ""conduit"", ""rmc galvanized steel"", ""tubo"", ""4 conduit"", ""rmc galvanized steel 4""]",true
f18f4cb3-c2c7-5ea5-b28a-787cd34b71bb,Connectors,Compression Lugs,"Copper Compression Lug 1/0 - 1 Hole - 1/2"" Stud",CU LUG 1/0 1H 1/2 STUD,"1/0 / 1H / 1/2"" stud",,,,,,,EA,"[""copper compression lug 1/0 - 1 hole - 1/2\"" stud"", ""cu lug 1/0 1h 1/2 stud"", ""connectors"", ""compression lugs"", ""lug"", ""zapata cobre""]",true
1b60c291-92df-57bf-ac59-a1b51e985b07,Connectors,Compression Lugs,"Copper Compression Lug 1/0 - 1 Hole - 1/4"" Stud",CU LUG 1/0 1H 1/4 STUD,"1/0 / 1H / 1/4"" stud",,,,,,,EA,"[""copper compression lug 1/0 - 1 hole - 1/4\"" stud"", ""cu lug 1/0 1h 1/4 stud"", ""connectors"", ""compression lugs"", ""lug"", ""zapata cobre""]",true
51f03b4e-2543-563f-af8a-6a20667198bf,Connectors,Compression Lugs,"Copper Compression Lug 1/0 - 1 Hole - 3/8"" Stud",CU LUG 1/0 1H 3/8 STUD,"1/0 / 1H / 3/8"" stud",,,,,,,EA,"[""copper compression lug 1/0 - 1 hole - 3/8\"" stud"", ""cu lug 1/0 1h 3/8 stud"", ""connectors"", ""compression lugs"", ""lug"", ""zapata cobre""]",true
eb685902-c76f-5aca-812a-af481a78bb5e,Connectors,Compression Lugs,"Copper Compression Lug 1/0 - 2 Hole - 1/2"" Stud",CU LUG 1/0 2H 1/2 STUD,"1/0 / 2H / 1/2"" stud",,,,,,,EA,"[""copper compression lug 1/0 - 2 hole - 1/2\"" stud"", ""cu lug 1/0 2h 1/2 stud"", ""connectors"", ""compression lugs"", ""lug"", ""zapata cobre""]",true
a531b15b-1c7c-54ed-beb3-feae6de822db,Connectors,Compression Lugs,"Copper Compression Lug 1/0 - 2 Hole - 1/4"" Stud",CU LUG 1/0 2H 1/4 STUD,"1/0 / 2H / 1/4"" stud",,,,,,,EA,"[""copper compression lug 1/0 - 2 hole - 1/4\"" stud"", ""cu lug 1/0 2h 1/4 stud"", ""connectors"", ""compression lugs"", ""lug"", ""zapata cobre""]",true
464e42f1-77fc-5773-b389-9c181c1165c2,Connectors,Compression Lugs,"Copper Compression Lug 1/0 - 2 Hole - 3/8"" Stud",CU LUG 1/0 2H 3/8 STUD,"1/0 / 2H / 3/8"" stud",,,,,,,EA,"[""copper compression lug 1/0 - 2 hole - 3/8\"" stud"", ""cu lug 1/0 2h 3/8 stud"", ""connectors"", ""compression lugs"", ""lug"", ""zapata cobre""]",true
4ed22895-f323-5df4-84a1-733201f2d8cf,Connectors,Compression Lugs,"Copper Compression Lug 2 - 1 Hole - 1/2"" Stud",CU LUG 2 1H 1/2 STUD,"2 / 1H / 1/2"" stud",,,,,,,EA,"[""copper compression lug 2 - 1 hole - 1/2\"" stud"", ""cu lug 2 1h 1/2 stud"", ""connectors"", ""compression lugs"", ""lug"", ""zapata cobre""]",true
a65ca146-0b66-5914-a162-2a7b74a8ccf1,Connectors,Compression Lugs,"Copper Compression Lug 2 - 1 Hole - 1/4"" Stud",CU LUG 2 1H 1/4 STUD,"2 / 1H / 1/4"" stud",,,,,,,EA,"[""copper compression lug 2 - 1 hole - 1/4\"" stud"", ""cu lug 2 1h 1/4 stud"", ""connectors"", ""compression lugs"", ""lug"", ""zapata cobre""]",true
ee6ec7bd-fd64-5084-a185-55e2dfc384f5,Connectors,Compression Lugs,"Copper Compression Lug 2 - 1 Hole - 3/8"" Stud",CU LUG 2 1H 3/8 STUD,"2 / 1H / 3/8"" stud",,,,,,,EA,"[""copper compression lug 2 - 1 hole - 3/8\"" stud"", ""cu lug 2 1h 3/8 stud"", ""connectors"", ""compression lugs"", ""lug"", ""zapata cobre""]",true
0919f347-9c28-57f0-9468-2f7516d5db40,Connectors,Compression Lugs,"Copper Compression Lug 2 - 2 Hole - 1/2"" Stud",CU LUG 2 2H 1/2 STUD,"2 / 2H / 1/2"" stud",,,,,,,EA,"[""copper compression lug 2 - 2 hole - 1/2\"" stud"", ""cu lug 2 2h 1/2 stud"", ""connectors"", ""compression lugs"", ""lug"", ""zapata cobre""]",true
fdd2474f-d1ac-59f6-a324-49a2d9f9c7ec,Connectors,Compression Lugs,"Copper Compression Lug 2 - 2 Hole - 1/4"" Stud",CU LUG 2 2H 1/4 STUD,"2 / 2H / 1/4"" stud",,,,,,,EA,"[""copper compression lug 2 - 2 hole - 1/4\"" stud"", ""cu lug 2 2h 1/4 stud"", ""connectors"", ""compression lugs"", ""lug"", ""zapata cobre""]",true
2677afcc-bef9-519e-b435-3093668e0b1d,Connectors,Compression Lugs,"Copper Compression Lug 2 - 2 Hole - 3/8"" Stud",CU LUG 2 2H 3/8 STUD,"2 / 2H / 3/8"" stud",,,,,,,EA,"[""copper compression lug 2 - 2 hole - 3/8\"" stud"", ""cu lug 2 2h 3/8 stud"", ""connectors"", ""compression lugs"", ""lug"", ""zapata cobre""]",true
707340ac-f268-55d4-a908-132ffa204ec0,Connectors,Compression Lugs,"Copper Compression Lug 2/0 - 1 Hole - 1/2"" Stud",CU LUG 2/0 1H 1/2 STUD,"2/0 / 1H / 1/2"" stud",,,,,,,EA,"[""copper compression lug 2/0 - 1 hole - 1/2\"" stud"", ""cu lug 2/0 1h 1/2 stud"", ""connectors"", ""compression lugs"", ""lug"", ""zapata cobre""]",true
bfdd1ee5-699a-507f-b8f7-d75326c86fff,Connectors,Compression Lugs,"Copper Compression Lug 2/0 - 1 Hole - 1/4"" Stud",CU LUG 2/0 1H 1/4 STUD,"2/0 / 1H / 1/4"" stud",,,,,,,EA,"[""copper compression lug 2/0 - 1 hole - 1/4\"" stud"", ""cu lug 2/0 1h 1/4 stud"", ""connectors"", ""compression lugs"", ""lug"", ""zapata cobre""]",true
b95dcd42-1472-52a1-a55a-b484800c5aaf,Connectors,Compression Lugs,"Copper Compression Lug 2/0 - 1 Hole - 3/8"" Stud",CU LUG 2/0 1H 3/8 STUD,"2/0 / 1H / 3/8"" stud",,,,,,,EA,"[""copper compression lug 2/0 - 1 hole - 3/8\"" stud"", ""cu lug 2/0 1h 3/8 stud"", ""connectors"", ""compression lugs"", ""lug"", ""zapata cobre""]",true
5479d01c-ea23-5c23-b5ac-8ee12262770c,Connectors,Compression Lugs,"Copper Compression Lug 2/0 - 2 Hole - 1/2"" Stud",CU LUG 2/0 2H 1/2 STUD,"2/0 / 2H / 1/2"" stud",,,,,,,EA,"[""copper compression lug 2/0 - 2 hole - 1/2\"" stud"", ""cu lug 2/0 2h 1/2 stud"", ""connectors"", ""compression lugs"", ""lug"", ""zapata cobre""]",true
5f66b343-87ee-53bd-a968-db0ab3857554,Connectors,Compression Lugs,"Copper Compression Lug 2/0 - 2 Hole - 1/4"" Stud",CU LUG 2/0 2H 1/4 STUD,"2/0 / 2H / 1/4"" stud",,,,,,,EA,"[""copper compression lug 2/0 - 2 hole - 1/4\"" stud"", ""cu lug 2/0 2h 1/4 stud"", ""connectors"", ""compression lugs"", ""lug"", ""zapata cobre""]",true
55e0c438-8551-565f-957e-c4eb5c457b5b,Connectors,Compression Lugs,"Copper Compression Lug 2/0 - 2 Hole - 3/8"" Stud",CU LUG 2/0 2H 3/8 STUD,"2/0 / 2H / 3/8"" stud",,,,,,,EA,"[""copper compression lug 2/0 - 2 hole - 3/8\"" stud"", ""cu lug 2/0 2h 3/8 stud"", ""connectors"", ""compression lugs"", ""lug"", ""zapata cobre""]",true
cf04b11f-9170-56eb-8b0d-cb501b0b1e5b,Connectors,Compression Lugs,"Copper Compression Lug 250 - 1 Hole - 1/2"" Stud",CU LUG 250 1H 1/2 STUD,"250 / 1H / 1/2"" stud",,,,,,,EA,"[""copper compression lug 250 - 1 hole - 1/2\"" stud"", ""cu lug 250 1h 1/2 stud"", ""connectors"", ""compression lugs"", ""lug"", ""zapata cobre""]",true
f6a9e2d4-5533-5449-8d8c-31df55006d0f,Connectors,Compression Lugs,"Copper Compression Lug 250 - 1 Hole - 1/4"" Stud",CU LUG 250 1H 1/4 STUD,"250 / 1H / 1/4"" stud",,,,,,,EA,"[""copper compression lug 250 - 1 hole - 1/4\"" stud"", ""cu lug 250 1h 1/4 stud"", ""connectors"", ""compression lugs"", ""lug"", ""zapata cobre""]",true
8d780d36-5f5d-58e2-883f-e71a013e13ca,Connectors,Compression Lugs,"Copper Compression Lug 250 - 1 Hole - 3/8"" Stud",CU LUG 250 1H 3/8 STUD,"250 / 1H / 3/8"" stud",,,,,,,EA,"[""copper compression lug 250 - 1 hole - 3/8\"" stud"", ""cu lug 250 1h 3/8 stud"", ""connectors"", ""compression lugs"", ""lug"", ""zapata cobre""]",true
2511aa40-5df9-5d15-aa62-6a82ad4107b5,Connectors,Compression Lugs,"Copper Compression Lug 250 - 2 Hole - 1/2"" Stud",CU LUG 250 2H 1/2 STUD,"250 / 2H / 1/2"" stud",,,,,,,EA,"[""copper compression lug 250 - 2 hole - 1/2\"" stud"", ""cu lug 250 2h 1/2 stud"", ""connectors"", ""compression lugs"", ""lug"", ""zapata cobre""]",true
34f71130-7ac7-54b3-96d1-a073a7fe9d12,Connectors,Compression Lugs,"Copper Compression Lug 250 - 2 Hole - 1/4"" Stud",CU LUG 250 2H 1/4 STUD,"250 / 2H / 1/4"" stud",,,,,,,EA,"[""copper compression lug 250 - 2 hole - 1/4\"" stud"", ""cu lug 250 2h 1/4 stud"", ""connectors"", ""compression lugs"", ""lug"", ""zapata cobre""]",true
fd019515-27ed-5344-badf-ad41a12c88d7,Connectors,Compression Lugs,"Copper Compression Lug 250 - 2 Hole - 3/8"" Stud",CU LUG 250 2H 3/8 STUD,"250 / 2H / 3/8"" stud",,,,,,,EA,"[""copper compression lug 250 - 2 hole - 3/8\"" stud"", ""cu lug 250 2h 3/8 stud"", ""connectors"", ""compression lugs"", ""lug"", ""zapata cobre""]",true
a71b7116-2729-5b0f-b847-4735bd278ae9,Connectors,Compression Lugs,"Copper Compression Lug 3/0 - 1 Hole - 1/2"" Stud",CU LUG 3/0 1H 1/2 STUD,"3/0 / 1H / 1/2"" stud",,,,,,,EA,"[""copper compression lug 3/0 - 1 hole - 1/2\"" stud"", ""cu lug 3/0 1h 1/2 stud"", ""connectors"", ""compression lugs"", ""lug"", ""zapata cobre""]",true
e56307f3-6295-5eec-a558-65d8556c09f5,Connectors,Compression Lugs,"Copper Compression Lug 3/0 - 1 Hole - 1/4"" Stud",CU LUG 3/0 1H 1/4 STUD,"3/0 / 1H / 1/4"" stud",,,,,,,EA,"[""copper compression lug 3/0 - 1 hole - 1/4\"" stud"", ""cu lug 3/0 1h 1/4 stud"", ""connectors"", ""compression lugs"", ""lug"", ""zapata cobre""]",true
d14e9115-5688-5815-8d11-f0fdbe74a76e,Connectors,Compression Lugs,"Copper Compression Lug 3/0 - 1 Hole - 3/8"" Stud",CU LUG 3/0 1H 3/8 STUD,"3/0 / 1H / 3/8"" stud",,,,,,,EA,"[""copper compression lug 3/0 - 1 hole - 3/8\"" stud"", ""cu lug 3/0 1h 3/8 stud"", ""connectors"", ""compression lugs"", ""lug"", ""zapata cobre""]",true
cc2e732a-65e0-5d71-9fb1-e27644be6fd1,Connectors,Compression Lugs,"Copper Compression Lug 3/0 - 2 Hole - 1/2"" Stud",CU LUG 3/0 2H 1/2 STUD,"3/0 / 2H / 1/2"" stud",,,,,,,EA,"[""copper compression lug 3/0 - 2 hole - 1/2\"" stud"", ""cu lug 3/0 2h 1/2 stud"", ""connectors"", ""compression lugs"", ""lug"", ""zapata cobre""]",true
1e396d57-37a7-5f36-b27d-18944f6a11e5,Connectors,Compression Lugs,"Copper Compression Lug 3/0 - 2 Hole - 1/4"" Stud",CU LUG 3/0 2H 1/4 STUD,"3/0 / 2H / 1/4"" stud",,,,,,,EA,"[""copper compression lug 3/0 - 2 hole - 1/4\"" stud"", ""cu lug 3/0 2h 1/4 stud"", ""connectors"", ""compression lugs"", ""lug"", ""zapata cobre""]",true
b78cf556-8a8f-5682-9db3-2276c8a27199,Connectors,Compression Lugs,"Copper Compression Lug 3/0 - 2 Hole - 3/8"" Stud",CU LUG 3/0 2H 3/8 STUD,"3/0 / 2H / 3/8"" stud",,,,,,,EA,"[""copper compression lug 3/0 - 2 hole - 3/8\"" stud"", ""cu lug 3/0 2h 3/8 stud"", ""connectors"", ""compression lugs"", ""lug"", ""zapata cobre""]",true
b3f67b2c-7a7d-5879-be08-b752bbd4a41e,Connectors,Compression Lugs,"Copper Compression Lug 350 - 1 Hole - 1/2"" Stud",CU LUG 350 1H 1/2 STUD,"350 / 1H / 1/2"" stud",,,,,,,EA,"[""copper compression lug 350 - 1 hole - 1/2\"" stud"", ""cu lug 350 1h 1/2 stud"", ""connectors"", ""compression lugs"", ""lug"", ""zapata cobre""]",true
076b94d1-f08d-5395-aa45-ccc6a88a579f,Connectors,Compression Lugs,"Copper Compression Lug 350 - 1 Hole - 1/4"" Stud",CU LUG 350 1H 1/4 STUD,"350 / 1H / 1/4"" stud",,,,,,,EA,"[""copper compression lug 350 - 1 hole - 1/4\"" stud"", ""cu lug 350 1h 1/4 stud"", ""connectors"", ""compression lugs"", ""lug"", ""zapata cobre""]",true
c5c5d460-834a-5210-89d3-63b803fb12a9,Connectors,Compression Lugs,"Copper Compression Lug 350 - 1 Hole - 3/8"" Stud",CU LUG 350 1H 3/8 STUD,"350 / 1H / 3/8"" stud",,,,,,,EA,"[""copper compression lug 350 - 1 hole - 3/8\"" stud"", ""cu lug 350 1h 3/8 stud"", ""connectors"", ""compression lugs"", ""lug"", ""zapata cobre""]",true
aea293ed-d150-511b-a566-03e5051ac3ea,Connectors,Compression Lugs,"Copper Compression Lug 350 - 2 Hole - 1/2"" Stud",CU LUG 350 2H 1/2 STUD,"350 / 2H / 1/2"" stud",,,,,,,EA,"[""copper compression lug 350 - 2 hole - 1/2\"" stud"", ""cu lug 350 2h 1/2 stud"", ""connectors"", ""compression lugs"", ""lug"", ""zapata cobre""]",true
5669d82e-af67-56b4-84b3-b1de55587f25,Connectors,Compression Lugs,"Copper Compression Lug 350 - 2 Hole - 1/4"" Stud",CU LUG 350 2H 1/4 STUD,"350 / 2H / 1/4"" stud",,,,,,,EA,"[""copper compression lug 350 - 2 hole - 1/4\"" stud"", ""cu lug 350 2h 1/4 stud"", ""connectors"", ""compression lugs"", ""lug"", ""zapata cobre""]",true
2303cbd1-2834-54fc-9b29-aa5d105b5f83,Connectors,Compression Lugs,"Copper Compression Lug 350 - 2 Hole - 3/8"" Stud",CU LUG 350 2H 3/8 STUD,"350 / 2H / 3/8"" stud",,,,,,,EA,"[""copper compression lug 350 - 2 hole - 3/8\"" stud"", ""cu lug 350 2h 3/8 stud"", ""connectors"", ""compression lugs"", ""lug"", ""zapata cobre""]",true
6353c206-f9da-5a8f-9af9-de7975d29a17,Connectors,Compression Lugs,"Copper Compression Lug 4 - 1 Hole - 1/4"" Stud",CU LUG 4 1H 1/4 STUD,"4 / 1H / 1/4"" stud",,,,,,,EA,"[""copper compression lug 4 - 1 hole - 1/4\"" stud"", ""cu lug 4 1h 1/4 stud"", ""connectors"", ""compression lugs"", ""lug"", ""zapata cobre""]",true
b1f070bb-9708-5cb0-a5b5-19af682c6209,Connectors,Compression Lugs,"Copper Compression Lug 4 - 1 Hole - 3/8"" Stud",CU LUG 4 1H 3/8 STUD,"4 / 1H / 3/8"" stud",,,,,,,EA,"[""copper compression lug 4 - 1 hole - 3/8\"" stud"", ""cu lug 4 1h 3/8 stud"", ""connectors"", ""compression lugs"", ""lug"", ""zapata cobre""]",true
6afc3bf2-b87d-5c74-8796-0463560e8621,Connectors,Compression Lugs,"Copper Compression Lug 4/0 - 1 Hole - 1/2"" Stud",CU LUG 4/0 1H 1/2 STUD,"4/0 / 1H / 1/2"" stud",,,,,,,EA,"[""copper compression lug 4/0 - 1 hole - 1/2\"" stud"", ""cu lug 4/0 1h 1/2 stud"", ""connectors"", ""compression lugs"", ""lug"", ""zapata cobre""]",true
1c24e131-20e2-5758-a5db-fc1c5ee0d69a,Connectors,Compression Lugs,"Copper Compression Lug 4/0 - 1 Hole - 1/4"" Stud",CU LUG 4/0 1H 1/4 STUD,"4/0 / 1H / 1/4"" stud",,,,,,,EA,"[""copper compression lug 4/0 - 1 hole - 1/4\"" stud"", ""cu lug 4/0 1h 1/4 stud"", ""connectors"", ""compression lugs"", ""lug"", ""zapata cobre""]",true
66186c4f-eac0-5c13-9a58-fd4d1c031640,Connectors,Compression Lugs,"Copper Compression Lug 4/0 - 1 Hole - 3/8"" Stud",CU LUG 4/0 1H 3/8 STUD,"4/0 / 1H / 3/8"" stud",,,,,,,EA,"[""copper compression lug 4/0 - 1 hole - 3/8\"" stud"", ""cu lug 4/0 1h 3/8 stud"", ""connectors"", ""compression lugs"", ""lug"", ""zapata cobre""]",true
7569e10d-b42a-5032-a7af-7f8f160baa6f,Connectors,Compression Lugs,"Copper Compression Lug 4/0 - 2 Hole - 1/2"" Stud",CU LUG 4/0 2H 1/2 STUD,"4/0 / 2H / 1/2"" stud",,,,,,,EA,"[""copper compression lug 4/0 - 2 hole - 1/2\"" stud"", ""cu lug 4/0 2h 1/2 stud"", ""connectors"", ""compression lugs"", ""lug"", ""zapata cobre""]",true
54cdcd14-9041-5a71-a0ef-ed3fcc7a3b15,Connectors,Compression Lugs,"Copper Compression Lug 4/0 - 2 Hole - 1/4"" Stud",CU LUG 4/0 2H 1/4 STUD,"4/0 / 2H / 1/4"" stud",,,,,,,EA,"[""copper compression lug 4/0 - 2 hole - 1/4\"" stud"", ""cu lug 4/0 2h 1/4 stud"", ""connectors"", ""compression lugs"", ""lug"", ""zapata cobre""]",true
fc57ca66-60d5-540b-8284-a898dc579fd1,Connectors,Compression Lugs,"Copper Compression Lug 4/0 - 2 Hole - 3/8"" Stud",CU LUG 4/0 2H 3/8 STUD,"4/0 / 2H / 3/8"" stud",,,,,,,EA,"[""copper compression lug 4/0 - 2 hole - 3/8\"" stud"", ""cu lug 4/0 2h 3/8 stud"", ""connectors"", ""compression lugs"", ""lug"", ""zapata cobre""]",true
bace285f-6548-5015-9e1e-efff423d7c01,Connectors,Compression Lugs,"Copper Compression Lug 500 - 1 Hole - 1/2"" Stud",CU LUG 500 1H 1/2 STUD,"500 / 1H / 1/2"" stud",,,,,,,EA,"[""copper compression lug 500 - 1 hole - 1/2\"" stud"", ""cu lug 500 1h 1/2 stud"", ""connectors"", ""compression lugs"", ""lug"", ""zapata cobre""]",true
83a8cfca-6041-5ce4-ae06-7e17b9681de6,Connectors,Compression Lugs,"Copper Compression Lug 500 - 1 Hole - 1/4"" Stud",CU LUG 500 1H 1/4 STUD,"500 / 1H / 1/4"" stud",,,,,,,EA,"[""copper compression lug 500 - 1 hole - 1/4\"" stud"", ""cu lug 500 1h 1/4 stud"", ""connectors"", ""compression lugs"", ""lug"", ""zapata cobre""]",true
7ddb01c8-565d-5f2b-a3ec-76be87ab6eb9,Connectors,Compression Lugs,"Copper Compression Lug 500 - 1 Hole - 3/8"" Stud",CU LUG 500 1H 3/8 STUD,"500 / 1H / 3/8"" stud",,,,,,,EA,"[""copper compression lug 500 - 1 hole - 3/8\"" stud"", ""cu lug 500 1h 3/8 stud"", ""connectors"", ""compression lugs"", ""lug"", ""zapata cobre""]",true
16d3f3f7-c225-597a-9bd4-10d29fa56ea5,Connectors,Compression Lugs,"Copper Compression Lug 500 - 2 Hole - 1/2"" Stud",CU LUG 500 2H 1/2 STUD,"500 / 2H / 1/2"" stud",,,,,,,EA,"[""copper compression lug 500 - 2 hole - 1/2\"" stud"", ""cu lug 500 2h 1/2 stud"", ""connectors"", ""compression lugs"", ""lug"", ""zapata cobre""]",true
d6458aa0-406e-5896-be83-19640dc21149,Connectors,Compression Lugs,"Copper Compression Lug 500 - 2 Hole - 1/4"" Stud",CU LUG 500 2H 1/4 STUD,"500 / 2H / 1/4"" stud",,,,,,,EA,"[""copper compression lug 500 - 2 hole - 1/4\"" stud"", ""cu lug 500 2h 1/4 stud"", ""connectors"", ""compression lugs"", ""lug"", ""zapata cobre""]",true
13f38ef5-9936-5a03-886b-c9de1670d514,Connectors,Compression Lugs,"Copper Compression Lug 500 - 2 Hole - 3/8"" Stud",CU LUG 500 2H 3/8 STUD,"500 / 2H / 3/8"" stud",,,,,,,EA,"[""copper compression lug 500 - 2 hole - 3/8\"" stud"", ""cu lug 500 2h 3/8 stud"", ""connectors"", ""compression lugs"", ""lug"", ""zapata cobre""]",true
a234a5f5-3d02-5297-a1c9-3fbdafca5066,Connectors,Compression Lugs,"Copper Compression Lug 6 - 1 Hole - 1/4"" Stud",CU LUG 6 1H 1/4 STUD,"6 / 1H / 1/4"" stud",,,,,,,EA,"[""copper compression lug 6 - 1 hole - 1/4\"" stud"", ""cu lug 6 1h 1/4 stud"", ""connectors"", ""compression lugs"", ""lug"", ""zapata cobre""]",true
2110d920-c82b-5e7b-901f-d96460f1adc0,Connectors,Compression Lugs,"Copper Compression Lug 6 - 1 Hole - 3/8"" Stud",CU LUG 6 1H 3/8 STUD,"6 / 1H / 3/8"" stud",,,,,,,EA,"[""copper compression lug 6 - 1 hole - 3/8\"" stud"", ""cu lug 6 1h 3/8 stud"", ""connectors"", ""compression lugs"", ""lug"", ""zapata cobre""]",true
fa2789d0-2500-5330-9553-93000b0a3c87,Connectors,Compression Lugs,"Copper Compression Lug 8 - 1 Hole - 1/4"" Stud",CU LUG 8 1H 1/4 STUD,"8 / 1H / 1/4"" stud",,,,,,,EA,"[""copper compression lug 8 - 1 hole - 1/4\"" stud"", ""cu lug 8 1h 1/4 stud"", ""connectors"", ""compression lugs"", ""lug"", ""zapata cobre""]",true
4df7349b-e0fc-5dc0-86dc-b93eae9fe573,Connectors,Compression Lugs,"Copper Compression Lug 8 - 1 Hole - 3/8"" Stud",CU LUG 8 1H 3/8 STUD,"8 / 1H / 3/8"" stud",,,,,,,EA,"[""copper compression lug 8 - 1 hole - 3/8\"" stud"", ""cu lug 8 1h 3/8 stud"", ""connectors"", ""compression lugs"", ""lug"", ""zapata cobre""]",true
61835ed3-ef2e-54ee-83ff-a098fc42cb96,Connectors,Insulated Multi-Tap,Insulated Multi-Tap Connector 14-2 AWG - 2 Ports,INS MULTITAP 14-2 AWG 2PORT,14-2 AWG,,,,,,,EA,"[""insulated multi-tap connector 14-2 awg - 2 ports"", ""ins multitap 14-2 awg 2port"", ""connectors"", ""insulated multi-tap"", ""polaris type"", ""multi tap"", ""conector aislado""]",true
2204b8fc-c385-5817-bab2-9359a67620c4,Connectors,Insulated Multi-Tap,Insulated Multi-Tap Connector 14-2 AWG - 3 Ports,INS MULTITAP 14-2 AWG 3PORT,14-2 AWG,,,,,,,EA,"[""insulated multi-tap connector 14-2 awg - 3 ports"", ""ins multitap 14-2 awg 3port"", ""connectors"", ""insulated multi-tap"", ""polaris type"", ""multi tap"", ""conector aislado""]",true
0dc17750-6250-5eec-a80b-738101369904,Connectors,Insulated Multi-Tap,Insulated Multi-Tap Connector 14-2 AWG - 4 Ports,INS MULTITAP 14-2 AWG 4PORT,14-2 AWG,,,,,,,EA,"[""insulated multi-tap connector 14-2 awg - 4 ports"", ""ins multitap 14-2 awg 4port"", ""connectors"", ""insulated multi-tap"", ""polaris type"", ""multi tap"", ""conector aislado""]",true
469db490-51fc-51cc-b5b0-33589fddeb11,Connectors,Insulated Multi-Tap,Insulated Multi-Tap Connector 14-4 AWG - 2 Ports,INS MULTITAP 14-4 AWG 2PORT,14-4 AWG,,,,,,,EA,"[""insulated multi-tap connector 14-4 awg - 2 ports"", ""ins multitap 14-4 awg 2port"", ""connectors"", ""insulated multi-tap"", ""polaris type"", ""multi tap"", ""conector aislado""]",true
c4f953dd-7cb6-5800-8323-fa3fa9121421,Connectors,Insulated Multi-Tap,Insulated Multi-Tap Connector 14-4 AWG - 3 Ports,INS MULTITAP 14-4 AWG 3PORT,14-4 AWG,,,,,,,EA,"[""insulated multi-tap connector 14-4 awg - 3 ports"", ""ins multitap 14-4 awg 3port"", ""connectors"", ""insulated multi-tap"", ""polaris type"", ""multi tap"", ""conector aislado""]",true
339c27c3-ac50-5841-87a6-037b92310827,Connectors,Insulated Multi-Tap,Insulated Multi-Tap Connector 14-4 AWG - 4 Ports,INS MULTITAP 14-4 AWG 4PORT,14-4 AWG,,,,,,,EA,"[""insulated multi-tap connector 14-4 awg - 4 ports"", ""ins multitap 14-4 awg 4port"", ""connectors"", ""insulated multi-tap"", ""polaris type"", ""multi tap"", ""conector aislado""]",true
87cf6db2-751c-51ec-a12a-d5cf25a651c4,Connectors,Insulated Multi-Tap,Insulated Multi-Tap Connector 2-500 kcmil - 2 Ports,INS MULTITAP 2-500 kcmil 2PORT,2-500 kcmil,,,,,,,EA,"[""insulated multi-tap connector 2-500 kcmil - 2 ports"", ""ins multitap 2-500 kcmil 2port"", ""connectors"", ""insulated multi-tap"", ""polaris type"", ""multi tap"", ""conector aislado""]",true
2f2034c6-812f-5040-89ab-c5ca62b94cd6,Connectors,Insulated Multi-Tap,Insulated Multi-Tap Connector 2-500 kcmil - 3 Ports,INS MULTITAP 2-500 kcmil 3PORT,2-500 kcmil,,,,,,,EA,"[""insulated multi-tap connector 2-500 kcmil - 3 ports"", ""ins multitap 2-500 kcmil 3port"", ""connectors"", ""insulated multi-tap"", ""polaris type"", ""multi tap"", ""conector aislado""]",true
a23d6c3d-59a4-558d-a2c6-381cd37249b4,Connectors,Insulated Multi-Tap,Insulated Multi-Tap Connector 2-500 kcmil - 4 Ports,INS MULTITAP 2-500 kcmil 4PORT,2-500 kcmil,,,,,,,EA,"[""insulated multi-tap connector 2-500 kcmil - 4 ports"", ""ins multitap 2-500 kcmil 4port"", ""connectors"", ""insulated multi-tap"", ""polaris type"", ""multi tap"", ""conector aislado""]",true
526ad1d7-66d4-5a51-a2af-49c7bdc25680,Connectors,Insulated Multi-Tap,Insulated Multi-Tap Connector 4-350 kcmil - 2 Ports,INS MULTITAP 4-350 kcmil 2PORT,4-350 kcmil,,,,,,,EA,"[""insulated multi-tap connector 4-350 kcmil - 2 ports"", ""ins multitap 4-350 kcmil 2port"", ""connectors"", ""insulated multi-tap"", ""polaris type"", ""multi tap"", ""conector aislado""]",true
731088d1-5a27-57bd-a030-8172a8f25eeb,Connectors,Insulated Multi-Tap,Insulated Multi-Tap Connector 4-350 kcmil - 3 Ports,INS MULTITAP 4-350 kcmil 3PORT,4-350 kcmil,,,,,,,EA,"[""insulated multi-tap connector 4-350 kcmil - 3 ports"", ""ins multitap 4-350 kcmil 3port"", ""connectors"", ""insulated multi-tap"", ""polaris type"", ""multi tap"", ""conector aislado""]",true
3edf1afe-ec28-545b-9978-19e0f3e93219,Connectors,Insulated Multi-Tap,Insulated Multi-Tap Connector 4-350 kcmil - 4 Ports,INS MULTITAP 4-350 kcmil 4PORT,4-350 kcmil,,,,,,,EA,"[""insulated multi-tap connector 4-350 kcmil - 4 ports"", ""ins multitap 4-350 kcmil 4port"", ""connectors"", ""insulated multi-tap"", ""polaris type"", ""multi tap"", ""conector aislado""]",true
984eb1c0-2d6d-5e7f-970d-4c5348de8faa,Connectors,Insulated Multi-Tap,Insulated Multi-Tap Connector 6-250 kcmil - 2 Ports,INS MULTITAP 6-250 kcmil 2PORT,6-250 kcmil,,,,,,,EA,"[""insulated multi-tap connector 6-250 kcmil - 2 ports"", ""ins multitap 6-250 kcmil 2port"", ""connectors"", ""insulated multi-tap"", ""polaris type"", ""multi tap"", ""conector aislado""]",true
b73d6b08-8c34-5878-b148-040dd55a7707,Connectors,Insulated Multi-Tap,Insulated Multi-Tap Connector 6-250 kcmil - 3 Ports,INS MULTITAP 6-250 kcmil 3PORT,6-250 kcmil,,,,,,,EA,"[""insulated multi-tap connector 6-250 kcmil - 3 ports"", ""ins multitap 6-250 kcmil 3port"", ""connectors"", ""insulated multi-tap"", ""polaris type"", ""multi tap"", ""conector aislado""]",true
e9f902c8-f7c7-5501-859b-8f5bf1f37655,Connectors,Insulated Multi-Tap,Insulated Multi-Tap Connector 6-250 kcmil - 4 Ports,INS MULTITAP 6-250 kcmil 4PORT,6-250 kcmil,,,,,,,EA,"[""insulated multi-tap connector 6-250 kcmil - 4 ports"", ""ins multitap 6-250 kcmil 4port"", ""connectors"", ""insulated multi-tap"", ""polaris type"", ""multi tap"", ""conector aislado""]",true
d08d70c1-0eaf-5897-8625-5a6621734690,Connectors,Lever Connectors,2-Conductor Lever Wire Connector,2PORT LEVER CONN,2 conductor,,,,,,,EA,"[""2-conductor lever wire connector"", ""2port lever conn"", ""connectors"", ""lever connectors"", ""wago type"", ""lever nut"", ""conector palanca""]",true
32a2c621-eebc-56dd-adc1-ee3abc11ca2a,Connectors,Lever Connectors,3-Conductor Lever Wire Connector,3PORT LEVER CONN,3 conductor,,,,,,,EA,"[""3-conductor lever wire connector"", ""3port lever conn"", ""connectors"", ""lever connectors"", ""wago type"", ""lever nut"", ""conector palanca""]",true
edfec578-c143-5839-900a-00af664b412c,Connectors,Lever Connectors,5-Conductor Lever Wire Connector,5PORT LEVER CONN,5 conductor,,,,,,,EA,"[""5-conductor lever wire connector"", ""5port lever conn"", ""connectors"", ""lever connectors"", ""wago type"", ""lever nut"", ""conector palanca""]",true
a9c38c81-0703-5179-a254-773ae5f8898d,Connectors,Split Bolts,Copper Split Bolt Connector - Max 1/0 AWG,CU SPLIT BOLT MAX 1/0,1/0 AWG max,,,,,,,EA,"[""copper split bolt connector - max 1/0 awg"", ""cu split bolt max 1/0"", ""connectors"", ""split bolts"", ""split bolt"", ""conector partido""]",true
bc144fc2-25c0-509f-810c-88eda560798d,Connectors,Split Bolts,Copper Split Bolt Connector - Max 10 AWG,CU SPLIT BOLT MAX 10,10 AWG max,,,,,,,EA,"[""copper split bolt connector - max 10 awg"", ""cu split bolt max 10"", ""connectors"", ""split bolts"", ""split bolt"", ""conector partido""]",true
0e9fa4b3-07aa-54fd-bcdd-c7b029b59af8,Connectors,Split Bolts,Copper Split Bolt Connector - Max 2 AWG,CU SPLIT BOLT MAX 2,2 AWG max,,,,,,,EA,"[""copper split bolt connector - max 2 awg"", ""cu split bolt max 2"", ""connectors"", ""split bolts"", ""split bolt"", ""conector partido""]",true
c1db3204-b0e3-5fba-a060-1b202b32e3c2,Connectors,Split Bolts,Copper Split Bolt Connector - Max 2/0 AWG,CU SPLIT BOLT MAX 2/0,2/0 AWG max,,,,,,,EA,"[""copper split bolt connector - max 2/0 awg"", ""cu split bolt max 2/0"", ""connectors"", ""split bolts"", ""split bolt"", ""conector partido""]",true
7705c3f4-10c5-5599-8910-4383e64b37ff,Connectors,Split Bolts,Copper Split Bolt Connector - Max 4 AWG,CU SPLIT BOLT MAX 4,4 AWG max,,,,,,,EA,"[""copper split bolt connector - max 4 awg"", ""cu split bolt max 4"", ""connectors"", ""split bolts"", ""split bolt"", ""conector partido""]",true
71c473f1-aef9-520d-b89c-cca8e335ea8c,Connectors,Split Bolts,Copper Split Bolt Connector - Max 4/0 AWG,CU SPLIT BOLT MAX 4/0,4/0 AWG max,,,,,,,EA,"[""copper split bolt connector - max 4/0 awg"", ""cu split bolt max 4/0"", ""connectors"", ""split bolts"", ""split bolt"", ""conector partido""]",true
a288accc-4a9a-5228-bc15-7d86eb3f4cab,Connectors,Split Bolts,Copper Split Bolt Connector - Max 6 AWG,CU SPLIT BOLT MAX 6,6 AWG max,,,,,,,EA,"[""copper split bolt connector - max 6 awg"", ""cu split bolt max 6"", ""connectors"", ""split bolts"", ""split bolt"", ""conector partido""]",true
2f21a232-50e2-50ca-b784-80e6b4e5c1b7,Connectors,Split Bolts,Copper Split Bolt Connector - Max 8 AWG,CU SPLIT BOLT MAX 8,8 AWG max,,,,,,,EA,"[""copper split bolt connector - max 8 awg"", ""cu split bolt max 8"", ""connectors"", ""split bolts"", ""split bolt"", ""conector partido""]",true
998a50e2-d9c8-5d4d-9f3a-4861ce9ed19a,Connectors,Twist-On Connectors,Twist-On Wire Connector - Extra Large,EXTRA LARGE WIRE NUT,Extra Large,,,,,,,EA,"[""twist-on wire connector - extra large"", ""extra large wire nut"", ""connectors"", ""twist-on connectors"", ""wire nut"", ""conector rosca""]",true
6ffa2a5a-c199-5252-8297-1df5ef51e35c,Connectors,Twist-On Connectors,Twist-On Wire Connector - Large,LARGE WIRE NUT,Large,,,,,,,EA,"[""twist-on wire connector - large"", ""large wire nut"", ""connectors"", ""twist-on connectors"", ""wire nut"", ""conector rosca""]",true
13037807-6dcb-58e4-bcf3-ab6be278e42a,Connectors,Twist-On Connectors,Twist-On Wire Connector - Medium,MEDIUM WIRE NUT,Medium,,,,,,,EA,"[""twist-on wire connector - medium"", ""medium wire nut"", ""connectors"", ""twist-on connectors"", ""wire nut"", ""conector rosca""]",true
723d498f-225e-5a74-847b-b139fe4cc38e,Connectors,Twist-On Connectors,Twist-On Wire Connector - Small,SMALL WIRE NUT,Small,,,,,,,EA,"[""twist-on wire connector - small"", ""small wire nut"", ""connectors"", ""twist-on connectors"", ""wire nut"", ""conector rosca""]",true
09125bb2-bdc1-5286-ab56-faf41537c90d,Consumables,Cable Ties,"11"" 120 LB Cable Tie - Black UV-Resistant",11IN 120LB TIE BLACK UV-RESISTANT,"11"" / 120 lb",Black UV-Resistant,,,,,,EA,"[""11\"" 120 lb cable tie - black uv-resistant"", ""11in 120lb tie black uv-resistant"", ""consumables"", ""cable ties"", ""zip tie"", ""brida"", ""tie wrap""]",true
c002e99b-7dd3-55c8-b15f-0bc8b549b2ef,Consumables,Cable Ties,"11"" 120 LB Cable Tie - Natural",11IN 120LB TIE NATURAL,"11"" / 120 lb",Natural,,,,,,EA,"[""11\"" 120 lb cable tie - natural"", ""11in 120lb tie natural"", ""consumables"", ""cable ties"", ""zip tie"", ""brida"", ""tie wrap""]",true
3294bc58-63c5-5b2d-8145-ff457747a512,Consumables,Cable Ties,"11"" 50 LB Cable Tie - Black UV-Resistant",11IN 50LB TIE BLACK UV-RESISTANT,"11"" / 50 lb",Black UV-Resistant,,,,,,EA,"[""11\"" 50 lb cable tie - black uv-resistant"", ""11in 50lb tie black uv-resistant"", ""consumables"", ""cable ties"", ""zip tie"", ""brida"", ""tie wrap""]",true
6d39845b-6d7b-5285-9022-80727e7a0c2b,Consumables,Cable Ties,"11"" 50 LB Cable Tie - Natural",11IN 50LB TIE NATURAL,"11"" / 50 lb",Natural,,,,,,EA,"[""11\"" 50 lb cable tie - natural"", ""11in 50lb tie natural"", ""consumables"", ""cable ties"", ""zip tie"", ""brida"", ""tie wrap""]",true
51f65da0-ba94-5766-9b47-96fdc29aa03c,Consumables,Cable Ties,"14"" 120 LB Cable Tie - Black UV-Resistant",14IN 120LB TIE BLACK UV-RESISTANT,"14"" / 120 lb",Black UV-Resistant,,,,,,EA,"[""14\"" 120 lb cable tie - black uv-resistant"", ""14in 120lb tie black uv-resistant"", ""consumables"", ""cable ties"", ""zip tie"", ""brida"", ""tie wrap""]",true
d58c7e9f-3665-5006-afb1-d78cd65daa8c,Consumables,Cable Ties,"14"" 120 LB Cable Tie - Natural",14IN 120LB TIE NATURAL,"14"" / 120 lb",Natural,,,,,,EA,"[""14\"" 120 lb cable tie - natural"", ""14in 120lb tie natural"", ""consumables"", ""cable ties"", ""zip tie"", ""brida"", ""tie wrap""]",true
91982f79-cd41-5e42-98cf-ac468017eba8,Consumables,Cable Ties,"14"" 50 LB Cable Tie - Black UV-Resistant",14IN 50LB TIE BLACK UV-RESISTANT,"14"" / 50 lb",Black UV-Resistant,,,,,,EA,"[""14\"" 50 lb cable tie - black uv-resistant"", ""14in 50lb tie black uv-resistant"", ""consumables"", ""cable ties"", ""zip tie"", ""brida"", ""tie wrap""]",true
8590f514-8435-5b38-939c-17d81d0f2398,Consumables,Cable Ties,"14"" 50 LB Cable Tie - Natural",14IN 50LB TIE NATURAL,"14"" / 50 lb",Natural,,,,,,EA,"[""14\"" 50 lb cable tie - natural"", ""14in 50lb tie natural"", ""consumables"", ""cable ties"", ""zip tie"", ""brida"", ""tie wrap""]",true
22bf655d-d9fe-5336-8ad7-6f7de5020600,Consumables,Cable Ties,"24"" 120 LB Cable Tie - Black UV-Resistant",24IN 120LB TIE BLACK UV-RESISTANT,"24"" / 120 lb",Black UV-Resistant,,,,,,EA,"[""24\"" 120 lb cable tie - black uv-resistant"", ""24in 120lb tie black uv-resistant"", ""consumables"", ""cable ties"", ""zip tie"", ""brida"", ""tie wrap""]",true
75013f91-9035-56a0-a737-cb2115a8277b,Consumables,Cable Ties,"24"" 120 LB Cable Tie - Natural",24IN 120LB TIE NATURAL,"24"" / 120 lb",Natural,,,,,,EA,"[""24\"" 120 lb cable tie - natural"", ""24in 120lb tie natural"", ""consumables"", ""cable ties"", ""zip tie"", ""brida"", ""tie wrap""]",true
cfba0e17-9a33-51b7-b330-5901b929c315,Consumables,Cable Ties,"24"" 50 LB Cable Tie - Black UV-Resistant",24IN 50LB TIE BLACK UV-RESISTANT,"24"" / 50 lb",Black UV-Resistant,,,,,,EA,"[""24\"" 50 lb cable tie - black uv-resistant"", ""24in 50lb tie black uv-resistant"", ""consumables"", ""cable ties"", ""zip tie"", ""brida"", ""tie wrap""]",true
c09da302-8966-5077-b7b0-a225257b1e5a,Consumables,Cable Ties,"24"" 50 LB Cable Tie - Natural",24IN 50LB TIE NATURAL,"24"" / 50 lb",Natural,,,,,,EA,"[""24\"" 50 lb cable tie - natural"", ""24in 50lb tie natural"", ""consumables"", ""cable ties"", ""zip tie"", ""brida"", ""tie wrap""]",true
10e84557-a063-5136-81ff-85e4335a188f,Consumables,Cable Ties,"8"" 120 LB Cable Tie - Black UV-Resistant",8IN 120LB TIE BLACK UV-RESISTANT,"8"" / 120 lb",Black UV-Resistant,,,,,,EA,"[""8\"" 120 lb cable tie - black uv-resistant"", ""8in 120lb tie black uv-resistant"", ""consumables"", ""cable ties"", ""zip tie"", ""brida"", ""tie wrap""]",true
73b640bc-6e89-5e32-942b-c49c94509142,Consumables,Cable Ties,"8"" 120 LB Cable Tie - Natural",8IN 120LB TIE NATURAL,"8"" / 120 lb",Natural,,,,,,EA,"[""8\"" 120 lb cable tie - natural"", ""8in 120lb tie natural"", ""consumables"", ""cable ties"", ""zip tie"", ""brida"", ""tie wrap""]",true
bc1ee814-42ae-579a-aa0f-1980217b862e,Consumables,Cable Ties,"8"" 50 LB Cable Tie - Black UV-Resistant",8IN 50LB TIE BLACK UV-RESISTANT,"8"" / 50 lb",Black UV-Resistant,,,,,,EA,"[""8\"" 50 lb cable tie - black uv-resistant"", ""8in 50lb tie black uv-resistant"", ""consumables"", ""cable ties"", ""zip tie"", ""brida"", ""tie wrap""]",true
adb1439d-33b5-5b5e-9524-36517374104e,Consumables,Cable Ties,"8"" 50 LB Cable Tie - Natural",8IN 50LB TIE NATURAL,"8"" / 50 lb",Natural,,,,,,EA,"[""8\"" 50 lb cable tie - natural"", ""8in 50lb tie natural"", ""consumables"", ""cable ties"", ""zip tie"", ""brida"", ""tie wrap""]",true
7b0568a0-53c2-5181-8304-c212ef92481b,Consumables,Electrical Tape,"1"" x 30 FT Rubber Splicing Tape",1X30FT RUBBER TAPE,"1"" x 30 FT",,,,,,,RL,"[""1\"" x 30 ft rubber splicing tape"", ""1x30ft rubber tape"", ""consumables"", ""electrical tape"", ""rubber tape"", ""cinta goma""]",true
6da77c73-2c7f-598a-a0b5-d16bbb87258f,Consumables,Electrical Tape,"1-1/2"" x 30 FT Rubber Splicing Tape",1-1/2X30FT RUBBER TAPE,"1-1/2"" x 30 FT",,,,,,,RL,"[""1-1/2\"" x 30 ft rubber splicing tape"", ""1-1/2x30ft rubber tape"", ""consumables"", ""electrical tape"", ""rubber tape"", ""cinta goma""]",true
6c76c7ea-ac8c-58fd-9012-782d49465243,Consumables,Electrical Tape,"2"" x 30 FT Rubber Splicing Tape",2X30FT RUBBER TAPE,"2"" x 30 FT",,,,,,,RL,"[""2\"" x 30 ft rubber splicing tape"", ""2x30ft rubber tape"", ""consumables"", ""electrical tape"", ""rubber tape"", ""cinta goma""]",true
6516d433-52a5-576c-919a-f2484276e089,Consumables,Electrical Tape,"3/4"" x 30 FT Rubber Splicing Tape",3/4X30FT RUBBER TAPE,"3/4"" x 30 FT",,,,,,,RL,"[""3/4\"" x 30 ft rubber splicing tape"", ""3/4x30ft rubber tape"", ""consumables"", ""electrical tape"", ""rubber tape"", ""cinta goma""]",true
9eaee4d5-3d5f-5d5d-aa1c-1e1289174518,Consumables,Electrical Tape,"3/4"" x 66 FT Vinyl Electrical Tape - Black",3/4X66FT ELEC TAPE BLK,"3/4"" x 66 FT",Black,,,,,,RL,"[""3/4\"" x 66 ft vinyl electrical tape - black"", ""3/4x66ft elec tape blk"", ""consumables"", ""electrical tape"", ""tape"", ""cinta electrica"", ""tape negro""]",true
641f6631-3557-5178-9f13-3ca6bda02be3,Consumables,Electrical Tape,"3/4"" x 66 FT Vinyl Electrical Tape - Blue",3/4X66FT ELEC TAPE BLU,"3/4"" x 66 FT",Blue,,,,,,RL,"[""3/4\"" x 66 ft vinyl electrical tape - blue"", ""3/4x66ft elec tape blu"", ""consumables"", ""electrical tape"", ""tape"", ""cinta electrica"", ""tape azul""]",true
a8734067-ad56-5818-90c6-7a227a82ebe1,Consumables,Electrical Tape,"3/4"" x 66 FT Vinyl Electrical Tape - Brown",3/4X66FT ELEC TAPE BRN,"3/4"" x 66 FT",Brown,,,,,,RL,"[""3/4\"" x 66 ft vinyl electrical tape - brown"", ""3/4x66ft elec tape brn"", ""consumables"", ""electrical tape"", ""tape"", ""cinta electrica"", ""tape marron""]",true
507564d3-3671-5225-ac69-141bb7738200,Consumables,Electrical Tape,"3/4"" x 66 FT Vinyl Electrical Tape - Gray",3/4X66FT ELEC TAPE GRY,"3/4"" x 66 FT",Gray,,,,,,RL,"[""3/4\"" x 66 ft vinyl electrical tape - gray"", ""3/4x66ft elec tape gry"", ""consumables"", ""electrical tape"", ""tape"", ""cinta electrica"", ""tape gris""]",true
b13c964d-5947-5980-bc04-fca33217120d,Consumables,Electrical Tape,"3/4"" x 66 FT Vinyl Electrical Tape - Green",3/4X66FT ELEC TAPE GRN,"3/4"" x 66 FT",Green,,,,,,RL,"[""3/4\"" x 66 ft vinyl electrical tape - green"", ""3/4x66ft elec tape grn"", ""consumables"", ""electrical tape"", ""tape"", ""cinta electrica"", ""tape verde""]",true
28b177d3-52d6-5b0c-a0a4-3338e04039d1,Consumables,Electrical Tape,"3/4"" x 66 FT Vinyl Electrical Tape - Orange",3/4X66FT ELEC TAPE ORG,"3/4"" x 66 FT",Orange,,,,,,RL,"[""3/4\"" x 66 ft vinyl electrical tape - orange"", ""3/4x66ft elec tape org"", ""consumables"", ""electrical tape"", ""tape"", ""cinta electrica"", ""tape naranja""]",true
63868cd9-d9a8-5799-be41-77cbed2bba52,Consumables,Electrical Tape,"3/4"" x 66 FT Vinyl Electrical Tape - Purple",3/4X66FT ELEC TAPE PUR,"3/4"" x 66 FT",Purple,,,,,,RL,"[""3/4\"" x 66 ft vinyl electrical tape - purple"", ""3/4x66ft elec tape pur"", ""consumables"", ""electrical tape"", ""tape"", ""cinta electrica"", ""tape morado""]",true
52c069f3-d48a-5ce2-bae4-f11ffff7d8f4,Consumables,Electrical Tape,"3/4"" x 66 FT Vinyl Electrical Tape - Red",3/4X66FT ELEC TAPE RED,"3/4"" x 66 FT",Red,,,,,,RL,"[""3/4\"" x 66 ft vinyl electrical tape - red"", ""3/4x66ft elec tape red"", ""consumables"", ""electrical tape"", ""tape"", ""cinta electrica"", ""tape rojo""]",true
95c041ea-b193-5c9b-bf80-76c81af12a5d,Consumables,Electrical Tape,"3/4"" x 66 FT Vinyl Electrical Tape - White",3/4X66FT ELEC TAPE WHT,"3/4"" x 66 FT",White,,,,,,RL,"[""3/4\"" x 66 ft vinyl electrical tape - white"", ""3/4x66ft elec tape wht"", ""consumables"", ""electrical tape"", ""tape"", ""cinta electrica"", ""tape blanco""]",true
fa00fc2b-e350-5d45-8caf-838c495bf946,Consumables,Electrical Tape,"3/4"" x 66 FT Vinyl Electrical Tape - Yellow",3/4X66FT ELEC TAPE YEL,"3/4"" x 66 FT",Yellow,,,,,,RL,"[""3/4\"" x 66 ft vinyl electrical tape - yellow"", ""3/4x66ft elec tape yel"", ""consumables"", ""electrical tape"", ""tape"", ""cinta electrica"", ""tape amarillo""]",true
02cf5100-8ee8-53c5-85cd-516602397dd6,Consumables,Firestop,Firestop Sealant - 10 OZ Cartridge,FIRESTOP CAULK 10OZ,10 OZ,,,,,,,EA,"[""firestop sealant - 10 oz cartridge"", ""firestop caulk 10oz"", ""consumables"", ""firestop"", ""fire caulk"", ""sellador cortafuego""]",true
ce735d47-0db8-53d4-a246-ddf0ff292781,Consumables,Firestop,Firestop Sealant - 20 OZ Cartridge,FIRESTOP CAULK 20OZ,20 OZ,,,,,,,EA,"[""firestop sealant - 20 oz cartridge"", ""firestop caulk 20oz"", ""consumables"", ""firestop"", ""fire caulk"", ""sellador cortafuego""]",true
dddfaa66-6dd7-55e6-9ca2-5d4ed5756222,Consumables,Installation Supplies,Anti-Oxidant Compound - 4 OZ,Anti-Oxidant Compound - 4 OZ,,,,,,,,EA,"[""anti-oxidant compound - 4 oz"", ""consumables"", ""installation supplies"", ""consumibles""]",true
783e043b-dae6-56e8-bfef-f2cac5f87a24,Consumables,Installation Supplies,Anti-Oxidant Compound - 8 OZ,Anti-Oxidant Compound - 8 OZ,,,,,,,,EA,"[""anti-oxidant compound - 8 oz"", ""consumables"", ""installation supplies"", ""consumibles""]",true
9c731783-615a-5a00-b9c1-0b349476e6cc,Consumables,Installation Supplies,Duct Seal - 1 LB,Duct Seal - 1 LB,,,,,,,,EA,"[""duct seal - 1 lb"", ""consumables"", ""installation supplies"", ""consumibles""]",true
500aa868-1079-562a-b1ed-8d3ae6f8f1cb,Consumables,Installation Supplies,Duct Seal - 5 LB,Duct Seal - 5 LB,,,,,,,,EA,"[""duct seal - 5 lb"", ""consumables"", ""installation supplies"", ""consumibles""]",true
3b5df1d6-5b09-5693-ab97-a1e7881f272b,Consumables,Installation Supplies,Grounding Pigtail #12 Solid Green - 12 IN,Grounding Pigtail #12 Solid Green - 12 IN,,,,,,,,EA,"[""grounding pigtail #12 solid green - 12 in"", ""consumables"", ""installation supplies"", ""consumibles""]",true
af33c85e-5f27-5e9d-ac5e-6ad378e9c2e2,Consumables,Installation Supplies,Grounding Pigtail #12 Solid Green - 8 IN,Grounding Pigtail #12 Solid Green - 8 IN,,,,,,,,EA,"[""grounding pigtail #12 solid green - 8 in"", ""consumables"", ""installation supplies"", ""consumibles""]",true
6d78e3f9-6f5c-575f-aa9a-a0e64928f40c,Consumables,Installation Supplies,PVC Electrical Cement - 16 OZ,PVC Electrical Cement - 16 OZ,,,,,,,,EA,"[""pvc electrical cement - 16 oz"", ""consumables"", ""installation supplies"", ""consumibles""]",true
182659d1-3cfc-5117-87e4-2cd881410791,Consumables,Installation Supplies,PVC Electrical Cement - 32 OZ,PVC Electrical Cement - 32 OZ,,,,,,,,EA,"[""pvc electrical cement - 32 oz"", ""consumables"", ""installation supplies"", ""consumibles""]",true
88b0e013-9d07-548e-8dcb-ba213277acd0,Consumables,Installation Supplies,PVC Electrical Cement - 8 OZ,PVC Electrical Cement - 8 OZ,,,,,,,,EA,"[""pvc electrical cement - 8 oz"", ""consumables"", ""installation supplies"", ""consumibles""]",true
708bfd51-243f-5cdf-96cb-ca97396f06c6,Consumables,Installation Supplies,Wire Pulling Lubricant - 1 GAL,Wire Pulling Lubricant - 1 GAL,,,,,,,,EA,"[""wire pulling lubricant - 1 gal"", ""consumables"", ""installation supplies"", ""consumibles""]",true
df62441c-3127-5a53-80a5-544629a99dbb,Consumables,Installation Supplies,Wire Pulling Lubricant - 1 QT,Wire Pulling Lubricant - 1 QT,,,,,,,,EA,"[""wire pulling lubricant - 1 qt"", ""consumables"", ""installation supplies"", ""consumibles""]",true
24bc542e-de84-5451-9c06-e0d14ce25844,Consumables,Pulling Line,Flat Pulling Tape - 1250 LB - 3000 FT,PULL TAPE 1250LB 3000FT,3000 FT / 1250 LB,,,,,,,RL,"[""flat pulling tape - 1250 lb - 3000 ft"", ""pull tape 1250lb 3000ft"", ""consumables"", ""pulling line"", ""mule tape type"", ""pull tape""]",true
c65e214f-ef95-5606-9314-9038022d9d2b,Consumables,Pulling Line,Flat Pulling Tape - 1800 LB - 3000 FT,PULL TAPE 1800LB 3000FT,3000 FT / 1800 LB,,,,,,,RL,"[""flat pulling tape - 1800 lb - 3000 ft"", ""pull tape 1800lb 3000ft"", ""consumables"", ""pulling line"", ""mule tape type"", ""pull tape""]",true
888352ad-6d79-5340-9896-53f410f8c71a,Consumables,Pulling Line,Flat Pulling Tape - 2500 LB - 3000 FT,PULL TAPE 2500LB 3000FT,3000 FT / 2500 LB,,,,,,,RL,"[""flat pulling tape - 2500 lb - 3000 ft"", ""pull tape 2500lb 3000ft"", ""consumables"", ""pulling line"", ""mule tape type"", ""pull tape""]",true
72836032-c51d-5b47-ac83-601f099c2e64,Consumables,Pulling Line,Poly Pull Line - 210 LB - 1000 FT,PULL STRING 210LB 1000FT,1000 FT / 210 LB,,,,,,,RL,"[""poly pull line - 210 lb - 1000 ft"", ""pull string 210lb 1000ft"", ""consumables"", ""pulling line"", ""pull string"", ""hilo guia""]",true
efcc3785-8032-5d0a-a582-ef7129117ddc,Consumables,Pulling Line,Poly Pull Line - 210 LB - 500 FT,PULL STRING 210LB 500FT,500 FT / 210 LB,,,,,,,RL,"[""poly pull line - 210 lb - 500 ft"", ""pull string 210lb 500ft"", ""consumables"", ""pulling line"", ""pull string"", ""hilo guia""]",true
5c37db65-0c48-57b1-b91d-922d58a78f28,Consumables,Pulling Line,Poly Pull Line - 210 LB - 6500 FT,PULL STRING 210LB 6500FT,6500 FT / 210 LB,,,,,,,RL,"[""poly pull line - 210 lb - 6500 ft"", ""pull string 210lb 6500ft"", ""consumables"", ""pulling line"", ""pull string"", ""hilo guia""]",true
0d23340e-ef6a-535f-a0ed-753da13bcb2a,Controls,Ceiling Sensors,Dual Technology Ceiling Occupancy Sensor - Low Voltage,DUAL TECHNOLOGY CEILING OCC SENSOR,,,,,,,,EA,"[""dual technology ceiling occupancy sensor - low voltage"", ""dual technology ceiling occ sensor"", ""controls"", ""ceiling sensors"", ""occupancy sensor"", ""sensor techo""]",true
9b99f2e6-ce26-5e7b-a4f8-d586a6a146fd,Controls,Ceiling Sensors,PIR Ceiling Occupancy Sensor - Low Voltage,PIR CEILING OCC SENSOR,,,,,,,,EA,"[""pir ceiling occupancy sensor - low voltage"", ""pir ceiling occ sensor"", ""controls"", ""ceiling sensors"", ""occupancy sensor"", ""sensor techo""]",true
67395186-129e-58a6-8169-41a79d8e2613,Controls,Lighting Contactors,30A 12-Pole Electrically Held Lighting Contactor - 120V Coil,30A 12P LIGHT CONT 120V COIL,12P,,30,120V coil,,,,EA,"[""30a 12-pole electrically held lighting contactor - 120v coil"", ""30a 12p light cont 120v coil"", ""controls"", ""lighting contactors"", ""lighting contactor"", ""contactor luces""]",true
ed374904-d4b8-5f00-a9e8-64424bd10290,Controls,Lighting Contactors,30A 2-Pole Electrically Held Lighting Contactor - 120V Coil,30A 2P LIGHT CONT 120V COIL,2P,,30,120V coil,,,,EA,"[""30a 2-pole electrically held lighting contactor - 120v coil"", ""30a 2p light cont 120v coil"", ""controls"", ""lighting contactors"", ""lighting contactor"", ""contactor luces""]",true
81c5f5e5-8b82-5187-9bc0-7258591c0297,Controls,Lighting Contactors,30A 4-Pole Electrically Held Lighting Contactor - 120V Coil,30A 4P LIGHT CONT 120V COIL,4P,,30,120V coil,,,,EA,"[""30a 4-pole electrically held lighting contactor - 120v coil"", ""30a 4p light cont 120v coil"", ""controls"", ""lighting contactors"", ""lighting contactor"", ""contactor luces""]",true
8266ba37-f9e9-5df3-9981-0ee0865ad73c,Controls,Lighting Contactors,30A 6-Pole Electrically Held Lighting Contactor - 120V Coil,30A 6P LIGHT CONT 120V COIL,6P,,30,120V coil,,,,EA,"[""30a 6-pole electrically held lighting contactor - 120v coil"", ""30a 6p light cont 120v coil"", ""controls"", ""lighting contactors"", ""lighting contactor"", ""contactor luces""]",true
d4b537c4-6f20-5582-a0a7-59e3cc267a2e,Controls,Lighting Contactors,30A 8-Pole Electrically Held Lighting Contactor - 120V Coil,30A 8P LIGHT CONT 120V COIL,8P,,30,120V coil,,,,EA,"[""30a 8-pole electrically held lighting contactor - 120v coil"", ""30a 8p light cont 120v coil"", ""controls"", ""lighting contactors"", ""lighting contactor"", ""contactor luces""]",true
2731a70b-a802-506d-8df9-e8f25cb06a3c,Controls,Photocells,120V Stem Mount Photocell,PHOTO 120V STEM MOUNT,,,,120V,,,,EA,"[""120v stem mount photocell"", ""photo 120v stem mount"", ""controls"", ""photocells"", ""photocell"", ""fotocelda""]",true
2bc14eb0-769f-5cf0-b6a8-bd51cfede0f0,Controls,Photocells,120V Twist-Lock Photocell,PHOTO 120V TWIST-LOCK,,,,120V,,,,EA,"[""120v twist-lock photocell"", ""photo 120v twist-lock"", ""controls"", ""photocells"", ""photocell"", ""fotocelda""]",true
ac014240-0538-525e-940f-55b0c6d31df9,Controls,Photocells,208-277V Stem Mount Photocell,PHOTO 208-277V STEM MOUNT,,,,208-277V,,,,EA,"[""208-277v stem mount photocell"", ""photo 208-277v stem mount"", ""controls"", ""photocells"", ""photocell"", ""fotocelda""]",true
0790f843-a453-5440-8620-acf40fd7a025,Controls,Photocells,208-277V Twist-Lock Photocell,PHOTO 208-277V TWIST-LOCK,,,,208-277V,,,,EA,"[""208-277v twist-lock photocell"", ""photo 208-277v twist-lock"", ""controls"", ""photocells"", ""photocell"", ""fotocelda""]",true
6096e6af-ad58-5797-9718-6dfab37de109,Controls,Timers,120V Digital 7-Day Timer - Indoor Enclosure,120V DIGITAL 7-DAY TIMER,,,,120V,,,Indoor,EA,"[""120v digital 7-day timer - indoor enclosure"", ""120v digital 7-day timer"", ""controls"", ""timers"", ""timer"", ""reloj""]",true
871a8b99-6729-5f77-a88f-604a383318c4,Controls,Timers,120V Mechanical 24-Hour Timer - Indoor Enclosure,120V MECHANICAL 24-HOUR TIMER,,,,120V,,,Indoor,EA,"[""120v mechanical 24-hour timer - indoor enclosure"", ""120v mechanical 24-hour timer"", ""controls"", ""timers"", ""timer"", ""reloj""]",true
7ac68318-87e5-5b93-b61b-73806c74fe27,Controls,Timers,208-277V Digital 7-Day Timer - Indoor Enclosure,208-277V DIGITAL 7-DAY TIMER,,,,208-277V,,,Indoor,EA,"[""208-277v digital 7-day timer - indoor enclosure"", ""208-277v digital 7-day timer"", ""controls"", ""timers"", ""timer"", ""reloj""]",true
e643b72d-770c-518b-8f4b-870529fc142f,Controls,Timers,208-277V Mechanical 24-Hour Timer - Indoor Enclosure,208-277V MECHANICAL 24-HOUR TIMER,,,,208-277V,,,Indoor,EA,"[""208-277v mechanical 24-hour timer - indoor enclosure"", ""208-277v mechanical 24-hour timer"", ""controls"", ""timers"", ""timer"", ""reloj""]",true
b247c3b8-ec21-5b3f-97c6-3bbf9058abda,Controls,Wall Sensors,Dual Technology Occupancy Wall Sensor Switch - Black,DUAL TECHNOLOGY OCCUPANCY WALL SENSOR BLK,,Black,,120V,,,,EA,"[""dual technology occupancy wall sensor switch - black"", ""dual technology occupancy wall sensor blk"", ""controls"", ""wall sensors"", ""sensor movimiento"", ""occupancy switch""]",true
cbaa5915-4bfb-5c9c-ae6b-4afc9483b0f6,Controls,Wall Sensors,Dual Technology Occupancy Wall Sensor Switch - Ivory,DUAL TECHNOLOGY OCCUPANCY WALL SENSOR IVY,,Ivory,,120V,,,,EA,"[""dual technology occupancy wall sensor switch - ivory"", ""dual technology occupancy wall sensor ivy"", ""controls"", ""wall sensors"", ""sensor movimiento"", ""occupancy switch""]",true
7a35582c-816e-58d8-9d13-472a9059e723,Controls,Wall Sensors,Dual Technology Occupancy Wall Sensor Switch - Light Almond,DUAL TECHNOLOGY OCCUPANCY WALL SENSOR LA,,Light Almond,,120V,,,,EA,"[""dual technology occupancy wall sensor switch - light almond"", ""dual technology occupancy wall sensor la"", ""controls"", ""wall sensors"", ""sensor movimiento"", ""occupancy switch""]",true
a08d230c-a4a6-5478-b01b-758625f6c838,Controls,Wall Sensors,Dual Technology Occupancy Wall Sensor Switch - White,DUAL TECHNOLOGY OCCUPANCY WALL SENSOR WHT,,White,,120V,,,,EA,"[""dual technology occupancy wall sensor switch - white"", ""dual technology occupancy wall sensor wht"", ""controls"", ""wall sensors"", ""sensor movimiento"", ""occupancy switch""]",true
04ce661b-5944-5b06-ad61-49c7ae98bf18,Controls,Wall Sensors,PIR Occupancy Wall Sensor Switch - Black,PIR OCCUPANCY WALL SENSOR BLK,,Black,,120V,,,,EA,"[""pir occupancy wall sensor switch - black"", ""pir occupancy wall sensor blk"", ""controls"", ""wall sensors"", ""sensor movimiento"", ""occupancy switch""]",true
a6f4a2cf-2ab6-5800-91c9-38b22dedcf3d,Controls,Wall Sensors,PIR Occupancy Wall Sensor Switch - Ivory,PIR OCCUPANCY WALL SENSOR IVY,,Ivory,,120V,,,,EA,"[""pir occupancy wall sensor switch - ivory"", ""pir occupancy wall sensor ivy"", ""controls"", ""wall sensors"", ""sensor movimiento"", ""occupancy switch""]",true
f9c57bd4-9ef4-5bd7-9d75-f8ce6aa1c48e,Controls,Wall Sensors,PIR Occupancy Wall Sensor Switch - Light Almond,PIR OCCUPANCY WALL SENSOR LA,,Light Almond,,120V,,,,EA,"[""pir occupancy wall sensor switch - light almond"", ""pir occupancy wall sensor la"", ""controls"", ""wall sensors"", ""sensor movimiento"", ""occupancy switch""]",true
71bd8ca0-cf67-5304-8941-896250e578ad,Controls,Wall Sensors,PIR Occupancy Wall Sensor Switch - White,PIR OCCUPANCY WALL SENSOR WHT,,White,,120V,,,,EA,"[""pir occupancy wall sensor switch - white"", ""pir occupancy wall sensor wht"", ""controls"", ""wall sensors"", ""sensor movimiento"", ""occupancy switch""]",true
73bb351b-55d0-5b76-88df-46ce1805515a,Controls,Wall Sensors,PIR Vacancy Wall Sensor Switch - Black,PIR VACANCY WALL SENSOR BLK,,Black,,120V,,,,EA,"[""pir vacancy wall sensor switch - black"", ""pir vacancy wall sensor blk"", ""controls"", ""wall sensors"", ""sensor movimiento"", ""occupancy switch""]",true
ccaaad43-c07c-5fc5-a783-45488eda857a,Controls,Wall Sensors,PIR Vacancy Wall Sensor Switch - Ivory,PIR VACANCY WALL SENSOR IVY,,Ivory,,120V,,,,EA,"[""pir vacancy wall sensor switch - ivory"", ""pir vacancy wall sensor ivy"", ""controls"", ""wall sensors"", ""sensor movimiento"", ""occupancy switch""]",true
e01082d6-f99b-5316-ad4a-d63fa002bb51,Controls,Wall Sensors,PIR Vacancy Wall Sensor Switch - Light Almond,PIR VACANCY WALL SENSOR LA,,Light Almond,,120V,,,,EA,"[""pir vacancy wall sensor switch - light almond"", ""pir vacancy wall sensor la"", ""controls"", ""wall sensors"", ""sensor movimiento"", ""occupancy switch""]",true
0c24a5ff-f24b-50ea-b7b7-aa44b02b08a5,Controls,Wall Sensors,PIR Vacancy Wall Sensor Switch - White,PIR VACANCY WALL SENSOR WHT,,White,,120V,,,,EA,"[""pir vacancy wall sensor switch - white"", ""pir vacancy wall sensor wht"", ""controls"", ""wall sensors"", ""sensor movimiento"", ""occupancy switch""]",true
82e89c4f-41e8-51bf-837a-e412b41357ba,Devices,Dimmers,150W LED Single Pole / 3-Way Decorator Dimmer - Black,LED DIMMER 150W SP/3W BLK,,Black,,120V,,,,EA,"[""150w led single pole / 3-way decorator dimmer - black"", ""led dimmer 150w sp/3w blk"", ""devices"", ""dimmers"", ""dimmer"", ""atenuador"", ""led dimmer""]",true
2a01715b-5dd8-5b0e-810f-afcee4a0347b,Devices,Dimmers,150W LED Single Pole / 3-Way Decorator Dimmer - Brown,LED DIMMER 150W SP/3W BRN,,Brown,,120V,,,,EA,"[""150w led single pole / 3-way decorator dimmer - brown"", ""led dimmer 150w sp/3w brn"", ""devices"", ""dimmers"", ""dimmer"", ""atenuador"", ""led dimmer""]",true
d6b8b4e3-b188-58ed-adca-4967cc5f0545,Devices,Dimmers,150W LED Single Pole / 3-Way Decorator Dimmer - Gray,LED DIMMER 150W SP/3W GRY,,Gray,,120V,,,,EA,"[""150w led single pole / 3-way decorator dimmer - gray"", ""led dimmer 150w sp/3w gry"", ""devices"", ""dimmers"", ""dimmer"", ""atenuador"", ""led dimmer""]",true
280ad877-c7aa-5ac3-9fae-e054ed90ea99,Devices,Dimmers,150W LED Single Pole / 3-Way Decorator Dimmer - Ivory,LED DIMMER 150W SP/3W IVY,,Ivory,,120V,,,,EA,"[""150w led single pole / 3-way decorator dimmer - ivory"", ""led dimmer 150w sp/3w ivy"", ""devices"", ""dimmers"", ""dimmer"", ""atenuador"", ""led dimmer""]",true
0eac5794-243e-5475-b48c-71b21867653a,Devices,Dimmers,150W LED Single Pole / 3-Way Decorator Dimmer - Light Almond,LED DIMMER 150W SP/3W LA,,Light Almond,,120V,,,,EA,"[""150w led single pole / 3-way decorator dimmer - light almond"", ""led dimmer 150w sp/3w la"", ""devices"", ""dimmers"", ""dimmer"", ""atenuador"", ""led dimmer""]",true
8c37197f-9393-57a0-b905-2662194a785a,Devices,Dimmers,150W LED Single Pole / 3-Way Decorator Dimmer - White,LED DIMMER 150W SP/3W WHT,,White,,120V,,,,EA,"[""150w led single pole / 3-way decorator dimmer - white"", ""led dimmer 150w sp/3w wht"", ""devices"", ""dimmers"", ""dimmer"", ""atenuador"", ""led dimmer""]",true
61531f98-d84e-5540-adac-6ab691ad37b8,Devices,Dimmers,250W LED Single Pole / 3-Way Decorator Dimmer - Black,LED DIMMER 250W SP/3W BLK,,Black,,120V,,,,EA,"[""250w led single pole / 3-way decorator dimmer - black"", ""led dimmer 250w sp/3w blk"", ""devices"", ""dimmers"", ""dimmer"", ""atenuador"", ""led dimmer""]",true
9162c3b5-c979-5ebe-b00b-894547039637,Devices,Dimmers,250W LED Single Pole / 3-Way Decorator Dimmer - Brown,LED DIMMER 250W SP/3W BRN,,Brown,,120V,,,,EA,"[""250w led single pole / 3-way decorator dimmer - brown"", ""led dimmer 250w sp/3w brn"", ""devices"", ""dimmers"", ""dimmer"", ""atenuador"", ""led dimmer""]",true
6b6efd6a-c47b-5684-bf8f-9688640fb2e9,Devices,Dimmers,250W LED Single Pole / 3-Way Decorator Dimmer - Gray,LED DIMMER 250W SP/3W GRY,,Gray,,120V,,,,EA,"[""250w led single pole / 3-way decorator dimmer - gray"", ""led dimmer 250w sp/3w gry"", ""devices"", ""dimmers"", ""dimmer"", ""atenuador"", ""led dimmer""]",true
0f902d77-6a24-5cf0-86fd-f1a73d6b46f6,Devices,Dimmers,250W LED Single Pole / 3-Way Decorator Dimmer - Ivory,LED DIMMER 250W SP/3W IVY,,Ivory,,120V,,,,EA,"[""250w led single pole / 3-way decorator dimmer - ivory"", ""led dimmer 250w sp/3w ivy"", ""devices"", ""dimmers"", ""dimmer"", ""atenuador"", ""led dimmer""]",true
d6bc123f-d92c-5f20-9400-288a2ed6427c,Devices,Dimmers,250W LED Single Pole / 3-Way Decorator Dimmer - Light Almond,LED DIMMER 250W SP/3W LA,,Light Almond,,120V,,,,EA,"[""250w led single pole / 3-way decorator dimmer - light almond"", ""led dimmer 250w sp/3w la"", ""devices"", ""dimmers"", ""dimmer"", ""atenuador"", ""led dimmer""]",true
f8a4fbcc-510c-58c9-bf36-edd139d5abd0,Devices,Dimmers,250W LED Single Pole / 3-Way Decorator Dimmer - White,LED DIMMER 250W SP/3W WHT,,White,,120V,,,,EA,"[""250w led single pole / 3-way decorator dimmer - white"", ""led dimmer 250w sp/3w wht"", ""devices"", ""dimmers"", ""dimmer"", ""atenuador"", ""led dimmer""]",true
527f300d-2c6d-5d45-96fd-2e31a7710703,Devices,GFCI Receptacles,15A GFCI Tamper-Resistant Receptacle - Black,15A GFCI TR BLK,,Black,15,125V,,,,EA,"[""15a gfci tamper-resistant receptacle - black"", ""15a gfci tr blk"", ""devices"", ""gfci receptacles"", ""gfci outlet"", ""gfi"", ""tomacorriente gfci""]",true
958cfe7b-9ab9-553c-8c30-c5956ad1adbd,Devices,GFCI Receptacles,15A GFCI Tamper-Resistant Receptacle - Brown,15A GFCI TR BRN,,Brown,15,125V,,,,EA,"[""15a gfci tamper-resistant receptacle - brown"", ""15a gfci tr brn"", ""devices"", ""gfci receptacles"", ""gfci outlet"", ""gfi"", ""tomacorriente gfci""]",true
6378b350-2cfb-59eb-91b3-02184b91e334,Devices,GFCI Receptacles,15A GFCI Tamper-Resistant Receptacle - Gray,15A GFCI TR GRY,,Gray,15,125V,,,,EA,"[""15a gfci tamper-resistant receptacle - gray"", ""15a gfci tr gry"", ""devices"", ""gfci receptacles"", ""gfci outlet"", ""gfi"", ""tomacorriente gfci""]",true
84a32e44-8dac-5062-a19c-b22c36e7f501,Devices,GFCI Receptacles,15A GFCI Tamper-Resistant Receptacle - Ivory,15A GFCI TR IVY,,Ivory,15,125V,,,,EA,"[""15a gfci tamper-resistant receptacle - ivory"", ""15a gfci tr ivy"", ""devices"", ""gfci receptacles"", ""gfci outlet"", ""gfi"", ""tomacorriente gfci""]",true
382058e7-8a63-5cec-9145-f7526fd6ceb2,Devices,GFCI Receptacles,15A GFCI Tamper-Resistant Receptacle - Light Almond,15A GFCI TR LA,,Light Almond,15,125V,,,,EA,"[""15a gfci tamper-resistant receptacle - light almond"", ""15a gfci tr la"", ""devices"", ""gfci receptacles"", ""gfci outlet"", ""gfi"", ""tomacorriente gfci""]",true
10a7a64a-1e7d-5d81-8ac6-a8392d6fa324,Devices,GFCI Receptacles,15A GFCI Tamper-Resistant Receptacle - White,15A GFCI TR WHT,,White,15,125V,,,,EA,"[""15a gfci tamper-resistant receptacle - white"", ""15a gfci tr wht"", ""devices"", ""gfci receptacles"", ""gfci outlet"", ""gfi"", ""tomacorriente gfci""]",true
68e6afe3-e058-5c1a-a494-06c09d4bce46,Devices,GFCI Receptacles,15A GFCI Tamper-Resistant Weather-Resistant Receptacle - Black,15A GFCI TR WR BLK,,Black,15,125V,,,,EA,"[""15a gfci tamper-resistant weather-resistant receptacle - black"", ""15a gfci tr wr blk"", ""devices"", ""gfci receptacles"", ""gfci outlet"", ""gfi"", ""tomacorriente gfci""]",true
f878c063-2411-530e-807c-37b07ffe80d0,Devices,GFCI Receptacles,15A GFCI Tamper-Resistant Weather-Resistant Receptacle - Brown,15A GFCI TR WR BRN,,Brown,15,125V,,,,EA,"[""15a gfci tamper-resistant weather-resistant receptacle - brown"", ""15a gfci tr wr brn"", ""devices"", ""gfci receptacles"", ""gfci outlet"", ""gfi"", ""tomacorriente gfci""]",true
c602cfa5-cc48-55e0-ba3c-64792559f032,Devices,GFCI Receptacles,15A GFCI Tamper-Resistant Weather-Resistant Receptacle - Gray,15A GFCI TR WR GRY,,Gray,15,125V,,,,EA,"[""15a gfci tamper-resistant weather-resistant receptacle - gray"", ""15a gfci tr wr gry"", ""devices"", ""gfci receptacles"", ""gfci outlet"", ""gfi"", ""tomacorriente gfci""]",true
0c848c2a-7412-595c-9701-630a09d3d4ab,Devices,GFCI Receptacles,15A GFCI Tamper-Resistant Weather-Resistant Receptacle - Ivory,15A GFCI TR WR IVY,,Ivory,15,125V,,,,EA,"[""15a gfci tamper-resistant weather-resistant receptacle - ivory"", ""15a gfci tr wr ivy"", ""devices"", ""gfci receptacles"", ""gfci outlet"", ""gfi"", ""tomacorriente gfci""]",true
f4a0c10f-192c-5038-8176-1a5a15ee770d,Devices,GFCI Receptacles,15A GFCI Tamper-Resistant Weather-Resistant Receptacle - Light Almond,15A GFCI TR WR LA,,Light Almond,15,125V,,,,EA,"[""15a gfci tamper-resistant weather-resistant receptacle - light almond"", ""15a gfci tr wr la"", ""devices"", ""gfci receptacles"", ""gfci outlet"", ""gfi"", ""tomacorriente gfci""]",true
7783ca84-bbda-5a0d-ab91-4e1f63dadca9,Devices,GFCI Receptacles,15A GFCI Tamper-Resistant Weather-Resistant Receptacle - White,15A GFCI TR WR WHT,,White,15,125V,,,,EA,"[""15a gfci tamper-resistant weather-resistant receptacle - white"", ""15a gfci tr wr wht"", ""devices"", ""gfci receptacles"", ""gfci outlet"", ""gfi"", ""tomacorriente gfci""]",true
44fa35f0-0ad9-57e8-b4c6-99d8ea411e24,Devices,GFCI Receptacles,20A GFCI Tamper-Resistant Receptacle - Black,20A GFCI TR BLK,,Black,20,125V,,,,EA,"[""20a gfci tamper-resistant receptacle - black"", ""20a gfci tr blk"", ""devices"", ""gfci receptacles"", ""gfci outlet"", ""gfi"", ""tomacorriente gfci""]",true
c6c156fd-d444-56ea-92f3-e9acd27fabe0,Devices,GFCI Receptacles,20A GFCI Tamper-Resistant Receptacle - Brown,20A GFCI TR BRN,,Brown,20,125V,,,,EA,"[""20a gfci tamper-resistant receptacle - brown"", ""20a gfci tr brn"", ""devices"", ""gfci receptacles"", ""gfci outlet"", ""gfi"", ""tomacorriente gfci""]",true
9f62ea4d-fc9a-5ad9-8eb9-609a9c7d74f5,Devices,GFCI Receptacles,20A GFCI Tamper-Resistant Receptacle - Gray,20A GFCI TR GRY,,Gray,20,125V,,,,EA,"[""20a gfci tamper-resistant receptacle - gray"", ""20a gfci tr gry"", ""devices"", ""gfci receptacles"", ""gfci outlet"", ""gfi"", ""tomacorriente gfci""]",true
603cb33f-385e-542c-9c87-d5d0f45522f5,Devices,GFCI Receptacles,20A GFCI Tamper-Resistant Receptacle - Ivory,20A GFCI TR IVY,,Ivory,20,125V,,,,EA,"[""20a gfci tamper-resistant receptacle - ivory"", ""20a gfci tr ivy"", ""devices"", ""gfci receptacles"", ""gfci outlet"", ""gfi"", ""tomacorriente gfci""]",true
a9299a32-9414-55ea-a919-11183129fe69,Devices,GFCI Receptacles,20A GFCI Tamper-Resistant Receptacle - Light Almond,20A GFCI TR LA,,Light Almond,20,125V,,,,EA,"[""20a gfci tamper-resistant receptacle - light almond"", ""20a gfci tr la"", ""devices"", ""gfci receptacles"", ""gfci outlet"", ""gfi"", ""tomacorriente gfci""]",true
9ff7a571-9caf-5935-8326-edb7ee723ef7,Devices,GFCI Receptacles,20A GFCI Tamper-Resistant Receptacle - White,20A GFCI TR WHT,,White,20,125V,,,,EA,"[""20a gfci tamper-resistant receptacle - white"", ""20a gfci tr wht"", ""devices"", ""gfci receptacles"", ""gfci outlet"", ""gfi"", ""tomacorriente gfci""]",true
f192fcc5-99f9-5eb6-84d0-3aed976b72c1,Devices,GFCI Receptacles,20A GFCI Tamper-Resistant Weather-Resistant Receptacle - Black,20A GFCI TR WR BLK,,Black,20,125V,,,,EA,"[""20a gfci tamper-resistant weather-resistant receptacle - black"", ""20a gfci tr wr blk"", ""devices"", ""gfci receptacles"", ""gfci outlet"", ""gfi"", ""tomacorriente gfci""]",true
064bb307-7349-51d8-972c-fc2686d1ce61,Devices,GFCI Receptacles,20A GFCI Tamper-Resistant Weather-Resistant Receptacle - Brown,20A GFCI TR WR BRN,,Brown,20,125V,,,,EA,"[""20a gfci tamper-resistant weather-resistant receptacle - brown"", ""20a gfci tr wr brn"", ""devices"", ""gfci receptacles"", ""gfci outlet"", ""gfi"", ""tomacorriente gfci""]",true
8698b4e9-01e7-5943-b08a-44f72d8a9299,Devices,GFCI Receptacles,20A GFCI Tamper-Resistant Weather-Resistant Receptacle - Gray,20A GFCI TR WR GRY,,Gray,20,125V,,,,EA,"[""20a gfci tamper-resistant weather-resistant receptacle - gray"", ""20a gfci tr wr gry"", ""devices"", ""gfci receptacles"", ""gfci outlet"", ""gfi"", ""tomacorriente gfci""]",true
bfa8f05c-8723-5142-a21d-a7b810a48816,Devices,GFCI Receptacles,20A GFCI Tamper-Resistant Weather-Resistant Receptacle - Ivory,20A GFCI TR WR IVY,,Ivory,20,125V,,,,EA,"[""20a gfci tamper-resistant weather-resistant receptacle - ivory"", ""20a gfci tr wr ivy"", ""devices"", ""gfci receptacles"", ""gfci outlet"", ""gfi"", ""tomacorriente gfci""]",true
221d8ce1-d433-5d4d-97b7-b6354ad6641f,Devices,GFCI Receptacles,20A GFCI Tamper-Resistant Weather-Resistant Receptacle - Light Almond,20A GFCI TR WR LA,,Light Almond,20,125V,,,,EA,"[""20a gfci tamper-resistant weather-resistant receptacle - light almond"", ""20a gfci tr wr la"", ""devices"", ""gfci receptacles"", ""gfci outlet"", ""gfi"", ""tomacorriente gfci""]",true
37297a56-7de5-597b-98b9-eb29349cd5ce,Devices,GFCI Receptacles,20A GFCI Tamper-Resistant Weather-Resistant Receptacle - White,20A GFCI TR WR WHT,,White,20,125V,,,,EA,"[""20a gfci tamper-resistant weather-resistant receptacle - white"", ""20a gfci tr wr wht"", ""devices"", ""gfci receptacles"", ""gfci outlet"", ""gfi"", ""tomacorriente gfci""]",true
7d2dc604-1215-5985-bf12-4b66351c1e50,Devices,Power Devices,NEMA 14-30 30A Cord Connector,NEMA 14-30 30A CORD CONNECTOR,14-30,,30,125/250V,,,,EA,"[""nema 14-30 30a cord connector"", ""devices"", ""power devices"", ""power outlet"", ""enchufe""]",true
0357b972-c96b-5420-8c5a-96ecf9ec046c,Devices,Power Devices,NEMA 14-30 30A Plug,NEMA 14-30 30A PLUG,14-30,,30,125/250V,,,,EA,"[""nema 14-30 30a plug"", ""devices"", ""power devices"", ""power outlet"", ""enchufe""]",true
bc50f44f-2e20-5aba-a73a-95c362694862,Devices,Power Devices,NEMA 14-30 30A Receptacle,NEMA 14-30 30A RECEPTACLE,14-30,,30,125/250V,,,,EA,"[""nema 14-30 30a receptacle"", ""devices"", ""power devices"", ""power outlet"", ""enchufe""]",true
c11d1e81-6a0a-590d-995f-b1a3e5a9b0c3,Devices,Power Devices,NEMA 14-50 50A Cord Connector,NEMA 14-50 50A CORD CONNECTOR,14-50,,50,125/250V,,,,EA,"[""nema 14-50 50a cord connector"", ""devices"", ""power devices"", ""power outlet"", ""enchufe""]",true
f0b07c68-1179-5ea9-a568-36985ca3efc8,Devices,Power Devices,NEMA 14-50 50A Plug,NEMA 14-50 50A PLUG,14-50,,50,125/250V,,,,EA,"[""nema 14-50 50a plug"", ""devices"", ""power devices"", ""power outlet"", ""enchufe""]",true
fdff5fcc-f40d-5605-8d18-2e109f26b274,Devices,Power Devices,NEMA 14-50 50A Receptacle,NEMA 14-50 50A RECEPTACLE,14-50,,50,125/250V,,,,EA,"[""nema 14-50 50a receptacle"", ""devices"", ""power devices"", ""power outlet"", ""enchufe""]",true
59a02e55-9e2f-57ec-aa8a-ee8b781d6cfd,Devices,Power Devices,NEMA 5-15 15A Cord Connector,NEMA 5-15 15A CORD CONNECTOR,5-15,,15,125V,,,,EA,"[""nema 5-15 15a cord connector"", ""devices"", ""power devices"", ""power outlet"", ""enchufe""]",true
1e7a402c-f3d4-5f73-aad5-cfddfcb53796,Devices,Power Devices,NEMA 5-15 15A Plug,NEMA 5-15 15A PLUG,5-15,,15,125V,,,,EA,"[""nema 5-15 15a plug"", ""devices"", ""power devices"", ""power outlet"", ""enchufe""]",true
2ef9a407-f72b-5b08-ac3d-ad8123f2b7af,Devices,Power Devices,NEMA 5-15 15A Receptacle,NEMA 5-15 15A RECEPTACLE,5-15,,15,125V,,,,EA,"[""nema 5-15 15a receptacle"", ""devices"", ""power devices"", ""power outlet"", ""enchufe""]",true
88993acb-f290-5fdf-852d-39475f3dbca3,Devices,Power Devices,NEMA 5-20 20A Cord Connector,NEMA 5-20 20A CORD CONNECTOR,5-20,,20,125V,,,,EA,"[""nema 5-20 20a cord connector"", ""devices"", ""power devices"", ""power outlet"", ""enchufe""]",true
084c68d9-83df-5ab7-b150-a6c5a674253d,Devices,Power Devices,NEMA 5-20 20A Plug,NEMA 5-20 20A PLUG,5-20,,20,125V,,,,EA,"[""nema 5-20 20a plug"", ""devices"", ""power devices"", ""power outlet"", ""enchufe""]",true
513359c2-be5e-599c-b4cc-183c420b8d44,Devices,Power Devices,NEMA 5-20 20A Receptacle,NEMA 5-20 20A RECEPTACLE,5-20,,20,125V,,,,EA,"[""nema 5-20 20a receptacle"", ""devices"", ""power devices"", ""power outlet"", ""enchufe""]",true
ab6ac668-6bb8-5cfb-8171-37626da094c1,Devices,Power Devices,NEMA 6-20 20A Cord Connector,NEMA 6-20 20A CORD CONNECTOR,6-20,,20,250V,,,,EA,"[""nema 6-20 20a cord connector"", ""devices"", ""power devices"", ""power outlet"", ""enchufe""]",true
7a550302-c19b-5fed-87cf-5b01a4a09218,Devices,Power Devices,NEMA 6-20 20A Plug,NEMA 6-20 20A PLUG,6-20,,20,250V,,,,EA,"[""nema 6-20 20a plug"", ""devices"", ""power devices"", ""power outlet"", ""enchufe""]",true
81c20d53-8df7-5923-9e64-802678cff4c0,Devices,Power Devices,NEMA 6-20 20A Receptacle,NEMA 6-20 20A RECEPTACLE,6-20,,20,250V,,,,EA,"[""nema 6-20 20a receptacle"", ""devices"", ""power devices"", ""power outlet"", ""enchufe""]",true
b2903ca3-0977-5253-8e04-2f33e175e68c,Devices,Power Devices,NEMA 6-30 30A Cord Connector,NEMA 6-30 30A CORD CONNECTOR,6-30,,30,250V,,,,EA,"[""nema 6-30 30a cord connector"", ""devices"", ""power devices"", ""power outlet"", ""enchufe""]",true
2e05ddfd-337d-5894-a531-aced2d1e6507,Devices,Power Devices,NEMA 6-30 30A Plug,NEMA 6-30 30A PLUG,6-30,,30,250V,,,,EA,"[""nema 6-30 30a plug"", ""devices"", ""power devices"", ""power outlet"", ""enchufe""]",true
e6a88169-5e3d-5e63-ab19-9a6c7bf8d2c0,Devices,Power Devices,NEMA 6-30 30A Receptacle,NEMA 6-30 30A RECEPTACLE,6-30,,30,250V,,,,EA,"[""nema 6-30 30a receptacle"", ""devices"", ""power devices"", ""power outlet"", ""enchufe""]",true
74f81274-f0e1-50ea-bb08-188e99839cce,Devices,Power Devices,NEMA 6-50 50A Cord Connector,NEMA 6-50 50A CORD CONNECTOR,6-50,,50,250V,,,,EA,"[""nema 6-50 50a cord connector"", ""devices"", ""power devices"", ""power outlet"", ""enchufe""]",true
25bf1b60-dca3-51be-9a38-c3e5d32efea3,Devices,Power Devices,NEMA 6-50 50A Plug,NEMA 6-50 50A PLUG,6-50,,50,250V,,,,EA,"[""nema 6-50 50a plug"", ""devices"", ""power devices"", ""power outlet"", ""enchufe""]",true
cb1e2b3f-a48d-5bb5-938c-b9d610f04c5d,Devices,Power Devices,NEMA 6-50 50A Receptacle,NEMA 6-50 50A RECEPTACLE,6-50,,50,250V,,,,EA,"[""nema 6-50 50a receptacle"", ""devices"", ""power devices"", ""power outlet"", ""enchufe""]",true
acd12e3e-18cd-52e3-a865-d9a55711891d,Devices,Power Devices,NEMA L14-20 20A Cord Connector,NEMA L14-20 20A CORD CONNECTOR,L14-20,,20,125/250V,,,,EA,"[""nema l14-20 20a cord connector"", ""devices"", ""power devices"", ""twist lock"", ""enchufe""]",true
2558b6b1-26b1-52f9-8883-8021cb973a42,Devices,Power Devices,NEMA L14-20 20A Plug,NEMA L14-20 20A PLUG,L14-20,,20,125/250V,,,,EA,"[""nema l14-20 20a plug"", ""devices"", ""power devices"", ""twist lock"", ""enchufe""]",true
b6a4fa72-51ee-5ba1-a6f1-b1599ac17746,Devices,Power Devices,NEMA L14-20 20A Receptacle,NEMA L14-20 20A RECEPTACLE,L14-20,,20,125/250V,,,,EA,"[""nema l14-20 20a receptacle"", ""devices"", ""power devices"", ""twist lock"", ""enchufe""]",true
1f31a7ef-9322-5d9a-889b-8f92704e4f92,Devices,Power Devices,NEMA L14-30 30A Cord Connector,NEMA L14-30 30A CORD CONNECTOR,L14-30,,30,125/250V,,,,EA,"[""nema l14-30 30a cord connector"", ""devices"", ""power devices"", ""twist lock"", ""enchufe""]",true
5f2e5c84-2e1c-5527-a451-07c1e74e046e,Devices,Power Devices,NEMA L14-30 30A Plug,NEMA L14-30 30A PLUG,L14-30,,30,125/250V,,,,EA,"[""nema l14-30 30a plug"", ""devices"", ""power devices"", ""twist lock"", ""enchufe""]",true
b1fdb06f-6148-5cf7-98d0-67ea5187c9aa,Devices,Power Devices,NEMA L14-30 30A Receptacle,NEMA L14-30 30A RECEPTACLE,L14-30,,30,125/250V,,,,EA,"[""nema l14-30 30a receptacle"", ""devices"", ""power devices"", ""twist lock"", ""enchufe""]",true
117d6dee-fd17-56c1-b92f-acc6ac7e9944,Devices,Power Devices,NEMA L5-20 20A Cord Connector,NEMA L5-20 20A CORD CONNECTOR,L5-20,,20,125V,,,,EA,"[""nema l5-20 20a cord connector"", ""devices"", ""power devices"", ""twist lock"", ""enchufe""]",true
a7e8cfb8-0ac7-5639-be86-aa2b955b16b2,Devices,Power Devices,NEMA L5-20 20A Plug,NEMA L5-20 20A PLUG,L5-20,,20,125V,,,,EA,"[""nema l5-20 20a plug"", ""devices"", ""power devices"", ""twist lock"", ""enchufe""]",true
730d9fcb-61da-5356-9a06-cc74e4ffe8cb,Devices,Power Devices,NEMA L5-20 20A Receptacle,NEMA L5-20 20A RECEPTACLE,L5-20,,20,125V,,,,EA,"[""nema l5-20 20a receptacle"", ""devices"", ""power devices"", ""twist lock"", ""enchufe""]",true
610c2c7b-a037-5cbc-aa9d-8d60d85f8bc0,Devices,Power Devices,NEMA L5-30 30A Cord Connector,NEMA L5-30 30A CORD CONNECTOR,L5-30,,30,125V,,,,EA,"[""nema l5-30 30a cord connector"", ""devices"", ""power devices"", ""twist lock"", ""enchufe""]",true
9cc323e5-5671-5de0-930a-bb4e3e508aed,Devices,Power Devices,NEMA L5-30 30A Plug,NEMA L5-30 30A PLUG,L5-30,,30,125V,,,,EA,"[""nema l5-30 30a plug"", ""devices"", ""power devices"", ""twist lock"", ""enchufe""]",true
2641992d-dd27-5ff4-9c48-c7bfcedbb46f,Devices,Power Devices,NEMA L5-30 30A Receptacle,NEMA L5-30 30A RECEPTACLE,L5-30,,30,125V,,,,EA,"[""nema l5-30 30a receptacle"", ""devices"", ""power devices"", ""twist lock"", ""enchufe""]",true
7fac9b10-f4b4-5f24-97df-0d77bf65c4fd,Devices,Power Devices,NEMA L6-20 20A Cord Connector,NEMA L6-20 20A CORD CONNECTOR,L6-20,,20,250V,,,,EA,"[""nema l6-20 20a cord connector"", ""devices"", ""power devices"", ""twist lock"", ""enchufe""]",true
d4ef917a-caa6-5435-a206-1006afbb7f3f,Devices,Power Devices,NEMA L6-20 20A Plug,NEMA L6-20 20A PLUG,L6-20,,20,250V,,,,EA,"[""nema l6-20 20a plug"", ""devices"", ""power devices"", ""twist lock"", ""enchufe""]",true
893e7536-1d0b-5166-911a-226a44f5837d,Devices,Power Devices,NEMA L6-20 20A Receptacle,NEMA L6-20 20A RECEPTACLE,L6-20,,20,250V,,,,EA,"[""nema l6-20 20a receptacle"", ""devices"", ""power devices"", ""twist lock"", ""enchufe""]",true
13485051-68ad-5baf-88e3-f36a92656a6c,Devices,Power Devices,NEMA L6-30 30A Cord Connector,NEMA L6-30 30A CORD CONNECTOR,L6-30,,30,250V,,,,EA,"[""nema l6-30 30a cord connector"", ""devices"", ""power devices"", ""twist lock"", ""enchufe""]",true
15a62836-4a61-5b9a-8e84-f1307d6e2e20,Devices,Power Devices,NEMA L6-30 30A Plug,NEMA L6-30 30A PLUG,L6-30,,30,250V,,,,EA,"[""nema l6-30 30a plug"", ""devices"", ""power devices"", ""twist lock"", ""enchufe""]",true
a160a706-39a2-59ab-b57e-012245b37f0f,Devices,Power Devices,NEMA L6-30 30A Receptacle,NEMA L6-30 30A RECEPTACLE,L6-30,,30,250V,,,,EA,"[""nema l6-30 30a receptacle"", ""devices"", ""power devices"", ""twist lock"", ""enchufe""]",true
9ca0a846-2d89-573b-a881-d7fa24e3d13f,Devices,Receptacles,15A Decorator Standard Receptacle - Black,15A DECORATOR STD REC BLK,,Black,15,125V,,,,EA,"[""15a decorator standard receptacle - black"", ""15a decorator std rec blk"", ""devices"", ""receptacles"", ""outlet"", ""tomacorriente"", ""15 amp receptacle negro""]",true
446de984-8f7b-59ab-bc08-d46ac6bf30ce,Devices,Receptacles,15A Decorator Standard Receptacle - Brown,15A DECORATOR STD REC BRN,,Brown,15,125V,,,,EA,"[""15a decorator standard receptacle - brown"", ""15a decorator std rec brn"", ""devices"", ""receptacles"", ""outlet"", ""tomacorriente"", ""15 amp receptacle marron""]",true
31214e41-bd55-54e2-8855-d2249821bc63,Devices,Receptacles,15A Decorator Standard Receptacle - Gray,15A DECORATOR STD REC GRY,,Gray,15,125V,,,,EA,"[""15a decorator standard receptacle - gray"", ""15a decorator std rec gry"", ""devices"", ""receptacles"", ""outlet"", ""tomacorriente"", ""15 amp receptacle gris""]",true
8e1ef9bd-1d4c-5113-bd72-46b4eae851de,Devices,Receptacles,15A Decorator Standard Receptacle - Ivory,15A DECORATOR STD REC IVY,,Ivory,15,125V,,,,EA,"[""15a decorator standard receptacle - ivory"", ""15a decorator std rec ivy"", ""devices"", ""receptacles"", ""outlet"", ""tomacorriente"", ""15 amp receptacle marfil""]",true
c467edea-ab40-59ee-be4c-f4a24196042a,Devices,Receptacles,15A Decorator Standard Receptacle - Light Almond,15A DECORATOR STD REC LA,,Light Almond,15,125V,,,,EA,"[""15a decorator standard receptacle - light almond"", ""15a decorator std rec la"", ""devices"", ""receptacles"", ""outlet"", ""tomacorriente"", ""15 amp receptacle almendra""]",true
4af5c85a-2b07-5aae-87e7-eebcfa8d7bd0,Devices,Receptacles,15A Decorator Standard Receptacle - White,15A DECORATOR STD REC WHT,,White,15,125V,,,,EA,"[""15a decorator standard receptacle - white"", ""15a decorator std rec wht"", ""devices"", ""receptacles"", ""outlet"", ""tomacorriente"", ""15 amp receptacle blanco""]",true
d28d7dae-056c-564a-8b73-e9bfeda57a24,Devices,Receptacles,15A Decorator Tamper-Resistant Receptacle - Black,15A DECORATOR TR REC BLK,,Black,15,125V,,,,EA,"[""15a decorator tamper-resistant receptacle - black"", ""15a decorator tr rec blk"", ""devices"", ""receptacles"", ""outlet"", ""tomacorriente"", ""15 amp receptacle negro""]",true
812583e4-bb43-58a9-b75a-fe5496fa0d59,Devices,Receptacles,15A Decorator Tamper-Resistant Receptacle - Brown,15A DECORATOR TR REC BRN,,Brown,15,125V,,,,EA,"[""15a decorator tamper-resistant receptacle - brown"", ""15a decorator tr rec brn"", ""devices"", ""receptacles"", ""outlet"", ""tomacorriente"", ""15 amp receptacle marron""]",true
ad245103-f89f-576d-b69b-5e106f38ef3d,Devices,Receptacles,15A Decorator Tamper-Resistant Receptacle - Gray,15A DECORATOR TR REC GRY,,Gray,15,125V,,,,EA,"[""15a decorator tamper-resistant receptacle - gray"", ""15a decorator tr rec gry"", ""devices"", ""receptacles"", ""outlet"", ""tomacorriente"", ""15 amp receptacle gris""]",true
069c4feb-6239-5d7c-a556-65532bcb1398,Devices,Receptacles,15A Decorator Tamper-Resistant Receptacle - Ivory,15A DECORATOR TR REC IVY,,Ivory,15,125V,,,,EA,"[""15a decorator tamper-resistant receptacle - ivory"", ""15a decorator tr rec ivy"", ""devices"", ""receptacles"", ""outlet"", ""tomacorriente"", ""15 amp receptacle marfil""]",true
e2f26f1f-1f71-5278-94fb-4a6ba0013dda,Devices,Receptacles,15A Decorator Tamper-Resistant Receptacle - Light Almond,15A DECORATOR TR REC LA,,Light Almond,15,125V,,,,EA,"[""15a decorator tamper-resistant receptacle - light almond"", ""15a decorator tr rec la"", ""devices"", ""receptacles"", ""outlet"", ""tomacorriente"", ""15 amp receptacle almendra""]",true
f9f025e8-ae43-5d6f-832a-ba91d76d2fea,Devices,Receptacles,15A Decorator Tamper-Resistant Receptacle - White,15A DECORATOR TR REC WHT,,White,15,125V,,,,EA,"[""15a decorator tamper-resistant receptacle - white"", ""15a decorator tr rec wht"", ""devices"", ""receptacles"", ""outlet"", ""tomacorriente"", ""15 amp receptacle blanco""]",true
99236fcb-eb06-560d-835e-e99c88fda88d,Devices,Receptacles,15A Decorator Tamper-Resistant Weather-Resistant Receptacle - Black,15A DECORATOR TR WR REC BLK,,Black,15,125V,,,,EA,"[""15a decorator tamper-resistant weather-resistant receptacle - black"", ""15a decorator tr wr rec blk"", ""devices"", ""receptacles"", ""outlet"", ""tomacorriente"", ""15 amp receptacle negro""]",true
39663ae4-9d0e-5482-8cac-27398f9da128,Devices,Receptacles,15A Decorator Tamper-Resistant Weather-Resistant Receptacle - Brown,15A DECORATOR TR WR REC BRN,,Brown,15,125V,,,,EA,"[""15a decorator tamper-resistant weather-resistant receptacle - brown"", ""15a decorator tr wr rec brn"", ""devices"", ""receptacles"", ""outlet"", ""tomacorriente"", ""15 amp receptacle marron""]",true
5c147bbc-9c03-5343-be6a-b56edc28f78a,Devices,Receptacles,15A Decorator Tamper-Resistant Weather-Resistant Receptacle - Gray,15A DECORATOR TR WR REC GRY,,Gray,15,125V,,,,EA,"[""15a decorator tamper-resistant weather-resistant receptacle - gray"", ""15a decorator tr wr rec gry"", ""devices"", ""receptacles"", ""outlet"", ""tomacorriente"", ""15 amp receptacle gris""]",true
ac60068c-e05a-5a75-87d2-fef7585e576c,Devices,Receptacles,15A Decorator Tamper-Resistant Weather-Resistant Receptacle - Ivory,15A DECORATOR TR WR REC IVY,,Ivory,15,125V,,,,EA,"[""15a decorator tamper-resistant weather-resistant receptacle - ivory"", ""15a decorator tr wr rec ivy"", ""devices"", ""receptacles"", ""outlet"", ""tomacorriente"", ""15 amp receptacle marfil""]",true
ebbddfc6-86d7-5ae9-a887-365bed863a0d,Devices,Receptacles,15A Decorator Tamper-Resistant Weather-Resistant Receptacle - Light Almond,15A DECORATOR TR WR REC LA,,Light Almond,15,125V,,,,EA,"[""15a decorator tamper-resistant weather-resistant receptacle - light almond"", ""15a decorator tr wr rec la"", ""devices"", ""receptacles"", ""outlet"", ""tomacorriente"", ""15 amp receptacle almendra""]",true
090e7973-34c6-53df-a541-2a025d4c7004,Devices,Receptacles,15A Decorator Tamper-Resistant Weather-Resistant Receptacle - White,15A DECORATOR TR WR REC WHT,,White,15,125V,,,,EA,"[""15a decorator tamper-resistant weather-resistant receptacle - white"", ""15a decorator tr wr rec wht"", ""devices"", ""receptacles"", ""outlet"", ""tomacorriente"", ""15 amp receptacle blanco""]",true
50be2a8e-2c3a-55e9-9490-4f88d516b215,Devices,Receptacles,15A Duplex Standard Receptacle - Black,15A DUPLEX STD REC BLK,,Black,15,125V,,,,EA,"[""15a duplex standard receptacle - black"", ""15a duplex std rec blk"", ""devices"", ""receptacles"", ""outlet"", ""tomacorriente"", ""15 amp receptacle negro""]",true
6dd651e5-72fc-53e0-889f-3c1e28e356f9,Devices,Receptacles,15A Duplex Standard Receptacle - Brown,15A DUPLEX STD REC BRN,,Brown,15,125V,,,,EA,"[""15a duplex standard receptacle - brown"", ""15a duplex std rec brn"", ""devices"", ""receptacles"", ""outlet"", ""tomacorriente"", ""15 amp receptacle marron""]",true
4cff3d2b-cf88-58b9-a32b-5b4e6773c89a,Devices,Receptacles,15A Duplex Standard Receptacle - Gray,15A DUPLEX STD REC GRY,,Gray,15,125V,,,,EA,"[""15a duplex standard receptacle - gray"", ""15a duplex std rec gry"", ""devices"", ""receptacles"", ""outlet"", ""tomacorriente"", ""15 amp receptacle gris""]",true
c64edcce-7ba0-586a-90a7-fbbc6b0cbc6b,Devices,Receptacles,15A Duplex Standard Receptacle - Ivory,15A DUPLEX STD REC IVY,,Ivory,15,125V,,,,EA,"[""15a duplex standard receptacle - ivory"", ""15a duplex std rec ivy"", ""devices"", ""receptacles"", ""outlet"", ""tomacorriente"", ""15 amp receptacle marfil""]",true
f794eea4-8a90-5394-8774-9e5aa805e75f,Devices,Receptacles,15A Duplex Standard Receptacle - Light Almond,15A DUPLEX STD REC LA,,Light Almond,15,125V,,,,EA,"[""15a duplex standard receptacle - light almond"", ""15a duplex std rec la"", ""devices"", ""receptacles"", ""outlet"", ""tomacorriente"", ""15 amp receptacle almendra""]",true
4f589088-50ec-52e7-a68a-6214ad5a1217,Devices,Receptacles,15A Duplex Standard Receptacle - White,15A DUPLEX STD REC WHT,,White,15,125V,,,,EA,"[""15a duplex standard receptacle - white"", ""15a duplex std rec wht"", ""devices"", ""receptacles"", ""outlet"", ""tomacorriente"", ""15 amp receptacle blanco""]",true
8c2cf88a-cb90-535c-81db-7a95734fb1f3,Devices,Receptacles,15A Duplex Tamper-Resistant Receptacle - Black,15A DUPLEX TR REC BLK,,Black,15,125V,,,,EA,"[""15a duplex tamper-resistant receptacle - black"", ""15a duplex tr rec blk"", ""devices"", ""receptacles"", ""outlet"", ""tomacorriente"", ""15 amp receptacle negro""]",true
aeb47b47-05f1-5898-8431-732117611f95,Devices,Receptacles,15A Duplex Tamper-Resistant Receptacle - Brown,15A DUPLEX TR REC BRN,,Brown,15,125V,,,,EA,"[""15a duplex tamper-resistant receptacle - brown"", ""15a duplex tr rec brn"", ""devices"", ""receptacles"", ""outlet"", ""tomacorriente"", ""15 amp receptacle marron""]",true
c2914e7e-8c54-5dc3-94f8-acd152537fc7,Devices,Receptacles,15A Duplex Tamper-Resistant Receptacle - Gray,15A DUPLEX TR REC GRY,,Gray,15,125V,,,,EA,"[""15a duplex tamper-resistant receptacle - gray"", ""15a duplex tr rec gry"", ""devices"", ""receptacles"", ""outlet"", ""tomacorriente"", ""15 amp receptacle gris""]",true
e34d44b0-be15-587a-ab81-b2166d4f759d,Devices,Receptacles,15A Duplex Tamper-Resistant Receptacle - Ivory,15A DUPLEX TR REC IVY,,Ivory,15,125V,,,,EA,"[""15a duplex tamper-resistant receptacle - ivory"", ""15a duplex tr rec ivy"", ""devices"", ""receptacles"", ""outlet"", ""tomacorriente"", ""15 amp receptacle marfil""]",true
7a6f6f0d-5a87-5412-9eda-b61a586515fa,Devices,Receptacles,15A Duplex Tamper-Resistant Receptacle - Light Almond,15A DUPLEX TR REC LA,,Light Almond,15,125V,,,,EA,"[""15a duplex tamper-resistant receptacle - light almond"", ""15a duplex tr rec la"", ""devices"", ""receptacles"", ""outlet"", ""tomacorriente"", ""15 amp receptacle almendra""]",true
25d78ceb-66c3-5056-bb1e-582424b2eee7,Devices,Receptacles,15A Duplex Tamper-Resistant Receptacle - White,15A DUPLEX TR REC WHT,,White,15,125V,,,,EA,"[""15a duplex tamper-resistant receptacle - white"", ""15a duplex tr rec wht"", ""devices"", ""receptacles"", ""outlet"", ""tomacorriente"", ""15 amp receptacle blanco""]",true
7949ee9a-f134-5a54-958e-f5874213ae07,Devices,Receptacles,15A Duplex Tamper-Resistant Weather-Resistant Receptacle - Black,15A DUPLEX TR WR REC BLK,,Black,15,125V,,,,EA,"[""15a duplex tamper-resistant weather-resistant receptacle - black"", ""15a duplex tr wr rec blk"", ""devices"", ""receptacles"", ""outlet"", ""tomacorriente"", ""15 amp receptacle negro""]",true
4bd0d8f8-ebed-54fd-b014-f78991362189,Devices,Receptacles,15A Duplex Tamper-Resistant Weather-Resistant Receptacle - Brown,15A DUPLEX TR WR REC BRN,,Brown,15,125V,,,,EA,"[""15a duplex tamper-resistant weather-resistant receptacle - brown"", ""15a duplex tr wr rec brn"", ""devices"", ""receptacles"", ""outlet"", ""tomacorriente"", ""15 amp receptacle marron""]",true
cfda4cd1-9567-5f0a-bdfc-55526e9227a2,Devices,Receptacles,15A Duplex Tamper-Resistant Weather-Resistant Receptacle - Gray,15A DUPLEX TR WR REC GRY,,Gray,15,125V,,,,EA,"[""15a duplex tamper-resistant weather-resistant receptacle - gray"", ""15a duplex tr wr rec gry"", ""devices"", ""receptacles"", ""outlet"", ""tomacorriente"", ""15 amp receptacle gris""]",true
1b04e02e-9ef0-572b-b948-53d8a81ca863,Devices,Receptacles,15A Duplex Tamper-Resistant Weather-Resistant Receptacle - Ivory,15A DUPLEX TR WR REC IVY,,Ivory,15,125V,,,,EA,"[""15a duplex tamper-resistant weather-resistant receptacle - ivory"", ""15a duplex tr wr rec ivy"", ""devices"", ""receptacles"", ""outlet"", ""tomacorriente"", ""15 amp receptacle marfil""]",true
ecb7c535-102a-517d-abd9-63f6a3ea2605,Devices,Receptacles,15A Duplex Tamper-Resistant Weather-Resistant Receptacle - Light Almond,15A DUPLEX TR WR REC LA,,Light Almond,15,125V,,,,EA,"[""15a duplex tamper-resistant weather-resistant receptacle - light almond"", ""15a duplex tr wr rec la"", ""devices"", ""receptacles"", ""outlet"", ""tomacorriente"", ""15 amp receptacle almendra""]",true
009bee13-3020-5729-8fcc-3003f1041489,Devices,Receptacles,15A Duplex Tamper-Resistant Weather-Resistant Receptacle - White,15A DUPLEX TR WR REC WHT,,White,15,125V,,,,EA,"[""15a duplex tamper-resistant weather-resistant receptacle - white"", ""15a duplex tr wr rec wht"", ""devices"", ""receptacles"", ""outlet"", ""tomacorriente"", ""15 amp receptacle blanco""]",true
d8b7d0d7-fa4a-57f1-a1a4-281d5c6eaa2b,Devices,Receptacles,20A Decorator Standard Receptacle - Black,20A DECORATOR STD REC BLK,,Black,20,125V,,,,EA,"[""20a decorator standard receptacle - black"", ""20a decorator std rec blk"", ""devices"", ""receptacles"", ""outlet"", ""tomacorriente"", ""20 amp receptacle negro""]",true
3991cd0d-1149-5f01-9b8d-02f6637466fe,Devices,Receptacles,20A Decorator Standard Receptacle - Brown,20A DECORATOR STD REC BRN,,Brown,20,125V,,,,EA,"[""20a decorator standard receptacle - brown"", ""20a decorator std rec brn"", ""devices"", ""receptacles"", ""outlet"", ""tomacorriente"", ""20 amp receptacle marron""]",true
26a79cf9-a54f-5cff-bed8-73481e4e464f,Devices,Receptacles,20A Decorator Standard Receptacle - Gray,20A DECORATOR STD REC GRY,,Gray,20,125V,,,,EA,"[""20a decorator standard receptacle - gray"", ""20a decorator std rec gry"", ""devices"", ""receptacles"", ""outlet"", ""tomacorriente"", ""20 amp receptacle gris""]",true
9f4d6559-a2e9-572e-8d1c-5d7bfce51878,Devices,Receptacles,20A Decorator Standard Receptacle - Ivory,20A DECORATOR STD REC IVY,,Ivory,20,125V,,,,EA,"[""20a decorator standard receptacle - ivory"", ""20a decorator std rec ivy"", ""devices"", ""receptacles"", ""outlet"", ""tomacorriente"", ""20 amp receptacle marfil""]",true
c017dfb6-3d04-56e9-85ff-e8abeb31fbd6,Devices,Receptacles,20A Decorator Standard Receptacle - Light Almond,20A DECORATOR STD REC LA,,Light Almond,20,125V,,,,EA,"[""20a decorator standard receptacle - light almond"", ""20a decorator std rec la"", ""devices"", ""receptacles"", ""outlet"", ""tomacorriente"", ""20 amp receptacle almendra""]",true
149b5dbd-8d90-579d-afad-96434733d970,Devices,Receptacles,20A Decorator Standard Receptacle - White,20A DECORATOR STD REC WHT,,White,20,125V,,,,EA,"[""20a decorator standard receptacle - white"", ""20a decorator std rec wht"", ""devices"", ""receptacles"", ""outlet"", ""tomacorriente"", ""20 amp receptacle blanco""]",true
5df17def-62cf-5e0e-9a9f-70b0f3edf953,Devices,Receptacles,20A Decorator Tamper-Resistant Receptacle - Black,20A DECORATOR TR REC BLK,,Black,20,125V,,,,EA,"[""20a decorator tamper-resistant receptacle - black"", ""20a decorator tr rec blk"", ""devices"", ""receptacles"", ""outlet"", ""tomacorriente"", ""20 amp receptacle negro""]",true
a8dc1e7b-711c-5a51-9a37-526c67df7dcc,Devices,Receptacles,20A Decorator Tamper-Resistant Receptacle - Brown,20A DECORATOR TR REC BRN,,Brown,20,125V,,,,EA,"[""20a decorator tamper-resistant receptacle - brown"", ""20a decorator tr rec brn"", ""devices"", ""receptacles"", ""outlet"", ""tomacorriente"", ""20 amp receptacle marron""]",true
48da69bf-1774-5694-aa4c-53e2c289afc3,Devices,Receptacles,20A Decorator Tamper-Resistant Receptacle - Gray,20A DECORATOR TR REC GRY,,Gray,20,125V,,,,EA,"[""20a decorator tamper-resistant receptacle - gray"", ""20a decorator tr rec gry"", ""devices"", ""receptacles"", ""outlet"", ""tomacorriente"", ""20 amp receptacle gris""]",true
fd846ead-6c8d-5e0f-a238-7fa89bac004e,Devices,Receptacles,20A Decorator Tamper-Resistant Receptacle - Ivory,20A DECORATOR TR REC IVY,,Ivory,20,125V,,,,EA,"[""20a decorator tamper-resistant receptacle - ivory"", ""20a decorator tr rec ivy"", ""devices"", ""receptacles"", ""outlet"", ""tomacorriente"", ""20 amp receptacle marfil""]",true
14b2c4e7-28b9-510b-94c9-00ea22b18cc4,Devices,Receptacles,20A Decorator Tamper-Resistant Receptacle - Light Almond,20A DECORATOR TR REC LA,,Light Almond,20,125V,,,,EA,"[""20a decorator tamper-resistant receptacle - light almond"", ""20a decorator tr rec la"", ""devices"", ""receptacles"", ""outlet"", ""tomacorriente"", ""20 amp receptacle almendra""]",true
46727b4d-cc47-575b-aee2-a2211f1d1d6f,Devices,Receptacles,20A Decorator Tamper-Resistant Receptacle - White,20A DECORATOR TR REC WHT,,White,20,125V,,,,EA,"[""20a decorator tamper-resistant receptacle - white"", ""20a decorator tr rec wht"", ""devices"", ""receptacles"", ""outlet"", ""tomacorriente"", ""20 amp receptacle blanco""]",true
9ed1a902-e0cc-5ba4-87cc-5ecba871f715,Devices,Receptacles,20A Decorator Tamper-Resistant Weather-Resistant Receptacle - Black,20A DECORATOR TR WR REC BLK,,Black,20,125V,,,,EA,"[""20a decorator tamper-resistant weather-resistant receptacle - black"", ""20a decorator tr wr rec blk"", ""devices"", ""receptacles"", ""outlet"", ""tomacorriente"", ""20 amp receptacle negro""]",true
ff8fc4ea-a875-5033-81a3-5191829da6db,Devices,Receptacles,20A Decorator Tamper-Resistant Weather-Resistant Receptacle - Brown,20A DECORATOR TR WR REC BRN,,Brown,20,125V,,,,EA,"[""20a decorator tamper-resistant weather-resistant receptacle - brown"", ""20a decorator tr wr rec brn"", ""devices"", ""receptacles"", ""outlet"", ""tomacorriente"", ""20 amp receptacle marron""]",true
1ea57ec4-84a6-57d2-83ed-7877ca834ae2,Devices,Receptacles,20A Decorator Tamper-Resistant Weather-Resistant Receptacle - Gray,20A DECORATOR TR WR REC GRY,,Gray,20,125V,,,,EA,"[""20a decorator tamper-resistant weather-resistant receptacle - gray"", ""20a decorator tr wr rec gry"", ""devices"", ""receptacles"", ""outlet"", ""tomacorriente"", ""20 amp receptacle gris""]",true
78320d6f-9b85-5225-b56a-51966eb6b02f,Devices,Receptacles,20A Decorator Tamper-Resistant Weather-Resistant Receptacle - Ivory,20A DECORATOR TR WR REC IVY,,Ivory,20,125V,,,,EA,"[""20a decorator tamper-resistant weather-resistant receptacle - ivory"", ""20a decorator tr wr rec ivy"", ""devices"", ""receptacles"", ""outlet"", ""tomacorriente"", ""20 amp receptacle marfil""]",true
3499c3a6-f651-5e31-b697-29e848bca13a,Devices,Receptacles,20A Decorator Tamper-Resistant Weather-Resistant Receptacle - Light Almond,20A DECORATOR TR WR REC LA,,Light Almond,20,125V,,,,EA,"[""20a decorator tamper-resistant weather-resistant receptacle - light almond"", ""20a decorator tr wr rec la"", ""devices"", ""receptacles"", ""outlet"", ""tomacorriente"", ""20 amp receptacle almendra""]",true
b677fbe9-6211-52ab-b336-f0146099d34c,Devices,Receptacles,20A Decorator Tamper-Resistant Weather-Resistant Receptacle - White,20A DECORATOR TR WR REC WHT,,White,20,125V,,,,EA,"[""20a decorator tamper-resistant weather-resistant receptacle - white"", ""20a decorator tr wr rec wht"", ""devices"", ""receptacles"", ""outlet"", ""tomacorriente"", ""20 amp receptacle blanco""]",true
8d63dd78-a4f8-53d6-8b3e-ceef4c2d4b70,Devices,Receptacles,20A Duplex Standard Receptacle - Black,20A DUPLEX STD REC BLK,,Black,20,125V,,,,EA,"[""20a duplex standard receptacle - black"", ""20a duplex std rec blk"", ""devices"", ""receptacles"", ""outlet"", ""tomacorriente"", ""20 amp receptacle negro""]",true
5a0ce01b-c39f-5846-bbd5-5e440aeac36c,Devices,Receptacles,20A Duplex Standard Receptacle - Brown,20A DUPLEX STD REC BRN,,Brown,20,125V,,,,EA,"[""20a duplex standard receptacle - brown"", ""20a duplex std rec brn"", ""devices"", ""receptacles"", ""outlet"", ""tomacorriente"", ""20 amp receptacle marron""]",true
1c61bccb-c2b6-526a-bd8a-3299d28d0931,Devices,Receptacles,20A Duplex Standard Receptacle - Gray,20A DUPLEX STD REC GRY,,Gray,20,125V,,,,EA,"[""20a duplex standard receptacle - gray"", ""20a duplex std rec gry"", ""devices"", ""receptacles"", ""outlet"", ""tomacorriente"", ""20 amp receptacle gris""]",true
c245c5cf-552a-5b77-87b0-370c47bb347d,Devices,Receptacles,20A Duplex Standard Receptacle - Ivory,20A DUPLEX STD REC IVY,,Ivory,20,125V,,,,EA,"[""20a duplex standard receptacle - ivory"", ""20a duplex std rec ivy"", ""devices"", ""receptacles"", ""outlet"", ""tomacorriente"", ""20 amp receptacle marfil""]",true
d330bead-285c-59da-a550-90f4e0aefe90,Devices,Receptacles,20A Duplex Standard Receptacle - Light Almond,20A DUPLEX STD REC LA,,Light Almond,20,125V,,,,EA,"[""20a duplex standard receptacle - light almond"", ""20a duplex std rec la"", ""devices"", ""receptacles"", ""outlet"", ""tomacorriente"", ""20 amp receptacle almendra""]",true
9e2115a5-c32c-5779-b6f2-9f634a84c33d,Devices,Receptacles,20A Duplex Standard Receptacle - White,20A DUPLEX STD REC WHT,,White,20,125V,,,,EA,"[""20a duplex standard receptacle - white"", ""20a duplex std rec wht"", ""devices"", ""receptacles"", ""outlet"", ""tomacorriente"", ""20 amp receptacle blanco""]",true
c152f94a-8937-5325-ac2d-c4f6a3c82fff,Devices,Receptacles,20A Duplex Tamper-Resistant Receptacle - Black,20A DUPLEX TR REC BLK,,Black,20,125V,,,,EA,"[""20a duplex tamper-resistant receptacle - black"", ""20a duplex tr rec blk"", ""devices"", ""receptacles"", ""outlet"", ""tomacorriente"", ""20 amp receptacle negro""]",true
c7b2afa3-a7a2-5bf3-93ae-fe4fd295673e,Devices,Receptacles,20A Duplex Tamper-Resistant Receptacle - Brown,20A DUPLEX TR REC BRN,,Brown,20,125V,,,,EA,"[""20a duplex tamper-resistant receptacle - brown"", ""20a duplex tr rec brn"", ""devices"", ""receptacles"", ""outlet"", ""tomacorriente"", ""20 amp receptacle marron""]",true
ab3263ed-04cc-5fd9-b825-520da299cc89,Devices,Receptacles,20A Duplex Tamper-Resistant Receptacle - Gray,20A DUPLEX TR REC GRY,,Gray,20,125V,,,,EA,"[""20a duplex tamper-resistant receptacle - gray"", ""20a duplex tr rec gry"", ""devices"", ""receptacles"", ""outlet"", ""tomacorriente"", ""20 amp receptacle gris""]",true
2f3683ac-9e6d-5685-9153-2e9dac149673,Devices,Receptacles,20A Duplex Tamper-Resistant Receptacle - Ivory,20A DUPLEX TR REC IVY,,Ivory,20,125V,,,,EA,"[""20a duplex tamper-resistant receptacle - ivory"", ""20a duplex tr rec ivy"", ""devices"", ""receptacles"", ""outlet"", ""tomacorriente"", ""20 amp receptacle marfil""]",true
02a9f885-462a-5378-83e4-781c1b919291,Devices,Receptacles,20A Duplex Tamper-Resistant Receptacle - Light Almond,20A DUPLEX TR REC LA,,Light Almond,20,125V,,,,EA,"[""20a duplex tamper-resistant receptacle - light almond"", ""20a duplex tr rec la"", ""devices"", ""receptacles"", ""outlet"", ""tomacorriente"", ""20 amp receptacle almendra""]",true
1bd8a689-b499-5a61-9cc7-c18cad9e8f57,Devices,Receptacles,20A Duplex Tamper-Resistant Receptacle - White,20A DUPLEX TR REC WHT,,White,20,125V,,,,EA,"[""20a duplex tamper-resistant receptacle - white"", ""20a duplex tr rec wht"", ""devices"", ""receptacles"", ""outlet"", ""tomacorriente"", ""20 amp receptacle blanco""]",true
f9c3b21b-dd88-5cdb-90c6-6eb2832e7efd,Devices,Receptacles,20A Duplex Tamper-Resistant Weather-Resistant Receptacle - Black,20A DUPLEX TR WR REC BLK,,Black,20,125V,,,,EA,"[""20a duplex tamper-resistant weather-resistant receptacle - black"", ""20a duplex tr wr rec blk"", ""devices"", ""receptacles"", ""outlet"", ""tomacorriente"", ""20 amp receptacle negro""]",true
029a0509-87e7-5e4b-a8d9-af9976387277,Devices,Receptacles,20A Duplex Tamper-Resistant Weather-Resistant Receptacle - Brown,20A DUPLEX TR WR REC BRN,,Brown,20,125V,,,,EA,"[""20a duplex tamper-resistant weather-resistant receptacle - brown"", ""20a duplex tr wr rec brn"", ""devices"", ""receptacles"", ""outlet"", ""tomacorriente"", ""20 amp receptacle marron""]",true
3a46c910-3dc4-5773-b527-ccaa96aade95,Devices,Receptacles,20A Duplex Tamper-Resistant Weather-Resistant Receptacle - Gray,20A DUPLEX TR WR REC GRY,,Gray,20,125V,,,,EA,"[""20a duplex tamper-resistant weather-resistant receptacle - gray"", ""20a duplex tr wr rec gry"", ""devices"", ""receptacles"", ""outlet"", ""tomacorriente"", ""20 amp receptacle gris""]",true
3521ed7b-ccc1-53b7-8977-18bd329d49e7,Devices,Receptacles,20A Duplex Tamper-Resistant Weather-Resistant Receptacle - Ivory,20A DUPLEX TR WR REC IVY,,Ivory,20,125V,,,,EA,"[""20a duplex tamper-resistant weather-resistant receptacle - ivory"", ""20a duplex tr wr rec ivy"", ""devices"", ""receptacles"", ""outlet"", ""tomacorriente"", ""20 amp receptacle marfil""]",true
029ef1a0-d7f9-5e55-81dd-6d70574bf33c,Devices,Receptacles,20A Duplex Tamper-Resistant Weather-Resistant Receptacle - Light Almond,20A DUPLEX TR WR REC LA,,Light Almond,20,125V,,,,EA,"[""20a duplex tamper-resistant weather-resistant receptacle - light almond"", ""20a duplex tr wr rec la"", ""devices"", ""receptacles"", ""outlet"", ""tomacorriente"", ""20 amp receptacle almendra""]",true
35a0b554-3d89-573a-8904-8dd306ea9722,Devices,Receptacles,20A Duplex Tamper-Resistant Weather-Resistant Receptacle - White,20A DUPLEX TR WR REC WHT,,White,20,125V,,,,EA,"[""20a duplex tamper-resistant weather-resistant receptacle - white"", ""20a duplex tr wr rec wht"", ""devices"", ""receptacles"", ""outlet"", ""tomacorriente"", ""20 amp receptacle blanco""]",true
d5402040-c4d3-54dc-8ea6-81ac28796f18,Devices,Switches,15A 3-Way Decorator Switch - Black,15A 3-WAY DECORATOR SW BLK,,Black,15,120/277V,,,,EA,"[""15a 3-way decorator switch - black"", ""15a 3-way decorator sw blk"", ""devices"", ""switches"", ""switch"", ""interruptor"", ""decora""]",true
79c4de97-647f-58c3-bbdd-7dbb3c4589c8,Devices,Switches,15A 3-Way Decorator Switch - Brown,15A 3-WAY DECORATOR SW BRN,,Brown,15,120/277V,,,,EA,"[""15a 3-way decorator switch - brown"", ""15a 3-way decorator sw brn"", ""devices"", ""switches"", ""switch"", ""interruptor"", ""decora""]",true
6248b815-de2e-5b42-a276-26d405067a13,Devices,Switches,15A 3-Way Decorator Switch - Gray,15A 3-WAY DECORATOR SW GRY,,Gray,15,120/277V,,,,EA,"[""15a 3-way decorator switch - gray"", ""15a 3-way decorator sw gry"", ""devices"", ""switches"", ""switch"", ""interruptor"", ""decora""]",true
2c7f3cad-880a-5da2-824f-3c18e314d2e0,Devices,Switches,15A 3-Way Decorator Switch - Ivory,15A 3-WAY DECORATOR SW IVY,,Ivory,15,120/277V,,,,EA,"[""15a 3-way decorator switch - ivory"", ""15a 3-way decorator sw ivy"", ""devices"", ""switches"", ""switch"", ""interruptor"", ""decora""]",true
d54a0102-482f-5df6-8453-e38083d6794d,Devices,Switches,15A 3-Way Decorator Switch - Light Almond,15A 3-WAY DECORATOR SW LA,,Light Almond,15,120/277V,,,,EA,"[""15a 3-way decorator switch - light almond"", ""15a 3-way decorator sw la"", ""devices"", ""switches"", ""switch"", ""interruptor"", ""decora""]",true
a7bc60bd-a53a-5b56-a1e9-23e7296d5ede,Devices,Switches,15A 3-Way Decorator Switch - White,15A 3-WAY DECORATOR SW WHT,,White,15,120/277V,,,,EA,"[""15a 3-way decorator switch - white"", ""15a 3-way decorator sw wht"", ""devices"", ""switches"", ""switch"", ""interruptor"", ""decora""]",true
79c61fd2-e376-559a-9197-f59112e16a9b,Devices,Switches,15A 3-Way Toggle Switch - Black,15A 3-WAY TOGGLE SW BLK,,Black,15,120/277V,,,,EA,"[""15a 3-way toggle switch - black"", ""15a 3-way toggle sw blk"", ""devices"", ""switches"", ""switch"", ""interruptor"", ""toggle""]",true
aea86dc6-9cbc-5173-95ba-aa0aa07d698a,Devices,Switches,15A 3-Way Toggle Switch - Brown,15A 3-WAY TOGGLE SW BRN,,Brown,15,120/277V,,,,EA,"[""15a 3-way toggle switch - brown"", ""15a 3-way toggle sw brn"", ""devices"", ""switches"", ""switch"", ""interruptor"", ""toggle""]",true
71e52b4e-ced1-592b-89f9-cda2eb0f0077,Devices,Switches,15A 3-Way Toggle Switch - Gray,15A 3-WAY TOGGLE SW GRY,,Gray,15,120/277V,,,,EA,"[""15a 3-way toggle switch - gray"", ""15a 3-way toggle sw gry"", ""devices"", ""switches"", ""switch"", ""interruptor"", ""toggle""]",true
3a31d58c-1ed3-5f7e-85de-81e9ab161f18,Devices,Switches,15A 3-Way Toggle Switch - Ivory,15A 3-WAY TOGGLE SW IVY,,Ivory,15,120/277V,,,,EA,"[""15a 3-way toggle switch - ivory"", ""15a 3-way toggle sw ivy"", ""devices"", ""switches"", ""switch"", ""interruptor"", ""toggle""]",true
e39c40da-d55d-5c72-9f44-5961db9b59bb,Devices,Switches,15A 3-Way Toggle Switch - Light Almond,15A 3-WAY TOGGLE SW LA,,Light Almond,15,120/277V,,,,EA,"[""15a 3-way toggle switch - light almond"", ""15a 3-way toggle sw la"", ""devices"", ""switches"", ""switch"", ""interruptor"", ""toggle""]",true
d7c34106-608c-51f6-9fa2-2ba896088c78,Devices,Switches,15A 3-Way Toggle Switch - White,15A 3-WAY TOGGLE SW WHT,,White,15,120/277V,,,,EA,"[""15a 3-way toggle switch - white"", ""15a 3-way toggle sw wht"", ""devices"", ""switches"", ""switch"", ""interruptor"", ""toggle""]",true
4b784adb-06f7-5500-ac7a-0c5cbefd2813,Devices,Switches,15A 4-Way Decorator Switch - Black,15A 4-WAY DECORATOR SW BLK,,Black,15,120/277V,,,,EA,"[""15a 4-way decorator switch - black"", ""15a 4-way decorator sw blk"", ""devices"", ""switches"", ""switch"", ""interruptor"", ""decora""]",true
d2d460aa-677d-56ab-bd29-294bc39e4622,Devices,Switches,15A 4-Way Decorator Switch - Brown,15A 4-WAY DECORATOR SW BRN,,Brown,15,120/277V,,,,EA,"[""15a 4-way decorator switch - brown"", ""15a 4-way decorator sw brn"", ""devices"", ""switches"", ""switch"", ""interruptor"", ""decora""]",true
2bde1559-b5ee-5fd3-af19-1e3667c7400c,Devices,Switches,15A 4-Way Decorator Switch - Gray,15A 4-WAY DECORATOR SW GRY,,Gray,15,120/277V,,,,EA,"[""15a 4-way decorator switch - gray"", ""15a 4-way decorator sw gry"", ""devices"", ""switches"", ""switch"", ""interruptor"", ""decora""]",true
b70f5954-89f8-51c3-8fda-feb3eb740a56,Devices,Switches,15A 4-Way Decorator Switch - Ivory,15A 4-WAY DECORATOR SW IVY,,Ivory,15,120/277V,,,,EA,"[""15a 4-way decorator switch - ivory"", ""15a 4-way decorator sw ivy"", ""devices"", ""switches"", ""switch"", ""interruptor"", ""decora""]",true
54ba7dec-dcf3-5652-b841-f463742c1fca,Devices,Switches,15A 4-Way Decorator Switch - Light Almond,15A 4-WAY DECORATOR SW LA,,Light Almond,15,120/277V,,,,EA,"[""15a 4-way decorator switch - light almond"", ""15a 4-way decorator sw la"", ""devices"", ""switches"", ""switch"", ""interruptor"", ""decora""]",true
2745b7dc-dcba-58cc-b004-9229e563143a,Devices,Switches,15A 4-Way Decorator Switch - White,15A 4-WAY DECORATOR SW WHT,,White,15,120/277V,,,,EA,"[""15a 4-way decorator switch - white"", ""15a 4-way decorator sw wht"", ""devices"", ""switches"", ""switch"", ""interruptor"", ""decora""]",true
43cc5213-a819-532c-b7b5-891465cd7eec,Devices,Switches,15A 4-Way Toggle Switch - Black,15A 4-WAY TOGGLE SW BLK,,Black,15,120/277V,,,,EA,"[""15a 4-way toggle switch - black"", ""15a 4-way toggle sw blk"", ""devices"", ""switches"", ""switch"", ""interruptor"", ""toggle""]",true
b981c35f-f799-5a40-9f01-b160ebe30daa,Devices,Switches,15A 4-Way Toggle Switch - Brown,15A 4-WAY TOGGLE SW BRN,,Brown,15,120/277V,,,,EA,"[""15a 4-way toggle switch - brown"", ""15a 4-way toggle sw brn"", ""devices"", ""switches"", ""switch"", ""interruptor"", ""toggle""]",true
c713e06c-d4d3-5ead-8ea5-a4a89cc0369a,Devices,Switches,15A 4-Way Toggle Switch - Gray,15A 4-WAY TOGGLE SW GRY,,Gray,15,120/277V,,,,EA,"[""15a 4-way toggle switch - gray"", ""15a 4-way toggle sw gry"", ""devices"", ""switches"", ""switch"", ""interruptor"", ""toggle""]",true
c0b60968-ecf5-58c7-a501-a5f0cf67e89c,Devices,Switches,15A 4-Way Toggle Switch - Ivory,15A 4-WAY TOGGLE SW IVY,,Ivory,15,120/277V,,,,EA,"[""15a 4-way toggle switch - ivory"", ""15a 4-way toggle sw ivy"", ""devices"", ""switches"", ""switch"", ""interruptor"", ""toggle""]",true
b8eedbf2-bdab-5b21-b11c-13dc346e91fd,Devices,Switches,15A 4-Way Toggle Switch - Light Almond,15A 4-WAY TOGGLE SW LA,,Light Almond,15,120/277V,,,,EA,"[""15a 4-way toggle switch - light almond"", ""15a 4-way toggle sw la"", ""devices"", ""switches"", ""switch"", ""interruptor"", ""toggle""]",true
9d9cceb4-944f-5b17-83f4-76a3606a3fc3,Devices,Switches,15A 4-Way Toggle Switch - White,15A 4-WAY TOGGLE SW WHT,,White,15,120/277V,,,,EA,"[""15a 4-way toggle switch - white"", ""15a 4-way toggle sw wht"", ""devices"", ""switches"", ""switch"", ""interruptor"", ""toggle""]",true
1bf9bcd9-b9e6-52b6-872e-66c2e3258352,Devices,Switches,15A Single Pole Decorator Switch - Black,15A SINGLE POLE DECORATOR SW BLK,,Black,15,120/277V,,,,EA,"[""15a single pole decorator switch - black"", ""15a single pole decorator sw blk"", ""devices"", ""switches"", ""switch"", ""interruptor"", ""decora""]",true
108b02f6-0589-5080-9c5f-2dde7871df42,Devices,Switches,15A Single Pole Decorator Switch - Brown,15A SINGLE POLE DECORATOR SW BRN,,Brown,15,120/277V,,,,EA,"[""15a single pole decorator switch - brown"", ""15a single pole decorator sw brn"", ""devices"", ""switches"", ""switch"", ""interruptor"", ""decora""]",true
570682c8-1242-55a9-a521-96a305ac5279,Devices,Switches,15A Single Pole Decorator Switch - Gray,15A SINGLE POLE DECORATOR SW GRY,,Gray,15,120/277V,,,,EA,"[""15a single pole decorator switch - gray"", ""15a single pole decorator sw gry"", ""devices"", ""switches"", ""switch"", ""interruptor"", ""decora""]",true
92b4f4c9-47e7-5116-8482-b083664ee1e2,Devices,Switches,15A Single Pole Decorator Switch - Ivory,15A SINGLE POLE DECORATOR SW IVY,,Ivory,15,120/277V,,,,EA,"[""15a single pole decorator switch - ivory"", ""15a single pole decorator sw ivy"", ""devices"", ""switches"", ""switch"", ""interruptor"", ""decora""]",true
4bf62c5c-cb0a-5365-8d6b-577c49878c76,Devices,Switches,15A Single Pole Decorator Switch - Light Almond,15A SINGLE POLE DECORATOR SW LA,,Light Almond,15,120/277V,,,,EA,"[""15a single pole decorator switch - light almond"", ""15a single pole decorator sw la"", ""devices"", ""switches"", ""switch"", ""interruptor"", ""decora""]",true
8fda4d05-9ae6-5ef9-9c08-4c613f4a3cee,Devices,Switches,15A Single Pole Decorator Switch - White,15A SINGLE POLE DECORATOR SW WHT,,White,15,120/277V,,,,EA,"[""15a single pole decorator switch - white"", ""15a single pole decorator sw wht"", ""devices"", ""switches"", ""switch"", ""interruptor"", ""decora""]",true
c4988d02-2f1f-5c78-938c-eb3c0d16b8fc,Devices,Switches,15A Single Pole Toggle Switch - Black,15A SINGLE POLE TOGGLE SW BLK,,Black,15,120/277V,,,,EA,"[""15a single pole toggle switch - black"", ""15a single pole toggle sw blk"", ""devices"", ""switches"", ""switch"", ""interruptor"", ""toggle""]",true
ccd4bf85-a839-53f6-9623-576d2756fabb,Devices,Switches,15A Single Pole Toggle Switch - Brown,15A SINGLE POLE TOGGLE SW BRN,,Brown,15,120/277V,,,,EA,"[""15a single pole toggle switch - brown"", ""15a single pole toggle sw brn"", ""devices"", ""switches"", ""switch"", ""interruptor"", ""toggle""]",true
bb9930a9-991f-5103-a021-42b48548363f,Devices,Switches,15A Single Pole Toggle Switch - Gray,15A SINGLE POLE TOGGLE SW GRY,,Gray,15,120/277V,,,,EA,"[""15a single pole toggle switch - gray"", ""15a single pole toggle sw gry"", ""devices"", ""switches"", ""switch"", ""interruptor"", ""toggle""]",true
edb9d92e-eb57-52a8-b9f4-1b07335202dc,Devices,Switches,15A Single Pole Toggle Switch - Ivory,15A SINGLE POLE TOGGLE SW IVY,,Ivory,15,120/277V,,,,EA,"[""15a single pole toggle switch - ivory"", ""15a single pole toggle sw ivy"", ""devices"", ""switches"", ""switch"", ""interruptor"", ""toggle""]",true
e34460e5-fe34-5355-a8e1-4dd997973623,Devices,Switches,15A Single Pole Toggle Switch - Light Almond,15A SINGLE POLE TOGGLE SW LA,,Light Almond,15,120/277V,,,,EA,"[""15a single pole toggle switch - light almond"", ""15a single pole toggle sw la"", ""devices"", ""switches"", ""switch"", ""interruptor"", ""toggle""]",true
86b098bf-5b00-5f6c-a41d-5bc1c18e74c5,Devices,Switches,15A Single Pole Toggle Switch - White,15A SINGLE POLE TOGGLE SW WHT,,White,15,120/277V,,,,EA,"[""15a single pole toggle switch - white"", ""15a single pole toggle sw wht"", ""devices"", ""switches"", ""switch"", ""interruptor"", ""toggle""]",true
2cd29d6c-05bd-5e3e-93a9-de91f34d4a22,Devices,Switches,20A 3-Way Decorator Switch - Black,20A 3-WAY DECORATOR SW BLK,,Black,20,120/277V,,,,EA,"[""20a 3-way decorator switch - black"", ""20a 3-way decorator sw blk"", ""devices"", ""switches"", ""switch"", ""interruptor"", ""decora""]",true
c1a07e60-2dd2-51f0-b55c-fcd85403b7a4,Devices,Switches,20A 3-Way Decorator Switch - Brown,20A 3-WAY DECORATOR SW BRN,,Brown,20,120/277V,,,,EA,"[""20a 3-way decorator switch - brown"", ""20a 3-way decorator sw brn"", ""devices"", ""switches"", ""switch"", ""interruptor"", ""decora""]",true
e39f7598-429a-5358-9a78-1d95b855a4d8,Devices,Switches,20A 3-Way Decorator Switch - Gray,20A 3-WAY DECORATOR SW GRY,,Gray,20,120/277V,,,,EA,"[""20a 3-way decorator switch - gray"", ""20a 3-way decorator sw gry"", ""devices"", ""switches"", ""switch"", ""interruptor"", ""decora""]",true
fed65e51-f657-52ce-be77-94bbb946a736,Devices,Switches,20A 3-Way Decorator Switch - Ivory,20A 3-WAY DECORATOR SW IVY,,Ivory,20,120/277V,,,,EA,"[""20a 3-way decorator switch - ivory"", ""20a 3-way decorator sw ivy"", ""devices"", ""switches"", ""switch"", ""interruptor"", ""decora""]",true
fcb20e6c-2cda-5aa4-a308-e4abdf31293f,Devices,Switches,20A 3-Way Decorator Switch - Light Almond,20A 3-WAY DECORATOR SW LA,,Light Almond,20,120/277V,,,,EA,"[""20a 3-way decorator switch - light almond"", ""20a 3-way decorator sw la"", ""devices"", ""switches"", ""switch"", ""interruptor"", ""decora""]",true
ed832ca5-a8dd-5f31-a1fe-f1dbd57ece9a,Devices,Switches,20A 3-Way Decorator Switch - White,20A 3-WAY DECORATOR SW WHT,,White,20,120/277V,,,,EA,"[""20a 3-way decorator switch - white"", ""20a 3-way decorator sw wht"", ""devices"", ""switches"", ""switch"", ""interruptor"", ""decora""]",true
323dc69b-22e1-5c86-8ba0-473ecd316681,Devices,Switches,20A 3-Way Toggle Switch - Black,20A 3-WAY TOGGLE SW BLK,,Black,20,120/277V,,,,EA,"[""20a 3-way toggle switch - black"", ""20a 3-way toggle sw blk"", ""devices"", ""switches"", ""switch"", ""interruptor"", ""toggle""]",true
8798ae64-dc51-56fd-93ee-af18b6487d65,Devices,Switches,20A 3-Way Toggle Switch - Brown,20A 3-WAY TOGGLE SW BRN,,Brown,20,120/277V,,,,EA,"[""20a 3-way toggle switch - brown"", ""20a 3-way toggle sw brn"", ""devices"", ""switches"", ""switch"", ""interruptor"", ""toggle""]",true
f3da3195-adb8-58bb-b952-94f089440609,Devices,Switches,20A 3-Way Toggle Switch - Gray,20A 3-WAY TOGGLE SW GRY,,Gray,20,120/277V,,,,EA,"[""20a 3-way toggle switch - gray"", ""20a 3-way toggle sw gry"", ""devices"", ""switches"", ""switch"", ""interruptor"", ""toggle""]",true
da66b678-59a2-5f09-88a1-14f3112b4bfa,Devices,Switches,20A 3-Way Toggle Switch - Ivory,20A 3-WAY TOGGLE SW IVY,,Ivory,20,120/277V,,,,EA,"[""20a 3-way toggle switch - ivory"", ""20a 3-way toggle sw ivy"", ""devices"", ""switches"", ""switch"", ""interruptor"", ""toggle""]",true
9c999d0e-413a-5f60-bb72-bed2b6622cde,Devices,Switches,20A 3-Way Toggle Switch - Light Almond,20A 3-WAY TOGGLE SW LA,,Light Almond,20,120/277V,,,,EA,"[""20a 3-way toggle switch - light almond"", ""20a 3-way toggle sw la"", ""devices"", ""switches"", ""switch"", ""interruptor"", ""toggle""]",true
5f08ea9e-6ca0-5311-a0c1-e7db81ee31bc,Devices,Switches,20A 3-Way Toggle Switch - White,20A 3-WAY TOGGLE SW WHT,,White,20,120/277V,,,,EA,"[""20a 3-way toggle switch - white"", ""20a 3-way toggle sw wht"", ""devices"", ""switches"", ""switch"", ""interruptor"", ""toggle""]",true
6416d918-69b4-59f6-bb63-b1d647a540cf,Devices,Switches,20A 4-Way Decorator Switch - Black,20A 4-WAY DECORATOR SW BLK,,Black,20,120/277V,,,,EA,"[""20a 4-way decorator switch - black"", ""20a 4-way decorator sw blk"", ""devices"", ""switches"", ""switch"", ""interruptor"", ""decora""]",true
5a7adea7-75b6-5381-8a0e-87dbf15c4841,Devices,Switches,20A 4-Way Decorator Switch - Brown,20A 4-WAY DECORATOR SW BRN,,Brown,20,120/277V,,,,EA,"[""20a 4-way decorator switch - brown"", ""20a 4-way decorator sw brn"", ""devices"", ""switches"", ""switch"", ""interruptor"", ""decora""]",true
6cd76585-37fb-56e9-85f7-0360bc368e2d,Devices,Switches,20A 4-Way Decorator Switch - Gray,20A 4-WAY DECORATOR SW GRY,,Gray,20,120/277V,,,,EA,"[""20a 4-way decorator switch - gray"", ""20a 4-way decorator sw gry"", ""devices"", ""switches"", ""switch"", ""interruptor"", ""decora""]",true
affd7b53-f597-57e8-bd25-4fda6302f404,Devices,Switches,20A 4-Way Decorator Switch - Ivory,20A 4-WAY DECORATOR SW IVY,,Ivory,20,120/277V,,,,EA,"[""20a 4-way decorator switch - ivory"", ""20a 4-way decorator sw ivy"", ""devices"", ""switches"", ""switch"", ""interruptor"", ""decora""]",true
f6966e1d-3923-5829-8bf0-e2f2171126ca,Devices,Switches,20A 4-Way Decorator Switch - Light Almond,20A 4-WAY DECORATOR SW LA,,Light Almond,20,120/277V,,,,EA,"[""20a 4-way decorator switch - light almond"", ""20a 4-way decorator sw la"", ""devices"", ""switches"", ""switch"", ""interruptor"", ""decora""]",true
6699788b-3513-5124-b428-13b3367f8f2c,Devices,Switches,20A 4-Way Decorator Switch - White,20A 4-WAY DECORATOR SW WHT,,White,20,120/277V,,,,EA,"[""20a 4-way decorator switch - white"", ""20a 4-way decorator sw wht"", ""devices"", ""switches"", ""switch"", ""interruptor"", ""decora""]",true
2ce88ca9-c795-512a-bbea-8898797c5946,Devices,Switches,20A 4-Way Toggle Switch - Black,20A 4-WAY TOGGLE SW BLK,,Black,20,120/277V,,,,EA,"[""20a 4-way toggle switch - black"", ""20a 4-way toggle sw blk"", ""devices"", ""switches"", ""switch"", ""interruptor"", ""toggle""]",true
c8ab6e28-465e-53d2-b8ab-fc7d02507fda,Devices,Switches,20A 4-Way Toggle Switch - Brown,20A 4-WAY TOGGLE SW BRN,,Brown,20,120/277V,,,,EA,"[""20a 4-way toggle switch - brown"", ""20a 4-way toggle sw brn"", ""devices"", ""switches"", ""switch"", ""interruptor"", ""toggle""]",true
0ca0afa1-a157-58e9-b23a-4b2c705868ad,Devices,Switches,20A 4-Way Toggle Switch - Gray,20A 4-WAY TOGGLE SW GRY,,Gray,20,120/277V,,,,EA,"[""20a 4-way toggle switch - gray"", ""20a 4-way toggle sw gry"", ""devices"", ""switches"", ""switch"", ""interruptor"", ""toggle""]",true
cb1ea088-b67e-551e-bdf5-f2802e084949,Devices,Switches,20A 4-Way Toggle Switch - Ivory,20A 4-WAY TOGGLE SW IVY,,Ivory,20,120/277V,,,,EA,"[""20a 4-way toggle switch - ivory"", ""20a 4-way toggle sw ivy"", ""devices"", ""switches"", ""switch"", ""interruptor"", ""toggle""]",true
e0c87ae9-b331-564f-870b-16ae431fa31c,Devices,Switches,20A 4-Way Toggle Switch - Light Almond,20A 4-WAY TOGGLE SW LA,,Light Almond,20,120/277V,,,,EA,"[""20a 4-way toggle switch - light almond"", ""20a 4-way toggle sw la"", ""devices"", ""switches"", ""switch"", ""interruptor"", ""toggle""]",true
b1d3cbe3-b7b2-594d-91ae-7b604442d8e2,Devices,Switches,20A 4-Way Toggle Switch - White,20A 4-WAY TOGGLE SW WHT,,White,20,120/277V,,,,EA,"[""20a 4-way toggle switch - white"", ""20a 4-way toggle sw wht"", ""devices"", ""switches"", ""switch"", ""interruptor"", ""toggle""]",true
4aaf6623-63f2-56c3-90c4-b7f2ddebe72c,Devices,Switches,20A Single Pole Decorator Switch - Black,20A SINGLE POLE DECORATOR SW BLK,,Black,20,120/277V,,,,EA,"[""20a single pole decorator switch - black"", ""20a single pole decorator sw blk"", ""devices"", ""switches"", ""switch"", ""interruptor"", ""decora""]",true
357732dc-b74f-56ac-ab88-19e09370f28f,Devices,Switches,20A Single Pole Decorator Switch - Brown,20A SINGLE POLE DECORATOR SW BRN,,Brown,20,120/277V,,,,EA,"[""20a single pole decorator switch - brown"", ""20a single pole decorator sw brn"", ""devices"", ""switches"", ""switch"", ""interruptor"", ""decora""]",true
c65d1cac-53d8-5811-965b-117b12b9c966,Devices,Switches,20A Single Pole Decorator Switch - Gray,20A SINGLE POLE DECORATOR SW GRY,,Gray,20,120/277V,,,,EA,"[""20a single pole decorator switch - gray"", ""20a single pole decorator sw gry"", ""devices"", ""switches"", ""switch"", ""interruptor"", ""decora""]",true
19d642e2-4504-5792-aeb8-3f8a1e10ff08,Devices,Switches,20A Single Pole Decorator Switch - Ivory,20A SINGLE POLE DECORATOR SW IVY,,Ivory,20,120/277V,,,,EA,"[""20a single pole decorator switch - ivory"", ""20a single pole decorator sw ivy"", ""devices"", ""switches"", ""switch"", ""interruptor"", ""decora""]",true
4dd51580-b3fd-596a-a0e2-df213f1e423f,Devices,Switches,20A Single Pole Decorator Switch - Light Almond,20A SINGLE POLE DECORATOR SW LA,,Light Almond,20,120/277V,,,,EA,"[""20a single pole decorator switch - light almond"", ""20a single pole decorator sw la"", ""devices"", ""switches"", ""switch"", ""interruptor"", ""decora""]",true
a10d04cd-28bd-556a-aeed-39365b48aa49,Devices,Switches,20A Single Pole Decorator Switch - White,20A SINGLE POLE DECORATOR SW WHT,,White,20,120/277V,,,,EA,"[""20a single pole decorator switch - white"", ""20a single pole decorator sw wht"", ""devices"", ""switches"", ""switch"", ""interruptor"", ""decora""]",true
e45d583a-780b-5fff-98f0-01297cf1fb88,Devices,Switches,20A Single Pole Toggle Switch - Black,20A SINGLE POLE TOGGLE SW BLK,,Black,20,120/277V,,,,EA,"[""20a single pole toggle switch - black"", ""20a single pole toggle sw blk"", ""devices"", ""switches"", ""switch"", ""interruptor"", ""toggle""]",true
2044a8fd-d3a1-549e-8f86-3906def15a4c,Devices,Switches,20A Single Pole Toggle Switch - Brown,20A SINGLE POLE TOGGLE SW BRN,,Brown,20,120/277V,,,,EA,"[""20a single pole toggle switch - brown"", ""20a single pole toggle sw brn"", ""devices"", ""switches"", ""switch"", ""interruptor"", ""toggle""]",true
8f1658b7-3f44-55a3-af4e-0d4747fc5b16,Devices,Switches,20A Single Pole Toggle Switch - Gray,20A SINGLE POLE TOGGLE SW GRY,,Gray,20,120/277V,,,,EA,"[""20a single pole toggle switch - gray"", ""20a single pole toggle sw gry"", ""devices"", ""switches"", ""switch"", ""interruptor"", ""toggle""]",true
fcdc7875-36d4-5ead-8fae-8b40ff028e91,Devices,Switches,20A Single Pole Toggle Switch - Ivory,20A SINGLE POLE TOGGLE SW IVY,,Ivory,20,120/277V,,,,EA,"[""20a single pole toggle switch - ivory"", ""20a single pole toggle sw ivy"", ""devices"", ""switches"", ""switch"", ""interruptor"", ""toggle""]",true
b8db4216-2fc3-511c-bbe3-5a416c220a62,Devices,Switches,20A Single Pole Toggle Switch - Light Almond,20A SINGLE POLE TOGGLE SW LA,,Light Almond,20,120/277V,,,,EA,"[""20a single pole toggle switch - light almond"", ""20a single pole toggle sw la"", ""devices"", ""switches"", ""switch"", ""interruptor"", ""toggle""]",true
9dc18fd2-4d0d-58f7-8310-b44f548a423f,Devices,Switches,20A Single Pole Toggle Switch - White,20A SINGLE POLE TOGGLE SW WHT,,White,20,120/277V,,,,EA,"[""20a single pole toggle switch - white"", ""20a single pole toggle sw wht"", ""devices"", ""switches"", ""switch"", ""interruptor"", ""toggle""]",true
7a902814-5a23-5799-850b-49d14e6c8777,Devices,USB Receptacles,15A Tamper-Resistant Duplex Receptacle With Dual USB-C - Black,15A TR USB DUAL USB-C BLK,,Black,15,125V,,,,EA,"[""15a tamper-resistant duplex receptacle with dual usb-c - black"", ""15a tr usb dual usb-c blk"", ""devices"", ""usb receptacles"", ""usb outlet"", ""toma usb""]",true
2156ff3a-b7d6-5488-bf79-e6404d6d3a85,Devices,USB Receptacles,15A Tamper-Resistant Duplex Receptacle With Dual USB-C - Brown,15A TR USB DUAL USB-C BRN,,Brown,15,125V,,,,EA,"[""15a tamper-resistant duplex receptacle with dual usb-c - brown"", ""15a tr usb dual usb-c brn"", ""devices"", ""usb receptacles"", ""usb outlet"", ""toma usb""]",true
19323d95-efa4-55c4-a359-44fd1815d449,Devices,USB Receptacles,15A Tamper-Resistant Duplex Receptacle With Dual USB-C - Gray,15A TR USB DUAL USB-C GRY,,Gray,15,125V,,,,EA,"[""15a tamper-resistant duplex receptacle with dual usb-c - gray"", ""15a tr usb dual usb-c gry"", ""devices"", ""usb receptacles"", ""usb outlet"", ""toma usb""]",true
d2157c5e-b5b8-556e-b6ce-bb0da9d51d9d,Devices,USB Receptacles,15A Tamper-Resistant Duplex Receptacle With Dual USB-C - Ivory,15A TR USB DUAL USB-C IVY,,Ivory,15,125V,,,,EA,"[""15a tamper-resistant duplex receptacle with dual usb-c - ivory"", ""15a tr usb dual usb-c ivy"", ""devices"", ""usb receptacles"", ""usb outlet"", ""toma usb""]",true
1473c344-32b3-554e-a2e0-3da369e9db09,Devices,USB Receptacles,15A Tamper-Resistant Duplex Receptacle With Dual USB-C - Light Almond,15A TR USB DUAL USB-C LA,,Light Almond,15,125V,,,,EA,"[""15a tamper-resistant duplex receptacle with dual usb-c - light almond"", ""15a tr usb dual usb-c la"", ""devices"", ""usb receptacles"", ""usb outlet"", ""toma usb""]",true
b90b45f1-dd67-5ee0-b681-68b1a7143107,Devices,USB Receptacles,15A Tamper-Resistant Duplex Receptacle With Dual USB-C - White,15A TR USB DUAL USB-C WHT,,White,15,125V,,,,EA,"[""15a tamper-resistant duplex receptacle with dual usb-c - white"", ""15a tr usb dual usb-c wht"", ""devices"", ""usb receptacles"", ""usb outlet"", ""toma usb""]",true
41e95469-d07e-5af5-a8cc-4fea7747ff04,Devices,USB Receptacles,15A Tamper-Resistant Duplex Receptacle With USB-A + USB-C - Black,15A TR USB USB-A + USB-C BLK,,Black,15,125V,,,,EA,"[""15a tamper-resistant duplex receptacle with usb-a + usb-c - black"", ""15a tr usb usb-a + usb-c blk"", ""devices"", ""usb receptacles"", ""usb outlet"", ""toma usb""]",true
14386c26-5d4a-5d96-9320-bf422818ac3c,Devices,USB Receptacles,15A Tamper-Resistant Duplex Receptacle With USB-A + USB-C - Brown,15A TR USB USB-A + USB-C BRN,,Brown,15,125V,,,,EA,"[""15a tamper-resistant duplex receptacle with usb-a + usb-c - brown"", ""15a tr usb usb-a + usb-c brn"", ""devices"", ""usb receptacles"", ""usb outlet"", ""toma usb""]",true
cedaf184-82b1-5c52-8cf5-7ff13741f41f,Devices,USB Receptacles,15A Tamper-Resistant Duplex Receptacle With USB-A + USB-C - Gray,15A TR USB USB-A + USB-C GRY,,Gray,15,125V,,,,EA,"[""15a tamper-resistant duplex receptacle with usb-a + usb-c - gray"", ""15a tr usb usb-a + usb-c gry"", ""devices"", ""usb receptacles"", ""usb outlet"", ""toma usb""]",true
a4f34cd8-37bd-543a-98ad-50c0a1e13480,Devices,USB Receptacles,15A Tamper-Resistant Duplex Receptacle With USB-A + USB-C - Ivory,15A TR USB USB-A + USB-C IVY,,Ivory,15,125V,,,,EA,"[""15a tamper-resistant duplex receptacle with usb-a + usb-c - ivory"", ""15a tr usb usb-a + usb-c ivy"", ""devices"", ""usb receptacles"", ""usb outlet"", ""toma usb""]",true
56aca394-8606-5974-863d-4e4e65b21373,Devices,USB Receptacles,15A Tamper-Resistant Duplex Receptacle With USB-A + USB-C - Light Almond,15A TR USB USB-A + USB-C LA,,Light Almond,15,125V,,,,EA,"[""15a tamper-resistant duplex receptacle with usb-a + usb-c - light almond"", ""15a tr usb usb-a + usb-c la"", ""devices"", ""usb receptacles"", ""usb outlet"", ""toma usb""]",true
0148baf1-3690-52a3-a85b-0056fef61556,Devices,USB Receptacles,15A Tamper-Resistant Duplex Receptacle With USB-A + USB-C - White,15A TR USB USB-A + USB-C WHT,,White,15,125V,,,,EA,"[""15a tamper-resistant duplex receptacle with usb-a + usb-c - white"", ""15a tr usb usb-a + usb-c wht"", ""devices"", ""usb receptacles"", ""usb outlet"", ""toma usb""]",true
7b86becf-5005-55e3-81b7-c89930cfc56b,Devices,Wall Plates,1-Gang Blank Nylon Wall Plate - Black,1G BLANK PLATE BLK,1G,Black,,,,,,EA,"[""1-gang blank nylon wall plate - black"", ""1g blank plate blk"", ""devices"", ""wall plates"", ""wallplate"", ""placa"", ""wall plate""]",true
aa45eaae-9917-5206-b624-887f13075e34,Devices,Wall Plates,1-Gang Blank Nylon Wall Plate - Brown,1G BLANK PLATE BRN,1G,Brown,,,,,,EA,"[""1-gang blank nylon wall plate - brown"", ""1g blank plate brn"", ""devices"", ""wall plates"", ""wallplate"", ""placa"", ""wall plate""]",true
e70f7880-75c5-5fce-8694-5d4ef05cc132,Devices,Wall Plates,1-Gang Blank Nylon Wall Plate - Gray,1G BLANK PLATE GRY,1G,Gray,,,,,,EA,"[""1-gang blank nylon wall plate - gray"", ""1g blank plate gry"", ""devices"", ""wall plates"", ""wallplate"", ""placa"", ""wall plate""]",true
ac4a1ccb-938e-5cf8-95d8-f25879373cdf,Devices,Wall Plates,1-Gang Blank Nylon Wall Plate - Ivory,1G BLANK PLATE IVY,1G,Ivory,,,,,,EA,"[""1-gang blank nylon wall plate - ivory"", ""1g blank plate ivy"", ""devices"", ""wall plates"", ""wallplate"", ""placa"", ""wall plate""]",true
9bf0ef0d-5c54-5662-bde5-f9516225e479,Devices,Wall Plates,1-Gang Blank Nylon Wall Plate - Light Almond,1G BLANK PLATE LA,1G,Light Almond,,,,,,EA,"[""1-gang blank nylon wall plate - light almond"", ""1g blank plate la"", ""devices"", ""wall plates"", ""wallplate"", ""placa"", ""wall plate""]",true
7ecc6f6c-9b03-51bc-822c-91cc005201b9,Devices,Wall Plates,1-Gang Blank Nylon Wall Plate - White,1G BLANK PLATE WHT,1G,White,,,,,,EA,"[""1-gang blank nylon wall plate - white"", ""1g blank plate wht"", ""devices"", ""wall plates"", ""wallplate"", ""placa"", ""wall plate""]",true
79b88cd9-13b6-5294-a088-a843881768e3,Devices,Wall Plates,1-Gang Blank Stainless Steel Wall Plate,1G BLANK SS PLATE,1G,Stainless Steel,,,,,,EA,"[""1-gang blank stainless steel wall plate"", ""1g blank ss plate"", ""devices"", ""wall plates"", ""wallplate"", ""placa metal""]",true
338c4252-e237-518c-93cd-3c2bc534cec7,Devices,Wall Plates,1-Gang Decorator Nylon Wall Plate - Black,1G DECORATOR PLATE BLK,1G,Black,,,,,,EA,"[""1-gang decorator nylon wall plate - black"", ""1g decorator plate blk"", ""devices"", ""wall plates"", ""wallplate"", ""placa"", ""decora plate""]",true
f559ed5f-3060-541c-8712-2bb7435c3e2c,Devices,Wall Plates,1-Gang Decorator Nylon Wall Plate - Brown,1G DECORATOR PLATE BRN,1G,Brown,,,,,,EA,"[""1-gang decorator nylon wall plate - brown"", ""1g decorator plate brn"", ""devices"", ""wall plates"", ""wallplate"", ""placa"", ""decora plate""]",true
b384d630-eb47-531e-9483-aa9e32902f4f,Devices,Wall Plates,1-Gang Decorator Nylon Wall Plate - Gray,1G DECORATOR PLATE GRY,1G,Gray,,,,,,EA,"[""1-gang decorator nylon wall plate - gray"", ""1g decorator plate gry"", ""devices"", ""wall plates"", ""wallplate"", ""placa"", ""decora plate""]",true
a543645b-cbeb-5e48-8217-61d5bb694116,Devices,Wall Plates,1-Gang Decorator Nylon Wall Plate - Ivory,1G DECORATOR PLATE IVY,1G,Ivory,,,,,,EA,"[""1-gang decorator nylon wall plate - ivory"", ""1g decorator plate ivy"", ""devices"", ""wall plates"", ""wallplate"", ""placa"", ""decora plate""]",true
0a18131f-e636-50f0-9ae2-0187f4ab725a,Devices,Wall Plates,1-Gang Decorator Nylon Wall Plate - Light Almond,1G DECORATOR PLATE LA,1G,Light Almond,,,,,,EA,"[""1-gang decorator nylon wall plate - light almond"", ""1g decorator plate la"", ""devices"", ""wall plates"", ""wallplate"", ""placa"", ""decora plate""]",true
ccb1449b-fcb4-55f6-b898-266ad9d7ec0b,Devices,Wall Plates,1-Gang Decorator Nylon Wall Plate - White,1G DECORATOR PLATE WHT,1G,White,,,,,,EA,"[""1-gang decorator nylon wall plate - white"", ""1g decorator plate wht"", ""devices"", ""wall plates"", ""wallplate"", ""placa"", ""decora plate""]",true
13200683-8adb-56bc-a393-393c1af2d15a,Devices,Wall Plates,1-Gang Decorator Stainless Steel Wall Plate,1G DECORATOR SS PLATE,1G,Stainless Steel,,,,,,EA,"[""1-gang decorator stainless steel wall plate"", ""1g decorator ss plate"", ""devices"", ""wall plates"", ""wallplate"", ""placa metal""]",true
a27e313c-d2d9-51b8-b092-4491d81e86f9,Devices,Wall Plates,1-Gang Duplex Nylon Wall Plate - Black,1G DUPLEX PLATE BLK,1G,Black,,,,,,EA,"[""1-gang duplex nylon wall plate - black"", ""1g duplex plate blk"", ""devices"", ""wall plates"", ""wallplate"", ""placa"", ""wall plate""]",true
8125e165-309f-5b94-934b-a1a6cb52ea85,Devices,Wall Plates,1-Gang Duplex Nylon Wall Plate - Brown,1G DUPLEX PLATE BRN,1G,Brown,,,,,,EA,"[""1-gang duplex nylon wall plate - brown"", ""1g duplex plate brn"", ""devices"", ""wall plates"", ""wallplate"", ""placa"", ""wall plate""]",true
918fd4a4-7de1-571d-8297-d9c6d8d20940,Devices,Wall Plates,1-Gang Duplex Nylon Wall Plate - Gray,1G DUPLEX PLATE GRY,1G,Gray,,,,,,EA,"[""1-gang duplex nylon wall plate - gray"", ""1g duplex plate gry"", ""devices"", ""wall plates"", ""wallplate"", ""placa"", ""wall plate""]",true
ef30b626-1d31-5228-a980-e45f2abc6906,Devices,Wall Plates,1-Gang Duplex Nylon Wall Plate - Ivory,1G DUPLEX PLATE IVY,1G,Ivory,,,,,,EA,"[""1-gang duplex nylon wall plate - ivory"", ""1g duplex plate ivy"", ""devices"", ""wall plates"", ""wallplate"", ""placa"", ""wall plate""]",true
4475914e-293e-53ee-9343-b3a9e4617011,Devices,Wall Plates,1-Gang Duplex Nylon Wall Plate - Light Almond,1G DUPLEX PLATE LA,1G,Light Almond,,,,,,EA,"[""1-gang duplex nylon wall plate - light almond"", ""1g duplex plate la"", ""devices"", ""wall plates"", ""wallplate"", ""placa"", ""wall plate""]",true
43003ee0-a74a-50ab-994f-afcc37eaa27c,Devices,Wall Plates,1-Gang Duplex Nylon Wall Plate - White,1G DUPLEX PLATE WHT,1G,White,,,,,,EA,"[""1-gang duplex nylon wall plate - white"", ""1g duplex plate wht"", ""devices"", ""wall plates"", ""wallplate"", ""placa"", ""wall plate""]",true
8b9f3814-fd5d-54a1-8a0b-a178552c70fc,Devices,Wall Plates,1-Gang Duplex Stainless Steel Wall Plate,1G DUPLEX SS PLATE,1G,Stainless Steel,,,,,,EA,"[""1-gang duplex stainless steel wall plate"", ""1g duplex ss plate"", ""devices"", ""wall plates"", ""wallplate"", ""placa metal""]",true
e12660db-477b-5d09-a306-d4997bb184a2,Devices,Wall Plates,1-Gang Toggle Nylon Wall Plate - Black,1G TOGGLE PLATE BLK,1G,Black,,,,,,EA,"[""1-gang toggle nylon wall plate - black"", ""1g toggle plate blk"", ""devices"", ""wall plates"", ""wallplate"", ""placa"", ""wall plate""]",true
95075444-8373-5036-a21c-f45b0159ed46,Devices,Wall Plates,1-Gang Toggle Nylon Wall Plate - Brown,1G TOGGLE PLATE BRN,1G,Brown,,,,,,EA,"[""1-gang toggle nylon wall plate - brown"", ""1g toggle plate brn"", ""devices"", ""wall plates"", ""wallplate"", ""placa"", ""wall plate""]",true
8cbf2d42-6de0-5958-859f-73807505247a,Devices,Wall Plates,1-Gang Toggle Nylon Wall Plate - Gray,1G TOGGLE PLATE GRY,1G,Gray,,,,,,EA,"[""1-gang toggle nylon wall plate - gray"", ""1g toggle plate gry"", ""devices"", ""wall plates"", ""wallplate"", ""placa"", ""wall plate""]",true
96019b6b-d3ab-53ae-aafa-0f57b16fb0c1,Devices,Wall Plates,1-Gang Toggle Nylon Wall Plate - Ivory,1G TOGGLE PLATE IVY,1G,Ivory,,,,,,EA,"[""1-gang toggle nylon wall plate - ivory"", ""1g toggle plate ivy"", ""devices"", ""wall plates"", ""wallplate"", ""placa"", ""wall plate""]",true
5873aa97-8a22-5f22-b36d-b77b64ec99c6,Devices,Wall Plates,1-Gang Toggle Nylon Wall Plate - Light Almond,1G TOGGLE PLATE LA,1G,Light Almond,,,,,,EA,"[""1-gang toggle nylon wall plate - light almond"", ""1g toggle plate la"", ""devices"", ""wall plates"", ""wallplate"", ""placa"", ""wall plate""]",true
daabc0b6-0762-5fcf-ae78-fb1643989a2c,Devices,Wall Plates,1-Gang Toggle Nylon Wall Plate - White,1G TOGGLE PLATE WHT,1G,White,,,,,,EA,"[""1-gang toggle nylon wall plate - white"", ""1g toggle plate wht"", ""devices"", ""wall plates"", ""wallplate"", ""placa"", ""wall plate""]",true
86fb8d93-3eed-5e73-a376-fb926b0683af,Devices,Wall Plates,1-Gang Toggle Stainless Steel Wall Plate,1G TOGGLE SS PLATE,1G,Stainless Steel,,,,,,EA,"[""1-gang toggle stainless steel wall plate"", ""1g toggle ss plate"", ""devices"", ""wall plates"", ""wallplate"", ""placa metal""]",true
d491033b-cc8b-5468-9f0a-e18119872e68,Devices,Wall Plates,2-Gang Blank Nylon Wall Plate - Black,2G BLANK PLATE BLK,2G,Black,,,,,,EA,"[""2-gang blank nylon wall plate - black"", ""2g blank plate blk"", ""devices"", ""wall plates"", ""wallplate"", ""placa"", ""wall plate""]",true
34873012-e22e-5b8d-bda0-477fbfe32b25,Devices,Wall Plates,2-Gang Blank Nylon Wall Plate - Brown,2G BLANK PLATE BRN,2G,Brown,,,,,,EA,"[""2-gang blank nylon wall plate - brown"", ""2g blank plate brn"", ""devices"", ""wall plates"", ""wallplate"", ""placa"", ""wall plate""]",true
6b41c0c3-6ddd-5ce6-bafc-c3577e3f4013,Devices,Wall Plates,2-Gang Blank Nylon Wall Plate - Gray,2G BLANK PLATE GRY,2G,Gray,,,,,,EA,"[""2-gang blank nylon wall plate - gray"", ""2g blank plate gry"", ""devices"", ""wall plates"", ""wallplate"", ""placa"", ""wall plate""]",true
031ea734-5a26-545d-bae6-2fd288fbae05,Devices,Wall Plates,2-Gang Blank Nylon Wall Plate - Ivory,2G BLANK PLATE IVY,2G,Ivory,,,,,,EA,"[""2-gang blank nylon wall plate - ivory"", ""2g blank plate ivy"", ""devices"", ""wall plates"", ""wallplate"", ""placa"", ""wall plate""]",true
9d147052-f85c-58cb-b19b-d58575434206,Devices,Wall Plates,2-Gang Blank Nylon Wall Plate - Light Almond,2G BLANK PLATE LA,2G,Light Almond,,,,,,EA,"[""2-gang blank nylon wall plate - light almond"", ""2g blank plate la"", ""devices"", ""wall plates"", ""wallplate"", ""placa"", ""wall plate""]",true
03d2aaac-fb69-551e-b658-14d8c7a979aa,Devices,Wall Plates,2-Gang Blank Nylon Wall Plate - White,2G BLANK PLATE WHT,2G,White,,,,,,EA,"[""2-gang blank nylon wall plate - white"", ""2g blank plate wht"", ""devices"", ""wall plates"", ""wallplate"", ""placa"", ""wall plate""]",true
e0c8bd02-8e03-515b-8b0a-a1809be17d74,Devices,Wall Plates,2-Gang Blank Stainless Steel Wall Plate,2G BLANK SS PLATE,2G,Stainless Steel,,,,,,EA,"[""2-gang blank stainless steel wall plate"", ""2g blank ss plate"", ""devices"", ""wall plates"", ""wallplate"", ""placa metal""]",true
c5535774-d3fc-5ce6-82d7-d2f9ae95135c,Devices,Wall Plates,2-Gang Decorator / Blank Nylon Combination Wall Plate - Black,2G DECORATOR / BLANK PLATE BLK,2G,Black,,,,,,EA,"[""2-gang decorator / blank nylon combination wall plate - black"", ""2g decorator / blank plate blk"", ""devices"", ""wall plates"", ""combo wallplate"", ""placa combinada""]",true
b9cb166e-6acc-50a4-afa9-0eeff4ab6f1e,Devices,Wall Plates,2-Gang Decorator / Blank Nylon Combination Wall Plate - Brown,2G DECORATOR / BLANK PLATE BRN,2G,Brown,,,,,,EA,"[""2-gang decorator / blank nylon combination wall plate - brown"", ""2g decorator / blank plate brn"", ""devices"", ""wall plates"", ""combo wallplate"", ""placa combinada""]",true
e1152d82-8d02-5b2d-b149-9fcd25cb5310,Devices,Wall Plates,2-Gang Decorator / Blank Nylon Combination Wall Plate - Gray,2G DECORATOR / BLANK PLATE GRY,2G,Gray,,,,,,EA,"[""2-gang decorator / blank nylon combination wall plate - gray"", ""2g decorator / blank plate gry"", ""devices"", ""wall plates"", ""combo wallplate"", ""placa combinada""]",true
c5b4bb14-be3c-517b-b9fc-6b77ea0f24b4,Devices,Wall Plates,2-Gang Decorator / Blank Nylon Combination Wall Plate - Ivory,2G DECORATOR / BLANK PLATE IVY,2G,Ivory,,,,,,EA,"[""2-gang decorator / blank nylon combination wall plate - ivory"", ""2g decorator / blank plate ivy"", ""devices"", ""wall plates"", ""combo wallplate"", ""placa combinada""]",true
51941893-8eb4-5fd1-a4b8-94b4167242c1,Devices,Wall Plates,2-Gang Decorator / Blank Nylon Combination Wall Plate - Light Almond,2G DECORATOR / BLANK PLATE LA,2G,Light Almond,,,,,,EA,"[""2-gang decorator / blank nylon combination wall plate - light almond"", ""2g decorator / blank plate la"", ""devices"", ""wall plates"", ""combo wallplate"", ""placa combinada""]",true
5cf93feb-9bb0-5559-abf2-7dae816b7cac,Devices,Wall Plates,2-Gang Decorator / Blank Nylon Combination Wall Plate - White,2G DECORATOR / BLANK PLATE WHT,2G,White,,,,,,EA,"[""2-gang decorator / blank nylon combination wall plate - white"", ""2g decorator / blank plate wht"", ""devices"", ""wall plates"", ""combo wallplate"", ""placa combinada""]",true
ef86c47d-3b4d-55c7-988b-3223653a5036,Devices,Wall Plates,2-Gang Decorator Nylon Wall Plate - Black,2G DECORATOR PLATE BLK,2G,Black,,,,,,EA,"[""2-gang decorator nylon wall plate - black"", ""2g decorator plate blk"", ""devices"", ""wall plates"", ""wallplate"", ""placa"", ""decora plate""]",true
ee339fad-d183-539f-9d25-116f40e7e8af,Devices,Wall Plates,2-Gang Decorator Nylon Wall Plate - Brown,2G DECORATOR PLATE BRN,2G,Brown,,,,,,EA,"[""2-gang decorator nylon wall plate - brown"", ""2g decorator plate brn"", ""devices"", ""wall plates"", ""wallplate"", ""placa"", ""decora plate""]",true
e6cb258d-79f8-56fc-9076-6da4be041451,Devices,Wall Plates,2-Gang Decorator Nylon Wall Plate - Gray,2G DECORATOR PLATE GRY,2G,Gray,,,,,,EA,"[""2-gang decorator nylon wall plate - gray"", ""2g decorator plate gry"", ""devices"", ""wall plates"", ""wallplate"", ""placa"", ""decora plate""]",true
88fa0189-0ac1-5acd-91bb-3408390a7813,Devices,Wall Plates,2-Gang Decorator Nylon Wall Plate - Ivory,2G DECORATOR PLATE IVY,2G,Ivory,,,,,,EA,"[""2-gang decorator nylon wall plate - ivory"", ""2g decorator plate ivy"", ""devices"", ""wall plates"", ""wallplate"", ""placa"", ""decora plate""]",true
8db7d171-f777-5131-a325-25cd4e4f029f,Devices,Wall Plates,2-Gang Decorator Nylon Wall Plate - Light Almond,2G DECORATOR PLATE LA,2G,Light Almond,,,,,,EA,"[""2-gang decorator nylon wall plate - light almond"", ""2g decorator plate la"", ""devices"", ""wall plates"", ""wallplate"", ""placa"", ""decora plate""]",true
898eb654-092d-5d4c-88a9-cad90873c8cc,Devices,Wall Plates,2-Gang Decorator Nylon Wall Plate - White,2G DECORATOR PLATE WHT,2G,White,,,,,,EA,"[""2-gang decorator nylon wall plate - white"", ""2g decorator plate wht"", ""devices"", ""wall plates"", ""wallplate"", ""placa"", ""decora plate""]",true
a9c0bd5a-0bde-56de-bede-f232f62fd38d,Devices,Wall Plates,2-Gang Decorator Stainless Steel Wall Plate,2G DECORATOR SS PLATE,2G,Stainless Steel,,,,,,EA,"[""2-gang decorator stainless steel wall plate"", ""2g decorator ss plate"", ""devices"", ""wall plates"", ""wallplate"", ""placa metal""]",true
0b4f7348-abbb-5da5-9e45-e1f567ecc1bb,Devices,Wall Plates,2-Gang Duplex / Decorator Nylon Combination Wall Plate - Black,2G DUPLEX / DECORATOR PLATE BLK,2G,Black,,,,,,EA,"[""2-gang duplex / decorator nylon combination wall plate - black"", ""2g duplex / decorator plate blk"", ""devices"", ""wall plates"", ""combo wallplate"", ""placa combinada""]",true
d3e83116-e88b-529d-9f23-06bd020d3f28,Devices,Wall Plates,2-Gang Duplex / Decorator Nylon Combination Wall Plate - Brown,2G DUPLEX / DECORATOR PLATE BRN,2G,Brown,,,,,,EA,"[""2-gang duplex / decorator nylon combination wall plate - brown"", ""2g duplex / decorator plate brn"", ""devices"", ""wall plates"", ""combo wallplate"", ""placa combinada""]",true
1d5a21a5-4532-5012-838f-be818e13b0bc,Devices,Wall Plates,2-Gang Duplex / Decorator Nylon Combination Wall Plate - Gray,2G DUPLEX / DECORATOR PLATE GRY,2G,Gray,,,,,,EA,"[""2-gang duplex / decorator nylon combination wall plate - gray"", ""2g duplex / decorator plate gry"", ""devices"", ""wall plates"", ""combo wallplate"", ""placa combinada""]",true
933e828f-2110-5cb3-a0f3-3ac252acb841,Devices,Wall Plates,2-Gang Duplex / Decorator Nylon Combination Wall Plate - Ivory,2G DUPLEX / DECORATOR PLATE IVY,2G,Ivory,,,,,,EA,"[""2-gang duplex / decorator nylon combination wall plate - ivory"", ""2g duplex / decorator plate ivy"", ""devices"", ""wall plates"", ""combo wallplate"", ""placa combinada""]",true
1002978d-9b36-548f-812a-1f1b1e75291e,Devices,Wall Plates,2-Gang Duplex / Decorator Nylon Combination Wall Plate - Light Almond,2G DUPLEX / DECORATOR PLATE LA,2G,Light Almond,,,,,,EA,"[""2-gang duplex / decorator nylon combination wall plate - light almond"", ""2g duplex / decorator plate la"", ""devices"", ""wall plates"", ""combo wallplate"", ""placa combinada""]",true
af90f494-4abf-5226-a1a8-3a56912cca0b,Devices,Wall Plates,2-Gang Duplex / Decorator Nylon Combination Wall Plate - White,2G DUPLEX / DECORATOR PLATE WHT,2G,White,,,,,,EA,"[""2-gang duplex / decorator nylon combination wall plate - white"", ""2g duplex / decorator plate wht"", ""devices"", ""wall plates"", ""combo wallplate"", ""placa combinada""]",true
ecaf3661-9c3f-535b-81f0-f5157d9d9d40,Devices,Wall Plates,2-Gang Duplex Nylon Wall Plate - Black,2G DUPLEX PLATE BLK,2G,Black,,,,,,EA,"[""2-gang duplex nylon wall plate - black"", ""2g duplex plate blk"", ""devices"", ""wall plates"", ""wallplate"", ""placa"", ""wall plate""]",true
3aa7e255-607e-54b0-9a75-1b31c07b4e93,Devices,Wall Plates,2-Gang Duplex Nylon Wall Plate - Brown,2G DUPLEX PLATE BRN,2G,Brown,,,,,,EA,"[""2-gang duplex nylon wall plate - brown"", ""2g duplex plate brn"", ""devices"", ""wall plates"", ""wallplate"", ""placa"", ""wall plate""]",true
812af4df-1ed7-5b1f-bd13-c685e29d5fd7,Devices,Wall Plates,2-Gang Duplex Nylon Wall Plate - Gray,2G DUPLEX PLATE GRY,2G,Gray,,,,,,EA,"[""2-gang duplex nylon wall plate - gray"", ""2g duplex plate gry"", ""devices"", ""wall plates"", ""wallplate"", ""placa"", ""wall plate""]",true
127f3db8-cafb-51f7-be4a-c7283a2940e9,Devices,Wall Plates,2-Gang Duplex Nylon Wall Plate - Ivory,2G DUPLEX PLATE IVY,2G,Ivory,,,,,,EA,"[""2-gang duplex nylon wall plate - ivory"", ""2g duplex plate ivy"", ""devices"", ""wall plates"", ""wallplate"", ""placa"", ""wall plate""]",true
b32fab6d-8fb0-5383-ba5b-afc1f3704f6c,Devices,Wall Plates,2-Gang Duplex Nylon Wall Plate - Light Almond,2G DUPLEX PLATE LA,2G,Light Almond,,,,,,EA,"[""2-gang duplex nylon wall plate - light almond"", ""2g duplex plate la"", ""devices"", ""wall plates"", ""wallplate"", ""placa"", ""wall plate""]",true
01c6f304-e1d9-5815-92eb-0b9eda946060,Devices,Wall Plates,2-Gang Duplex Nylon Wall Plate - White,2G DUPLEX PLATE WHT,2G,White,,,,,,EA,"[""2-gang duplex nylon wall plate - white"", ""2g duplex plate wht"", ""devices"", ""wall plates"", ""wallplate"", ""placa"", ""wall plate""]",true
484bd0ab-5967-59b2-a2c0-63e5e1eb9e7f,Devices,Wall Plates,2-Gang Duplex Stainless Steel Wall Plate,2G DUPLEX SS PLATE,2G,Stainless Steel,,,,,,EA,"[""2-gang duplex stainless steel wall plate"", ""2g duplex ss plate"", ""devices"", ""wall plates"", ""wallplate"", ""placa metal""]",true
0e7f3a17-1735-56b3-b076-e25eec772fc8,Devices,Wall Plates,2-Gang Toggle / Blank Nylon Combination Wall Plate - Black,2G TOGGLE / BLANK PLATE BLK,2G,Black,,,,,,EA,"[""2-gang toggle / blank nylon combination wall plate - black"", ""2g toggle / blank plate blk"", ""devices"", ""wall plates"", ""combo wallplate"", ""placa combinada""]",true
08cffbb8-cf5e-5988-ad95-70c8d4d90669,Devices,Wall Plates,2-Gang Toggle / Blank Nylon Combination Wall Plate - Brown,2G TOGGLE / BLANK PLATE BRN,2G,Brown,,,,,,EA,"[""2-gang toggle / blank nylon combination wall plate - brown"", ""2g toggle / blank plate brn"", ""devices"", ""wall plates"", ""combo wallplate"", ""placa combinada""]",true
219541ba-d1d6-5f7c-aa45-92992446f449,Devices,Wall Plates,2-Gang Toggle / Blank Nylon Combination Wall Plate - Gray,2G TOGGLE / BLANK PLATE GRY,2G,Gray,,,,,,EA,"[""2-gang toggle / blank nylon combination wall plate - gray"", ""2g toggle / blank plate gry"", ""devices"", ""wall plates"", ""combo wallplate"", ""placa combinada""]",true
d7352431-7469-591d-856c-98f629635a89,Devices,Wall Plates,2-Gang Toggle / Blank Nylon Combination Wall Plate - Ivory,2G TOGGLE / BLANK PLATE IVY,2G,Ivory,,,,,,EA,"[""2-gang toggle / blank nylon combination wall plate - ivory"", ""2g toggle / blank plate ivy"", ""devices"", ""wall plates"", ""combo wallplate"", ""placa combinada""]",true
f3be623d-9377-5e6d-b35a-457e05e85e39,Devices,Wall Plates,2-Gang Toggle / Blank Nylon Combination Wall Plate - Light Almond,2G TOGGLE / BLANK PLATE LA,2G,Light Almond,,,,,,EA,"[""2-gang toggle / blank nylon combination wall plate - light almond"", ""2g toggle / blank plate la"", ""devices"", ""wall plates"", ""combo wallplate"", ""placa combinada""]",true
89339638-4de2-5f90-8e81-48b0f5cd249a,Devices,Wall Plates,2-Gang Toggle / Blank Nylon Combination Wall Plate - White,2G TOGGLE / BLANK PLATE WHT,2G,White,,,,,,EA,"[""2-gang toggle / blank nylon combination wall plate - white"", ""2g toggle / blank plate wht"", ""devices"", ""wall plates"", ""combo wallplate"", ""placa combinada""]",true
867efc41-e9f4-5a6f-9942-4ef436990111,Devices,Wall Plates,2-Gang Toggle / Decorator Nylon Combination Wall Plate - Black,2G TOGGLE / DECORATOR PLATE BLK,2G,Black,,,,,,EA,"[""2-gang toggle / decorator nylon combination wall plate - black"", ""2g toggle / decorator plate blk"", ""devices"", ""wall plates"", ""combo wallplate"", ""placa combinada""]",true
ac989f63-8bfa-5fce-b0de-478937f3a439,Devices,Wall Plates,2-Gang Toggle / Decorator Nylon Combination Wall Plate - Brown,2G TOGGLE / DECORATOR PLATE BRN,2G,Brown,,,,,,EA,"[""2-gang toggle / decorator nylon combination wall plate - brown"", ""2g toggle / decorator plate brn"", ""devices"", ""wall plates"", ""combo wallplate"", ""placa combinada""]",true
c4476d5a-cf94-5f26-b55b-b50afa094979,Devices,Wall Plates,2-Gang Toggle / Decorator Nylon Combination Wall Plate - Gray,2G TOGGLE / DECORATOR PLATE GRY,2G,Gray,,,,,,EA,"[""2-gang toggle / decorator nylon combination wall plate - gray"", ""2g toggle / decorator plate gry"", ""devices"", ""wall plates"", ""combo wallplate"", ""placa combinada""]",true
c7f215fb-7934-55a6-8df4-daec838e4c82,Devices,Wall Plates,2-Gang Toggle / Decorator Nylon Combination Wall Plate - Ivory,2G TOGGLE / DECORATOR PLATE IVY,2G,Ivory,,,,,,EA,"[""2-gang toggle / decorator nylon combination wall plate - ivory"", ""2g toggle / decorator plate ivy"", ""devices"", ""wall plates"", ""combo wallplate"", ""placa combinada""]",true
af19d691-8f2e-5428-ba25-26e6edeff76e,Devices,Wall Plates,2-Gang Toggle / Decorator Nylon Combination Wall Plate - Light Almond,2G TOGGLE / DECORATOR PLATE LA,2G,Light Almond,,,,,,EA,"[""2-gang toggle / decorator nylon combination wall plate - light almond"", ""2g toggle / decorator plate la"", ""devices"", ""wall plates"", ""combo wallplate"", ""placa combinada""]",true
83df0e66-e0f3-584e-ad61-ea0de1f485c0,Devices,Wall Plates,2-Gang Toggle / Decorator Nylon Combination Wall Plate - White,2G TOGGLE / DECORATOR PLATE WHT,2G,White,,,,,,EA,"[""2-gang toggle / decorator nylon combination wall plate - white"", ""2g toggle / decorator plate wht"", ""devices"", ""wall plates"", ""combo wallplate"", ""placa combinada""]",true
a8999b6f-2971-5ad0-892f-d90135c64416,Devices,Wall Plates,2-Gang Toggle / Duplex Nylon Combination Wall Plate - Black,2G TOGGLE / DUPLEX PLATE BLK,2G,Black,,,,,,EA,"[""2-gang toggle / duplex nylon combination wall plate - black"", ""2g toggle / duplex plate blk"", ""devices"", ""wall plates"", ""combo wallplate"", ""placa combinada""]",true
6f7591d3-6eb8-5f52-bdd6-99154a51456f,Devices,Wall Plates,2-Gang Toggle / Duplex Nylon Combination Wall Plate - Brown,2G TOGGLE / DUPLEX PLATE BRN,2G,Brown,,,,,,EA,"[""2-gang toggle / duplex nylon combination wall plate - brown"", ""2g toggle / duplex plate brn"", ""devices"", ""wall plates"", ""combo wallplate"", ""placa combinada""]",true
e76e6755-3919-5f33-8d0d-45d200720c13,Devices,Wall Plates,2-Gang Toggle / Duplex Nylon Combination Wall Plate - Gray,2G TOGGLE / DUPLEX PLATE GRY,2G,Gray,,,,,,EA,"[""2-gang toggle / duplex nylon combination wall plate - gray"", ""2g toggle / duplex plate gry"", ""devices"", ""wall plates"", ""combo wallplate"", ""placa combinada""]",true
5f88e005-f93f-5c02-9cd2-46397b95c01c,Devices,Wall Plates,2-Gang Toggle / Duplex Nylon Combination Wall Plate - Ivory,2G TOGGLE / DUPLEX PLATE IVY,2G,Ivory,,,,,,EA,"[""2-gang toggle / duplex nylon combination wall plate - ivory"", ""2g toggle / duplex plate ivy"", ""devices"", ""wall plates"", ""combo wallplate"", ""placa combinada""]",true
128ea42f-7f06-5e43-ab0f-587cbd0cb7f4,Devices,Wall Plates,2-Gang Toggle / Duplex Nylon Combination Wall Plate - Light Almond,2G TOGGLE / DUPLEX PLATE LA,2G,Light Almond,,,,,,EA,"[""2-gang toggle / duplex nylon combination wall plate - light almond"", ""2g toggle / duplex plate la"", ""devices"", ""wall plates"", ""combo wallplate"", ""placa combinada""]",true
23728d73-6e14-5f8f-aa10-19c696bb651b,Devices,Wall Plates,2-Gang Toggle / Duplex Nylon Combination Wall Plate - White,2G TOGGLE / DUPLEX PLATE WHT,2G,White,,,,,,EA,"[""2-gang toggle / duplex nylon combination wall plate - white"", ""2g toggle / duplex plate wht"", ""devices"", ""wall plates"", ""combo wallplate"", ""placa combinada""]",true
6070c367-f252-54e5-bc5d-a35d2970079f,Devices,Wall Plates,2-Gang Toggle Nylon Wall Plate - Black,2G TOGGLE PLATE BLK,2G,Black,,,,,,EA,"[""2-gang toggle nylon wall plate - black"", ""2g toggle plate blk"", ""devices"", ""wall plates"", ""wallplate"", ""placa"", ""wall plate""]",true
ea8ed8a4-3628-55e1-a86c-d3cf1fa70fe5,Devices,Wall Plates,2-Gang Toggle Nylon Wall Plate - Brown,2G TOGGLE PLATE BRN,2G,Brown,,,,,,EA,"[""2-gang toggle nylon wall plate - brown"", ""2g toggle plate brn"", ""devices"", ""wall plates"", ""wallplate"", ""placa"", ""wall plate""]",true
2a4995e7-1455-516f-bdd4-ccc4420daf0b,Devices,Wall Plates,2-Gang Toggle Nylon Wall Plate - Gray,2G TOGGLE PLATE GRY,2G,Gray,,,,,,EA,"[""2-gang toggle nylon wall plate - gray"", ""2g toggle plate gry"", ""devices"", ""wall plates"", ""wallplate"", ""placa"", ""wall plate""]",true
477237b9-2155-5521-ae3e-52034eb33b64,Devices,Wall Plates,2-Gang Toggle Nylon Wall Plate - Ivory,2G TOGGLE PLATE IVY,2G,Ivory,,,,,,EA,"[""2-gang toggle nylon wall plate - ivory"", ""2g toggle plate ivy"", ""devices"", ""wall plates"", ""wallplate"", ""placa"", ""wall plate""]",true
4190a7a3-e7a5-53a5-93bc-3c57060b5485,Devices,Wall Plates,2-Gang Toggle Nylon Wall Plate - Light Almond,2G TOGGLE PLATE LA,2G,Light Almond,,,,,,EA,"[""2-gang toggle nylon wall plate - light almond"", ""2g toggle plate la"", ""devices"", ""wall plates"", ""wallplate"", ""placa"", ""wall plate""]",true
e13b4ff9-174a-5810-b914-57eaac419085,Devices,Wall Plates,2-Gang Toggle Nylon Wall Plate - White,2G TOGGLE PLATE WHT,2G,White,,,,,,EA,"[""2-gang toggle nylon wall plate - white"", ""2g toggle plate wht"", ""devices"", ""wall plates"", ""wallplate"", ""placa"", ""wall plate""]",true
479d6a2a-4c5d-57fd-992b-a9e3ba63b32a,Devices,Wall Plates,2-Gang Toggle Stainless Steel Wall Plate,2G TOGGLE SS PLATE,2G,Stainless Steel,,,,,,EA,"[""2-gang toggle stainless steel wall plate"", ""2g toggle ss plate"", ""devices"", ""wall plates"", ""wallplate"", ""placa metal""]",true
6ed0cbe7-7ebe-5969-ba0e-79ced2092dc5,Devices,Wall Plates,3-Gang Blank Nylon Wall Plate - Black,3G BLANK PLATE BLK,3G,Black,,,,,,EA,"[""3-gang blank nylon wall plate - black"", ""3g blank plate blk"", ""devices"", ""wall plates"", ""wallplate"", ""placa"", ""wall plate""]",true
d4ca93b1-8028-5975-9b7d-ac1d5b504fc7,Devices,Wall Plates,3-Gang Blank Nylon Wall Plate - Brown,3G BLANK PLATE BRN,3G,Brown,,,,,,EA,"[""3-gang blank nylon wall plate - brown"", ""3g blank plate brn"", ""devices"", ""wall plates"", ""wallplate"", ""placa"", ""wall plate""]",true
92eadd69-215e-53f7-bf94-7da84d172801,Devices,Wall Plates,3-Gang Blank Nylon Wall Plate - Gray,3G BLANK PLATE GRY,3G,Gray,,,,,,EA,"[""3-gang blank nylon wall plate - gray"", ""3g blank plate gry"", ""devices"", ""wall plates"", ""wallplate"", ""placa"", ""wall plate""]",true
99091af3-8d42-556e-b1d6-d425899ac183,Devices,Wall Plates,3-Gang Blank Nylon Wall Plate - Ivory,3G BLANK PLATE IVY,3G,Ivory,,,,,,EA,"[""3-gang blank nylon wall plate - ivory"", ""3g blank plate ivy"", ""devices"", ""wall plates"", ""wallplate"", ""placa"", ""wall plate""]",true
20b9cac9-4548-54ca-969e-54ecdb2dee70,Devices,Wall Plates,3-Gang Blank Nylon Wall Plate - Light Almond,3G BLANK PLATE LA,3G,Light Almond,,,,,,EA,"[""3-gang blank nylon wall plate - light almond"", ""3g blank plate la"", ""devices"", ""wall plates"", ""wallplate"", ""placa"", ""wall plate""]",true
9cfe7561-f15d-58b0-b39c-1b189f989bc6,Devices,Wall Plates,3-Gang Blank Nylon Wall Plate - White,3G BLANK PLATE WHT,3G,White,,,,,,EA,"[""3-gang blank nylon wall plate - white"", ""3g blank plate wht"", ""devices"", ""wall plates"", ""wallplate"", ""placa"", ""wall plate""]",true
4bad976f-67e8-5945-b79f-aa4b1f43af59,Devices,Wall Plates,3-Gang Blank Stainless Steel Wall Plate,3G BLANK SS PLATE,3G,Stainless Steel,,,,,,EA,"[""3-gang blank stainless steel wall plate"", ""3g blank ss plate"", ""devices"", ""wall plates"", ""wallplate"", ""placa metal""]",true
bdf42330-63b2-5feb-bcc5-fafb2a97db1c,Devices,Wall Plates,3-Gang Decorator Nylon Wall Plate - Black,3G DECORATOR PLATE BLK,3G,Black,,,,,,EA,"[""3-gang decorator nylon wall plate - black"", ""3g decorator plate blk"", ""devices"", ""wall plates"", ""wallplate"", ""placa"", ""decora plate""]",true
3c4b0d26-9d33-5559-a749-5940e25383b5,Devices,Wall Plates,3-Gang Decorator Nylon Wall Plate - Brown,3G DECORATOR PLATE BRN,3G,Brown,,,,,,EA,"[""3-gang decorator nylon wall plate - brown"", ""3g decorator plate brn"", ""devices"", ""wall plates"", ""wallplate"", ""placa"", ""decora plate""]",true
d713b420-695a-5344-bbd8-2f51065050b8,Devices,Wall Plates,3-Gang Decorator Nylon Wall Plate - Gray,3G DECORATOR PLATE GRY,3G,Gray,,,,,,EA,"[""3-gang decorator nylon wall plate - gray"", ""3g decorator plate gry"", ""devices"", ""wall plates"", ""wallplate"", ""placa"", ""decora plate""]",true
33490565-ab29-5a75-9fa0-560d47b7de6c,Devices,Wall Plates,3-Gang Decorator Nylon Wall Plate - Ivory,3G DECORATOR PLATE IVY,3G,Ivory,,,,,,EA,"[""3-gang decorator nylon wall plate - ivory"", ""3g decorator plate ivy"", ""devices"", ""wall plates"", ""wallplate"", ""placa"", ""decora plate""]",true
db2b1036-d68a-5b91-a1b2-70d86280f441,Devices,Wall Plates,3-Gang Decorator Nylon Wall Plate - Light Almond,3G DECORATOR PLATE LA,3G,Light Almond,,,,,,EA,"[""3-gang decorator nylon wall plate - light almond"", ""3g decorator plate la"", ""devices"", ""wall plates"", ""wallplate"", ""placa"", ""decora plate""]",true
bfd57aa3-1e9b-52cf-8e81-127166bf606b,Devices,Wall Plates,3-Gang Decorator Nylon Wall Plate - White,3G DECORATOR PLATE WHT,3G,White,,,,,,EA,"[""3-gang decorator nylon wall plate - white"", ""3g decorator plate wht"", ""devices"", ""wall plates"", ""wallplate"", ""placa"", ""decora plate""]",true
19a250d7-607a-5225-a717-6a176f539d03,Devices,Wall Plates,3-Gang Decorator Stainless Steel Wall Plate,3G DECORATOR SS PLATE,3G,Stainless Steel,,,,,,EA,"[""3-gang decorator stainless steel wall plate"", ""3g decorator ss plate"", ""devices"", ""wall plates"", ""wallplate"", ""placa metal""]",true
28f9c110-7764-5d6c-8a24-c87cde76137f,Devices,Wall Plates,3-Gang Duplex Nylon Wall Plate - Black,3G DUPLEX PLATE BLK,3G,Black,,,,,,EA,"[""3-gang duplex nylon wall plate - black"", ""3g duplex plate blk"", ""devices"", ""wall plates"", ""wallplate"", ""placa"", ""wall plate""]",true
5ef9d898-33bf-533a-bfa8-ccb92d81a36b,Devices,Wall Plates,3-Gang Duplex Nylon Wall Plate - Brown,3G DUPLEX PLATE BRN,3G,Brown,,,,,,EA,"[""3-gang duplex nylon wall plate - brown"", ""3g duplex plate brn"", ""devices"", ""wall plates"", ""wallplate"", ""placa"", ""wall plate""]",true
7f523992-4621-573f-b7ba-65d8b2cd8dd9,Devices,Wall Plates,3-Gang Duplex Nylon Wall Plate - Gray,3G DUPLEX PLATE GRY,3G,Gray,,,,,,EA,"[""3-gang duplex nylon wall plate - gray"", ""3g duplex plate gry"", ""devices"", ""wall plates"", ""wallplate"", ""placa"", ""wall plate""]",true
10cef9dc-c315-55fe-a68e-1bc3fe5d28d0,Devices,Wall Plates,3-Gang Duplex Nylon Wall Plate - Ivory,3G DUPLEX PLATE IVY,3G,Ivory,,,,,,EA,"[""3-gang duplex nylon wall plate - ivory"", ""3g duplex plate ivy"", ""devices"", ""wall plates"", ""wallplate"", ""placa"", ""wall plate""]",true
c4f9715f-0626-5b54-b5f8-f5d13d496bca,Devices,Wall Plates,3-Gang Duplex Nylon Wall Plate - Light Almond,3G DUPLEX PLATE LA,3G,Light Almond,,,,,,EA,"[""3-gang duplex nylon wall plate - light almond"", ""3g duplex plate la"", ""devices"", ""wall plates"", ""wallplate"", ""placa"", ""wall plate""]",true
fceaaae2-3c68-50e1-b909-fbf74120755a,Devices,Wall Plates,3-Gang Duplex Nylon Wall Plate - White,3G DUPLEX PLATE WHT,3G,White,,,,,,EA,"[""3-gang duplex nylon wall plate - white"", ""3g duplex plate wht"", ""devices"", ""wall plates"", ""wallplate"", ""placa"", ""wall plate""]",true
753ad112-94a0-503c-9e38-39b7df6302d5,Devices,Wall Plates,3-Gang Duplex Stainless Steel Wall Plate,3G DUPLEX SS PLATE,3G,Stainless Steel,,,,,,EA,"[""3-gang duplex stainless steel wall plate"", ""3g duplex ss plate"", ""devices"", ""wall plates"", ""wallplate"", ""placa metal""]",true
bf72c207-51bd-59ef-bb87-18ca3b295edb,Devices,Wall Plates,3-Gang Toggle Nylon Wall Plate - Black,3G TOGGLE PLATE BLK,3G,Black,,,,,,EA,"[""3-gang toggle nylon wall plate - black"", ""3g toggle plate blk"", ""devices"", ""wall plates"", ""wallplate"", ""placa"", ""wall plate""]",true
47b38329-5c7e-5949-b178-76e6cf460106,Devices,Wall Plates,3-Gang Toggle Nylon Wall Plate - Brown,3G TOGGLE PLATE BRN,3G,Brown,,,,,,EA,"[""3-gang toggle nylon wall plate - brown"", ""3g toggle plate brn"", ""devices"", ""wall plates"", ""wallplate"", ""placa"", ""wall plate""]",true
47b3d7be-2dc6-5205-adb8-424e813d2328,Devices,Wall Plates,3-Gang Toggle Nylon Wall Plate - Gray,3G TOGGLE PLATE GRY,3G,Gray,,,,,,EA,"[""3-gang toggle nylon wall plate - gray"", ""3g toggle plate gry"", ""devices"", ""wall plates"", ""wallplate"", ""placa"", ""wall plate""]",true
9c4e1c94-924b-5e62-bbbe-9211cf3bd7a2,Devices,Wall Plates,3-Gang Toggle Nylon Wall Plate - Ivory,3G TOGGLE PLATE IVY,3G,Ivory,,,,,,EA,"[""3-gang toggle nylon wall plate - ivory"", ""3g toggle plate ivy"", ""devices"", ""wall plates"", ""wallplate"", ""placa"", ""wall plate""]",true
443f5b03-3e8f-5547-b608-2c616d726c69,Devices,Wall Plates,3-Gang Toggle Nylon Wall Plate - Light Almond,3G TOGGLE PLATE LA,3G,Light Almond,,,,,,EA,"[""3-gang toggle nylon wall plate - light almond"", ""3g toggle plate la"", ""devices"", ""wall plates"", ""wallplate"", ""placa"", ""wall plate""]",true
cc859441-a868-547c-a70f-0a1b08b45e86,Devices,Wall Plates,3-Gang Toggle Nylon Wall Plate - White,3G TOGGLE PLATE WHT,3G,White,,,,,,EA,"[""3-gang toggle nylon wall plate - white"", ""3g toggle plate wht"", ""devices"", ""wall plates"", ""wallplate"", ""placa"", ""wall plate""]",true
d1511b99-2828-5439-b515-8834f6dc9333,Devices,Wall Plates,3-Gang Toggle Stainless Steel Wall Plate,3G TOGGLE SS PLATE,3G,Stainless Steel,,,,,,EA,"[""3-gang toggle stainless steel wall plate"", ""3g toggle ss plate"", ""devices"", ""wall plates"", ""wallplate"", ""placa metal""]",true
147c27a5-d2d1-5c1c-a09a-965a476b68f3,Devices,Wall Plates,4-Gang Blank Nylon Wall Plate - Black,4G BLANK PLATE BLK,4G,Black,,,,,,EA,"[""4-gang blank nylon wall plate - black"", ""4g blank plate blk"", ""devices"", ""wall plates"", ""wallplate"", ""placa"", ""wall plate""]",true
4bd684bb-efe8-59bf-8ae3-1b7ca4f5fccf,Devices,Wall Plates,4-Gang Blank Nylon Wall Plate - Brown,4G BLANK PLATE BRN,4G,Brown,,,,,,EA,"[""4-gang blank nylon wall plate - brown"", ""4g blank plate brn"", ""devices"", ""wall plates"", ""wallplate"", ""placa"", ""wall plate""]",true
3f6422c1-ef3e-5df0-907b-d94b7ae26d20,Devices,Wall Plates,4-Gang Blank Nylon Wall Plate - Gray,4G BLANK PLATE GRY,4G,Gray,,,,,,EA,"[""4-gang blank nylon wall plate - gray"", ""4g blank plate gry"", ""devices"", ""wall plates"", ""wallplate"", ""placa"", ""wall plate""]",true
e92cbc8c-0e33-50e4-93f6-e47bcad73817,Devices,Wall Plates,4-Gang Blank Nylon Wall Plate - Ivory,4G BLANK PLATE IVY,4G,Ivory,,,,,,EA,"[""4-gang blank nylon wall plate - ivory"", ""4g blank plate ivy"", ""devices"", ""wall plates"", ""wallplate"", ""placa"", ""wall plate""]",true
cd624d78-23d6-5c8d-87fe-d95571a95fec,Devices,Wall Plates,4-Gang Blank Nylon Wall Plate - Light Almond,4G BLANK PLATE LA,4G,Light Almond,,,,,,EA,"[""4-gang blank nylon wall plate - light almond"", ""4g blank plate la"", ""devices"", ""wall plates"", ""wallplate"", ""placa"", ""wall plate""]",true
752b064d-fea6-5533-9569-224792597a19,Devices,Wall Plates,4-Gang Blank Nylon Wall Plate - White,4G BLANK PLATE WHT,4G,White,,,,,,EA,"[""4-gang blank nylon wall plate - white"", ""4g blank plate wht"", ""devices"", ""wall plates"", ""wallplate"", ""placa"", ""wall plate""]",true
789e3703-0677-561f-b209-96e7960c212b,Devices,Wall Plates,4-Gang Blank Stainless Steel Wall Plate,4G BLANK SS PLATE,4G,Stainless Steel,,,,,,EA,"[""4-gang blank stainless steel wall plate"", ""4g blank ss plate"", ""devices"", ""wall plates"", ""wallplate"", ""placa metal""]",true
18978722-322e-5955-9fb6-60ccf84f0e6c,Devices,Wall Plates,4-Gang Decorator Nylon Wall Plate - Black,4G DECORATOR PLATE BLK,4G,Black,,,,,,EA,"[""4-gang decorator nylon wall plate - black"", ""4g decorator plate blk"", ""devices"", ""wall plates"", ""wallplate"", ""placa"", ""decora plate""]",true
4b930c53-3ff5-520c-b684-672449988924,Devices,Wall Plates,4-Gang Decorator Nylon Wall Plate - Brown,4G DECORATOR PLATE BRN,4G,Brown,,,,,,EA,"[""4-gang decorator nylon wall plate - brown"", ""4g decorator plate brn"", ""devices"", ""wall plates"", ""wallplate"", ""placa"", ""decora plate""]",true
e7fca8ff-5ae3-5934-b4d7-c57e1bccfdca,Devices,Wall Plates,4-Gang Decorator Nylon Wall Plate - Gray,4G DECORATOR PLATE GRY,4G,Gray,,,,,,EA,"[""4-gang decorator nylon wall plate - gray"", ""4g decorator plate gry"", ""devices"", ""wall plates"", ""wallplate"", ""placa"", ""decora plate""]",true
56ccdeca-2709-5077-ba17-6f83bd2268da,Devices,Wall Plates,4-Gang Decorator Nylon Wall Plate - Ivory,4G DECORATOR PLATE IVY,4G,Ivory,,,,,,EA,"[""4-gang decorator nylon wall plate - ivory"", ""4g decorator plate ivy"", ""devices"", ""wall plates"", ""wallplate"", ""placa"", ""decora plate""]",true
d64ab3a9-c730-5229-a45e-c42b785d2250,Devices,Wall Plates,4-Gang Decorator Nylon Wall Plate - Light Almond,4G DECORATOR PLATE LA,4G,Light Almond,,,,,,EA,"[""4-gang decorator nylon wall plate - light almond"", ""4g decorator plate la"", ""devices"", ""wall plates"", ""wallplate"", ""placa"", ""decora plate""]",true
1c734228-9e1f-5ac0-83cb-ed29cadff9c5,Devices,Wall Plates,4-Gang Decorator Nylon Wall Plate - White,4G DECORATOR PLATE WHT,4G,White,,,,,,EA,"[""4-gang decorator nylon wall plate - white"", ""4g decorator plate wht"", ""devices"", ""wall plates"", ""wallplate"", ""placa"", ""decora plate""]",true
b64552d4-fe14-562a-aa8b-df1604847789,Devices,Wall Plates,4-Gang Decorator Stainless Steel Wall Plate,4G DECORATOR SS PLATE,4G,Stainless Steel,,,,,,EA,"[""4-gang decorator stainless steel wall plate"", ""4g decorator ss plate"", ""devices"", ""wall plates"", ""wallplate"", ""placa metal""]",true
30d15db1-6e77-5bb2-aa4f-ca25a3b7cb2e,Devices,Wall Plates,4-Gang Duplex Nylon Wall Plate - Black,4G DUPLEX PLATE BLK,4G,Black,,,,,,EA,"[""4-gang duplex nylon wall plate - black"", ""4g duplex plate blk"", ""devices"", ""wall plates"", ""wallplate"", ""placa"", ""wall plate""]",true
85d4f7e3-dc33-5000-a00c-825efdc04504,Devices,Wall Plates,4-Gang Duplex Nylon Wall Plate - Brown,4G DUPLEX PLATE BRN,4G,Brown,,,,,,EA,"[""4-gang duplex nylon wall plate - brown"", ""4g duplex plate brn"", ""devices"", ""wall plates"", ""wallplate"", ""placa"", ""wall plate""]",true
95c245db-816c-538b-81e5-c31cdbd9b041,Devices,Wall Plates,4-Gang Duplex Nylon Wall Plate - Gray,4G DUPLEX PLATE GRY,4G,Gray,,,,,,EA,"[""4-gang duplex nylon wall plate - gray"", ""4g duplex plate gry"", ""devices"", ""wall plates"", ""wallplate"", ""placa"", ""wall plate""]",true
77a1cf03-c3b7-5250-b523-97bb6089b772,Devices,Wall Plates,4-Gang Duplex Nylon Wall Plate - Ivory,4G DUPLEX PLATE IVY,4G,Ivory,,,,,,EA,"[""4-gang duplex nylon wall plate - ivory"", ""4g duplex plate ivy"", ""devices"", ""wall plates"", ""wallplate"", ""placa"", ""wall plate""]",true
c77da161-1cad-5c6f-be1d-01c85903caee,Devices,Wall Plates,4-Gang Duplex Nylon Wall Plate - Light Almond,4G DUPLEX PLATE LA,4G,Light Almond,,,,,,EA,"[""4-gang duplex nylon wall plate - light almond"", ""4g duplex plate la"", ""devices"", ""wall plates"", ""wallplate"", ""placa"", ""wall plate""]",true
3dd9d243-492d-52d5-a2fe-0e5caf524c9e,Devices,Wall Plates,4-Gang Duplex Nylon Wall Plate - White,4G DUPLEX PLATE WHT,4G,White,,,,,,EA,"[""4-gang duplex nylon wall plate - white"", ""4g duplex plate wht"", ""devices"", ""wall plates"", ""wallplate"", ""placa"", ""wall plate""]",true
9395e6ff-3d66-5700-a85c-3a690496bd81,Devices,Wall Plates,4-Gang Duplex Stainless Steel Wall Plate,4G DUPLEX SS PLATE,4G,Stainless Steel,,,,,,EA,"[""4-gang duplex stainless steel wall plate"", ""4g duplex ss plate"", ""devices"", ""wall plates"", ""wallplate"", ""placa metal""]",true
1e40435b-994a-59a7-aa40-4011c308a51e,Devices,Wall Plates,4-Gang Toggle Nylon Wall Plate - Black,4G TOGGLE PLATE BLK,4G,Black,,,,,,EA,"[""4-gang toggle nylon wall plate - black"", ""4g toggle plate blk"", ""devices"", ""wall plates"", ""wallplate"", ""placa"", ""wall plate""]",true
61824352-4173-5392-8d6e-41e130685066,Devices,Wall Plates,4-Gang Toggle Nylon Wall Plate - Brown,4G TOGGLE PLATE BRN,4G,Brown,,,,,,EA,"[""4-gang toggle nylon wall plate - brown"", ""4g toggle plate brn"", ""devices"", ""wall plates"", ""wallplate"", ""placa"", ""wall plate""]",true
a281c084-e2b6-5d49-a462-91f1835fa80d,Devices,Wall Plates,4-Gang Toggle Nylon Wall Plate - Gray,4G TOGGLE PLATE GRY,4G,Gray,,,,,,EA,"[""4-gang toggle nylon wall plate - gray"", ""4g toggle plate gry"", ""devices"", ""wall plates"", ""wallplate"", ""placa"", ""wall plate""]",true
4cc11b9b-e6f9-56ae-b643-8e4bd82a4c57,Devices,Wall Plates,4-Gang Toggle Nylon Wall Plate - Ivory,4G TOGGLE PLATE IVY,4G,Ivory,,,,,,EA,"[""4-gang toggle nylon wall plate - ivory"", ""4g toggle plate ivy"", ""devices"", ""wall plates"", ""wallplate"", ""placa"", ""wall plate""]",true
ee15b9af-7bc8-5f46-bd0f-6a1b7f8867a8,Devices,Wall Plates,4-Gang Toggle Nylon Wall Plate - Light Almond,4G TOGGLE PLATE LA,4G,Light Almond,,,,,,EA,"[""4-gang toggle nylon wall plate - light almond"", ""4g toggle plate la"", ""devices"", ""wall plates"", ""wallplate"", ""placa"", ""wall plate""]",true
a1714e89-f647-57cb-b0a0-4f1b193502c0,Devices,Wall Plates,4-Gang Toggle Nylon Wall Plate - White,4G TOGGLE PLATE WHT,4G,White,,,,,,EA,"[""4-gang toggle nylon wall plate - white"", ""4g toggle plate wht"", ""devices"", ""wall plates"", ""wallplate"", ""placa"", ""wall plate""]",true
1b74a3f3-bb97-5490-a37c-e4465186dd29,Devices,Wall Plates,4-Gang Toggle Stainless Steel Wall Plate,4G TOGGLE SS PLATE,4G,Stainless Steel,,,,,,EA,"[""4-gang toggle stainless steel wall plate"", ""4g toggle ss plate"", ""devices"", ""wall plates"", ""wallplate"", ""placa metal""]",true
a1a7c94e-5728-542f-b383-0e773b4cbae4,Distribution,AC Disconnects,30A 2-Pole 240V Outdoor Non-Fusible AC Disconnect,30A AC DISC NF 240V OUTDOOR,2P,,30,240V,,,Outdoor,EA,"[""30a 2-pole 240v outdoor non-fusible ac disconnect"", ""30a ac disc nf 240v outdoor"", ""distribution"", ""ac disconnects"", ""ac disconnect"", ""air conditioner disconnect""]",true
4f9627d7-1eff-5749-af4c-01d5da070935,Distribution,AC Disconnects,60A 2-Pole 240V Outdoor Non-Fusible AC Disconnect,60A AC DISC NF 240V OUTDOOR,2P,,60,240V,,,Outdoor,EA,"[""60a 2-pole 240v outdoor non-fusible ac disconnect"", ""60a ac disc nf 240v outdoor"", ""distribution"", ""ac disconnects"", ""ac disconnect"", ""air conditioner disconnect""]",true
3a13369d-bb36-5750-a188-e763ac584ff7,Distribution,Fuses,100A 250V Class RK1 Time-Delay Fuse,100A 250V RK1 TD FUSE,,,100,250V,,,,EA,"[""100a 250v class rk1 time-delay fuse"", ""100a 250v rk1 td fuse"", ""distribution"", ""fuses"", ""fuse"", ""fusible""]",true
ff86e8ed-f102-5513-8b83-6e07a134a609,Distribution,Fuses,100A 250V Class RK5 Time-Delay Fuse,100A 250V RK5 TD FUSE,,,100,250V,,,,EA,"[""100a 250v class rk5 time-delay fuse"", ""100a 250v rk5 td fuse"", ""distribution"", ""fuses"", ""fuse"", ""fusible""]",true
6ad2cedb-b38d-5148-88ed-727301690a26,Distribution,Fuses,15A 250V Class RK1 Time-Delay Fuse,15A 250V RK1 TD FUSE,,,15,250V,,,,EA,"[""15a 250v class rk1 time-delay fuse"", ""15a 250v rk1 td fuse"", ""distribution"", ""fuses"", ""fuse"", ""fusible""]",true
d564e7d6-c772-58cd-ba9b-ee24dfe2ebbc,Distribution,Fuses,15A 250V Class RK5 Time-Delay Fuse,15A 250V RK5 TD FUSE,,,15,250V,,,,EA,"[""15a 250v class rk5 time-delay fuse"", ""15a 250v rk5 td fuse"", ""distribution"", ""fuses"", ""fuse"", ""fusible""]",true
b20bd2fa-3f79-5efd-ac64-53af93434c00,Distribution,Fuses,200A 250V Class RK1 Time-Delay Fuse,200A 250V RK1 TD FUSE,,,200,250V,,,,EA,"[""200a 250v class rk1 time-delay fuse"", ""200a 250v rk1 td fuse"", ""distribution"", ""fuses"", ""fuse"", ""fusible""]",true
38e9b924-7d88-5e8d-ad50-f6f2163534c8,Distribution,Fuses,200A 250V Class RK5 Time-Delay Fuse,200A 250V RK5 TD FUSE,,,200,250V,,,,EA,"[""200a 250v class rk5 time-delay fuse"", ""200a 250v rk5 td fuse"", ""distribution"", ""fuses"", ""fuse"", ""fusible""]",true
88e57f19-4555-5d9f-bd2c-4da82332f2ef,Distribution,Fuses,20A 250V Class RK1 Time-Delay Fuse,20A 250V RK1 TD FUSE,,,20,250V,,,,EA,"[""20a 250v class rk1 time-delay fuse"", ""20a 250v rk1 td fuse"", ""distribution"", ""fuses"", ""fuse"", ""fusible""]",true
c6c89079-50f8-5f69-83d4-65b3d69e195e,Distribution,Fuses,20A 250V Class RK5 Time-Delay Fuse,20A 250V RK5 TD FUSE,,,20,250V,,,,EA,"[""20a 250v class rk5 time-delay fuse"", ""20a 250v rk5 td fuse"", ""distribution"", ""fuses"", ""fuse"", ""fusible""]",true
57c7c211-447f-56ef-9f4a-fb65cdf80c59,Distribution,Fuses,30A 250V Class RK1 Time-Delay Fuse,30A 250V RK1 TD FUSE,,,30,250V,,,,EA,"[""30a 250v class rk1 time-delay fuse"", ""30a 250v rk1 td fuse"", ""distribution"", ""fuses"", ""fuse"", ""fusible""]",true
4b57ee8f-1b15-5dbb-b8be-d77479494a10,Distribution,Fuses,30A 250V Class RK5 Time-Delay Fuse,30A 250V RK5 TD FUSE,,,30,250V,,,,EA,"[""30a 250v class rk5 time-delay fuse"", ""30a 250v rk5 td fuse"", ""distribution"", ""fuses"", ""fuse"", ""fusible""]",true
c1b2bf80-79e4-59f9-b7c1-63d57ee69061,Distribution,Fuses,40A 250V Class RK1 Time-Delay Fuse,40A 250V RK1 TD FUSE,,,40,250V,,,,EA,"[""40a 250v class rk1 time-delay fuse"", ""40a 250v rk1 td fuse"", ""distribution"", ""fuses"", ""fuse"", ""fusible""]",true
e1d196ab-f5da-54d4-9c8d-6ec03a2517db,Distribution,Fuses,40A 250V Class RK5 Time-Delay Fuse,40A 250V RK5 TD FUSE,,,40,250V,,,,EA,"[""40a 250v class rk5 time-delay fuse"", ""40a 250v rk5 td fuse"", ""distribution"", ""fuses"", ""fuse"", ""fusible""]",true
f4db3371-b3f4-5cf5-8b58-14364bdb5de2,Distribution,Fuses,50A 250V Class RK1 Time-Delay Fuse,50A 250V RK1 TD FUSE,,,50,250V,,,,EA,"[""50a 250v class rk1 time-delay fuse"", ""50a 250v rk1 td fuse"", ""distribution"", ""fuses"", ""fuse"", ""fusible""]",true
6d24679b-5239-500f-a92c-610295b763ba,Distribution,Fuses,50A 250V Class RK5 Time-Delay Fuse,50A 250V RK5 TD FUSE,,,50,250V,,,,EA,"[""50a 250v class rk5 time-delay fuse"", ""50a 250v rk5 td fuse"", ""distribution"", ""fuses"", ""fuse"", ""fusible""]",true
8f008240-a9e7-5e2f-8c89-89ed397c2dd7,Distribution,Fuses,60A 250V Class RK1 Time-Delay Fuse,60A 250V RK1 TD FUSE,,,60,250V,,,,EA,"[""60a 250v class rk1 time-delay fuse"", ""60a 250v rk1 td fuse"", ""distribution"", ""fuses"", ""fuse"", ""fusible""]",true
b6c5ef87-7008-58b3-a784-3eb994355fbd,Distribution,Fuses,60A 250V Class RK5 Time-Delay Fuse,60A 250V RK5 TD FUSE,,,60,250V,,,,EA,"[""60a 250v class rk5 time-delay fuse"", ""60a 250v rk5 td fuse"", ""distribution"", ""fuses"", ""fuse"", ""fusible""]",true
80c4454a-3352-5eb7-b357-243ed8150498,Distribution,Meter Sockets,100A 1PH 120/240V 4-Jaw Meter Socket - Indoor,100A 1PH 4J METER INDOOR,,,100,120/240V,1,,Indoor,EA,"[""100a 1ph 120/240v 4-jaw meter socket - indoor"", ""100a 1ph 4j meter indoor"", ""distribution"", ""meter sockets"", ""meter can"", ""base medidor""]",true
03e125d8-d929-5fea-90c8-44ec94dba523,Distribution,Meter Sockets,100A 1PH 120/240V 4-Jaw Meter Socket - Outdoor,100A 1PH 4J METER OUTDOOR,,,100,120/240V,1,,Outdoor,EA,"[""100a 1ph 120/240v 4-jaw meter socket - outdoor"", ""100a 1ph 4j meter outdoor"", ""distribution"", ""meter sockets"", ""meter can"", ""base medidor""]",true
30df6228-a1de-555e-8c39-24db684963e9,Distribution,Meter Sockets,200A 1PH 120/240V 4-Jaw Meter Socket - Indoor,200A 1PH 4J METER INDOOR,,,200,120/240V,1,,Indoor,EA,"[""200a 1ph 120/240v 4-jaw meter socket - indoor"", ""200a 1ph 4j meter indoor"", ""distribution"", ""meter sockets"", ""meter can"", ""base medidor""]",true
91dcc254-b755-5fdb-94da-fac0f83d8d25,Distribution,Meter Sockets,200A 1PH 120/240V 4-Jaw Meter Socket - Outdoor,200A 1PH 4J METER OUTDOOR,,,200,120/240V,1,,Outdoor,EA,"[""200a 1ph 120/240v 4-jaw meter socket - outdoor"", ""200a 1ph 4j meter outdoor"", ""distribution"", ""meter sockets"", ""meter can"", ""base medidor""]",true
59aedfe7-80ff-5573-9520-e496d6839dd1,Distribution,Protected Breakers,Eaton BR 15A 1-Pole Combination AFCI Circuit Breaker,EATON BR 15A 1P COMBINATION AFCI BRKR,1P,,15,120V,,,,EA,"[""eaton br 15a 1-pole combination afci circuit breaker"", ""eaton br 15a 1p combination afci brkr"", ""distribution"", ""protected breakers"", ""breaker"", ""combination afci"", ""eaton br""]",true
0ef6e378-1d9c-537d-b018-62b3fc3f3f27,Distribution,Protected Breakers,Eaton BR 15A 1-Pole Dual Function AFCI/GFCI Circuit Breaker,EATON BR 15A 1P DUAL FUNCTION AFCI/GFCI BRKR,1P,,15,120V,,,,EA,"[""eaton br 15a 1-pole dual function afci/gfci circuit breaker"", ""eaton br 15a 1p dual function afci/gfci brkr"", ""distribution"", ""protected breakers"", ""breaker"", ""dual function afci/gfci"", ""eaton br""]",true
4d2e9850-1eba-5f3a-a5b2-3f8ae3dab0c5,Distribution,Protected Breakers,Eaton BR 15A 1-Pole GFCI Circuit Breaker,EATON BR 15A 1P GFCI BRKR,1P,,15,120V,,,,EA,"[""eaton br 15a 1-pole gfci circuit breaker"", ""eaton br 15a 1p gfci brkr"", ""distribution"", ""protected breakers"", ""breaker"", ""gfci"", ""eaton br""]",true
807e7ad0-6416-517e-916b-4a495c708b2e,Distribution,Protected Breakers,Eaton BR 20A 1-Pole Combination AFCI Circuit Breaker,EATON BR 20A 1P COMBINATION AFCI BRKR,1P,,20,120V,,,,EA,"[""eaton br 20a 1-pole combination afci circuit breaker"", ""eaton br 20a 1p combination afci brkr"", ""distribution"", ""protected breakers"", ""breaker"", ""combination afci"", ""eaton br""]",true
8bf0f182-6102-5410-b208-422abf6fb3ad,Distribution,Protected Breakers,Eaton BR 20A 1-Pole Dual Function AFCI/GFCI Circuit Breaker,EATON BR 20A 1P DUAL FUNCTION AFCI/GFCI BRKR,1P,,20,120V,,,,EA,"[""eaton br 20a 1-pole dual function afci/gfci circuit breaker"", ""eaton br 20a 1p dual function afci/gfci brkr"", ""distribution"", ""protected breakers"", ""breaker"", ""dual function afci/gfci"", ""eaton br""]",true
6cd13ca5-f9cb-508f-8d0b-274384b36489,Distribution,Protected Breakers,Eaton BR 20A 1-Pole GFCI Circuit Breaker,EATON BR 20A 1P GFCI BRKR,1P,,20,120V,,,,EA,"[""eaton br 20a 1-pole gfci circuit breaker"", ""eaton br 20a 1p gfci brkr"", ""distribution"", ""protected breakers"", ""breaker"", ""gfci"", ""eaton br""]",true
f1bd55aa-daa4-5eb2-bdcd-10363d78095f,Distribution,Protected Breakers,Eaton CH 15A 1-Pole Combination AFCI Circuit Breaker,EATON CH 15A 1P COMBINATION AFCI BRKR,1P,,15,120V,,,,EA,"[""eaton ch 15a 1-pole combination afci circuit breaker"", ""eaton ch 15a 1p combination afci brkr"", ""distribution"", ""protected breakers"", ""breaker"", ""combination afci"", ""eaton ch""]",true
408962ed-00e6-5632-931c-1e00789dede9,Distribution,Protected Breakers,Eaton CH 15A 1-Pole Dual Function AFCI/GFCI Circuit Breaker,EATON CH 15A 1P DUAL FUNCTION AFCI/GFCI BRKR,1P,,15,120V,,,,EA,"[""eaton ch 15a 1-pole dual function afci/gfci circuit breaker"", ""eaton ch 15a 1p dual function afci/gfci brkr"", ""distribution"", ""protected breakers"", ""breaker"", ""dual function afci/gfci"", ""eaton ch""]",true
ec952882-c21f-5432-9060-ad5dd826ce36,Distribution,Protected Breakers,Eaton CH 15A 1-Pole GFCI Circuit Breaker,EATON CH 15A 1P GFCI BRKR,1P,,15,120V,,,,EA,"[""eaton ch 15a 1-pole gfci circuit breaker"", ""eaton ch 15a 1p gfci brkr"", ""distribution"", ""protected breakers"", ""breaker"", ""gfci"", ""eaton ch""]",true
dddcd063-b4f5-50d4-901f-b2f92646da66,Distribution,Protected Breakers,Eaton CH 20A 1-Pole Combination AFCI Circuit Breaker,EATON CH 20A 1P COMBINATION AFCI BRKR,1P,,20,120V,,,,EA,"[""eaton ch 20a 1-pole combination afci circuit breaker"", ""eaton ch 20a 1p combination afci brkr"", ""distribution"", ""protected breakers"", ""breaker"", ""combination afci"", ""eaton ch""]",true
c5291b46-75a2-5bfc-ac6b-f39c46457915,Distribution,Protected Breakers,Eaton CH 20A 1-Pole Dual Function AFCI/GFCI Circuit Breaker,EATON CH 20A 1P DUAL FUNCTION AFCI/GFCI BRKR,1P,,20,120V,,,,EA,"[""eaton ch 20a 1-pole dual function afci/gfci circuit breaker"", ""eaton ch 20a 1p dual function afci/gfci brkr"", ""distribution"", ""protected breakers"", ""breaker"", ""dual function afci/gfci"", ""eaton ch""]",true
c7a056b8-53d9-5dc2-a8be-592c649dd921,Distribution,Protected Breakers,Eaton CH 20A 1-Pole GFCI Circuit Breaker,EATON CH 20A 1P GFCI BRKR,1P,,20,120V,,,,EA,"[""eaton ch 20a 1-pole gfci circuit breaker"", ""eaton ch 20a 1p gfci brkr"", ""distribution"", ""protected breakers"", ""breaker"", ""gfci"", ""eaton ch""]",true
824c2301-6028-5003-b313-c92b0b63668b,Distribution,Protected Breakers,Siemens QP 15A 1-Pole Combination AFCI Circuit Breaker,SIEMENS QP 15A 1P COMBINATION AFCI BRKR,1P,,15,120V,,,,EA,"[""siemens qp 15a 1-pole combination afci circuit breaker"", ""siemens qp 15a 1p combination afci brkr"", ""distribution"", ""protected breakers"", ""breaker"", ""combination afci"", ""siemens qp""]",true
e08010d7-bdd9-5e95-add9-0d6d4d9ff6b0,Distribution,Protected Breakers,Siemens QP 15A 1-Pole Dual Function AFCI/GFCI Circuit Breaker,SIEMENS QP 15A 1P DUAL FUNCTION AFCI/GFCI BRKR,1P,,15,120V,,,,EA,"[""siemens qp 15a 1-pole dual function afci/gfci circuit breaker"", ""siemens qp 15a 1p dual function afci/gfci brkr"", ""distribution"", ""protected breakers"", ""breaker"", ""dual function afci/gfci"", ""siemens qp""]",true
fdbecc0a-0715-5a1f-a401-1473b0011d1d,Distribution,Protected Breakers,Siemens QP 15A 1-Pole GFCI Circuit Breaker,SIEMENS QP 15A 1P GFCI BRKR,1P,,15,120V,,,,EA,"[""siemens qp 15a 1-pole gfci circuit breaker"", ""siemens qp 15a 1p gfci brkr"", ""distribution"", ""protected breakers"", ""breaker"", ""gfci"", ""siemens qp""]",true
ec4cf272-2538-572e-aa83-043d81f83d28,Distribution,Protected Breakers,Siemens QP 20A 1-Pole Combination AFCI Circuit Breaker,SIEMENS QP 20A 1P COMBINATION AFCI BRKR,1P,,20,120V,,,,EA,"[""siemens qp 20a 1-pole combination afci circuit breaker"", ""siemens qp 20a 1p combination afci brkr"", ""distribution"", ""protected breakers"", ""breaker"", ""combination afci"", ""siemens qp""]",true
0af4dd27-794c-503a-9606-040c15477182,Distribution,Protected Breakers,Siemens QP 20A 1-Pole Dual Function AFCI/GFCI Circuit Breaker,SIEMENS QP 20A 1P DUAL FUNCTION AFCI/GFCI BRKR,1P,,20,120V,,,,EA,"[""siemens qp 20a 1-pole dual function afci/gfci circuit breaker"", ""siemens qp 20a 1p dual function afci/gfci brkr"", ""distribution"", ""protected breakers"", ""breaker"", ""dual function afci/gfci"", ""siemens qp""]",true
500cef3d-6b82-5233-aafb-22788d957f08,Distribution,Protected Breakers,Siemens QP 20A 1-Pole GFCI Circuit Breaker,SIEMENS QP 20A 1P GFCI BRKR,1P,,20,120V,,,,EA,"[""siemens qp 20a 1-pole gfci circuit breaker"", ""siemens qp 20a 1p gfci brkr"", ""distribution"", ""protected breakers"", ""breaker"", ""gfci"", ""siemens qp""]",true
39740d0a-09a2-5068-9d17-c787f8418d68,Distribution,Protected Breakers,Square D Homeline 15A 1-Pole Combination AFCI Circuit Breaker,SQUARE D HOMELINE 15A 1P COMBINATION AFCI BRKR,1P,,15,120V,,,,EA,"[""square d homeline 15a 1-pole combination afci circuit breaker"", ""square d homeline 15a 1p combination afci brkr"", ""distribution"", ""protected breakers"", ""breaker"", ""combination afci"", ""square d homeline""]",true
57c7c225-7484-548c-aae1-9128b066720a,Distribution,Protected Breakers,Square D Homeline 15A 1-Pole Dual Function AFCI/GFCI Circuit Breaker,SQUARE D HOMELINE 15A 1P DUAL FUNCTION AFCI/GFCI BRKR,1P,,15,120V,,,,EA,"[""square d homeline 15a 1-pole dual function afci/gfci circuit breaker"", ""square d homeline 15a 1p dual function afci/gfci brkr"", ""distribution"", ""protected breakers"", ""breaker"", ""dual function afci/gfci"", ""square d homeline""]",true
9ad1cd96-93cd-5799-930b-bf253898c269,Distribution,Protected Breakers,Square D Homeline 15A 1-Pole GFCI Circuit Breaker,SQUARE D HOMELINE 15A 1P GFCI BRKR,1P,,15,120V,,,,EA,"[""square d homeline 15a 1-pole gfci circuit breaker"", ""square d homeline 15a 1p gfci brkr"", ""distribution"", ""protected breakers"", ""breaker"", ""gfci"", ""square d homeline""]",true
8d7a67b0-f9ba-5dd3-a645-8aa18db05208,Distribution,Protected Breakers,Square D Homeline 20A 1-Pole Combination AFCI Circuit Breaker,SQUARE D HOMELINE 20A 1P COMBINATION AFCI BRKR,1P,,20,120V,,,,EA,"[""square d homeline 20a 1-pole combination afci circuit breaker"", ""square d homeline 20a 1p combination afci brkr"", ""distribution"", ""protected breakers"", ""breaker"", ""combination afci"", ""square d homeline""]",true
53e94137-0155-52df-82bc-487ec3f83f1d,Distribution,Protected Breakers,Square D Homeline 20A 1-Pole Dual Function AFCI/GFCI Circuit Breaker,SQUARE D HOMELINE 20A 1P DUAL FUNCTION AFCI/GFCI BRKR,1P,,20,120V,,,,EA,"[""square d homeline 20a 1-pole dual function afci/gfci circuit breaker"", ""square d homeline 20a 1p dual function afci/gfci brkr"", ""distribution"", ""protected breakers"", ""breaker"", ""dual function afci/gfci"", ""square d homeline""]",true
7996bedb-d6b7-5ed7-9389-ecdb4bf23972,Distribution,Protected Breakers,Square D Homeline 20A 1-Pole GFCI Circuit Breaker,SQUARE D HOMELINE 20A 1P GFCI BRKR,1P,,20,120V,,,,EA,"[""square d homeline 20a 1-pole gfci circuit breaker"", ""square d homeline 20a 1p gfci brkr"", ""distribution"", ""protected breakers"", ""breaker"", ""gfci"", ""square d homeline""]",true
b9d98c96-c2c4-5849-a45c-6aeb08001d6c,Distribution,Protected Breakers,Square D QO 15A 1-Pole Combination AFCI Circuit Breaker,SQUARE D QO 15A 1P COMBINATION AFCI BRKR,1P,,15,120V,,,,EA,"[""square d qo 15a 1-pole combination afci circuit breaker"", ""square d qo 15a 1p combination afci brkr"", ""distribution"", ""protected breakers"", ""breaker"", ""combination afci"", ""square d qo""]",true
a1a71ff2-192c-59d4-b1d5-9e39feca245a,Distribution,Protected Breakers,Square D QO 15A 1-Pole Dual Function AFCI/GFCI Circuit Breaker,SQUARE D QO 15A 1P DUAL FUNCTION AFCI/GFCI BRKR,1P,,15,120V,,,,EA,"[""square d qo 15a 1-pole dual function afci/gfci circuit breaker"", ""square d qo 15a 1p dual function afci/gfci brkr"", ""distribution"", ""protected breakers"", ""breaker"", ""dual function afci/gfci"", ""square d qo""]",true
459485ad-c983-5bea-b1dd-31e752e80a41,Distribution,Protected Breakers,Square D QO 15A 1-Pole GFCI Circuit Breaker,SQUARE D QO 15A 1P GFCI BRKR,1P,,15,120V,,,,EA,"[""square d qo 15a 1-pole gfci circuit breaker"", ""square d qo 15a 1p gfci brkr"", ""distribution"", ""protected breakers"", ""breaker"", ""gfci"", ""square d qo""]",true
4d3e1541-ca98-53af-89d4-dd954170704b,Distribution,Protected Breakers,Square D QO 20A 1-Pole Combination AFCI Circuit Breaker,SQUARE D QO 20A 1P COMBINATION AFCI BRKR,1P,,20,120V,,,,EA,"[""square d qo 20a 1-pole combination afci circuit breaker"", ""square d qo 20a 1p combination afci brkr"", ""distribution"", ""protected breakers"", ""breaker"", ""combination afci"", ""square d qo""]",true
16ae1330-eec3-5e35-a683-1101c86fed49,Distribution,Protected Breakers,Square D QO 20A 1-Pole Dual Function AFCI/GFCI Circuit Breaker,SQUARE D QO 20A 1P DUAL FUNCTION AFCI/GFCI BRKR,1P,,20,120V,,,,EA,"[""square d qo 20a 1-pole dual function afci/gfci circuit breaker"", ""square d qo 20a 1p dual function afci/gfci brkr"", ""distribution"", ""protected breakers"", ""breaker"", ""dual function afci/gfci"", ""square d qo""]",true
7d2346b5-0373-5333-8432-3cda1899cc7a,Distribution,Protected Breakers,Square D QO 20A 1-Pole GFCI Circuit Breaker,SQUARE D QO 20A 1P GFCI BRKR,1P,,20,120V,,,,EA,"[""square d qo 20a 1-pole gfci circuit breaker"", ""square d qo 20a 1p gfci brkr"", ""distribution"", ""protected breakers"", ""breaker"", ""gfci"", ""square d qo""]",true
2f915a88-bb25-5d90-a4a0-5453a17d4cd0,Distribution,Safety Switches,100A 2-Pole 240V Fusible Safety Switch - Indoor,100A 2P 240V FUSIBLE INDOOR DISC,2P,,100,240V,,,Indoor,EA,"[""100a 2-pole 240v fusible safety switch - indoor"", ""100a 2p 240v fusible indoor disc"", ""distribution"", ""safety switches"", ""disconnect"", ""desconectivo"", ""safety switch""]",true
91eb855f-bcab-5965-9f71-023d163b6408,Distribution,Safety Switches,100A 2-Pole 240V Fusible Safety Switch - Outdoor,100A 2P 240V FUSIBLE OUTDOOR DISC,2P,,100,240V,,,Outdoor,EA,"[""100a 2-pole 240v fusible safety switch - outdoor"", ""100a 2p 240v fusible outdoor disc"", ""distribution"", ""safety switches"", ""disconnect"", ""desconectivo"", ""safety switch""]",true
6408d613-c76f-5358-b0ba-34726fe96399,Distribution,Safety Switches,100A 2-Pole 240V Non-Fusible Safety Switch - Indoor,100A 2P 240V NON-FUSIBLE INDOOR DISC,2P,,100,240V,,,Indoor,EA,"[""100a 2-pole 240v non-fusible safety switch - indoor"", ""100a 2p 240v non-fusible indoor disc"", ""distribution"", ""safety switches"", ""disconnect"", ""desconectivo"", ""safety switch""]",true
98b2b32c-da4f-5354-9c2b-a57958d0f006,Distribution,Safety Switches,100A 2-Pole 240V Non-Fusible Safety Switch - Outdoor,100A 2P 240V NON-FUSIBLE OUTDOOR DISC,2P,,100,240V,,,Outdoor,EA,"[""100a 2-pole 240v non-fusible safety switch - outdoor"", ""100a 2p 240v non-fusible outdoor disc"", ""distribution"", ""safety switches"", ""disconnect"", ""desconectivo"", ""safety switch""]",true
c309d17b-2042-5819-bb10-9970187c965b,Distribution,Safety Switches,100A 3-Pole 240V Fusible Safety Switch - Indoor,100A 3P 240V FUSIBLE INDOOR DISC,3P,,100,240V,,,Indoor,EA,"[""100a 3-pole 240v fusible safety switch - indoor"", ""100a 3p 240v fusible indoor disc"", ""distribution"", ""safety switches"", ""disconnect"", ""desconectivo"", ""safety switch""]",true
980ff751-e5ab-5483-96c8-33f8c1611e90,Distribution,Safety Switches,100A 3-Pole 240V Fusible Safety Switch - Outdoor,100A 3P 240V FUSIBLE OUTDOOR DISC,3P,,100,240V,,,Outdoor,EA,"[""100a 3-pole 240v fusible safety switch - outdoor"", ""100a 3p 240v fusible outdoor disc"", ""distribution"", ""safety switches"", ""disconnect"", ""desconectivo"", ""safety switch""]",true
530d1920-6a84-5037-952a-cfad3cc3aa90,Distribution,Safety Switches,100A 3-Pole 240V Non-Fusible Safety Switch - Indoor,100A 3P 240V NON-FUSIBLE INDOOR DISC,3P,,100,240V,,,Indoor,EA,"[""100a 3-pole 240v non-fusible safety switch - indoor"", ""100a 3p 240v non-fusible indoor disc"", ""distribution"", ""safety switches"", ""disconnect"", ""desconectivo"", ""safety switch""]",true
31e49029-757b-5759-b85c-ee2e75d1ba6b,Distribution,Safety Switches,100A 3-Pole 240V Non-Fusible Safety Switch - Outdoor,100A 3P 240V NON-FUSIBLE OUTDOOR DISC,3P,,100,240V,,,Outdoor,EA,"[""100a 3-pole 240v non-fusible safety switch - outdoor"", ""100a 3p 240v non-fusible outdoor disc"", ""distribution"", ""safety switches"", ""disconnect"", ""desconectivo"", ""safety switch""]",true
fb1c8e39-265f-53ec-87d5-9a344e831133,Distribution,Safety Switches,200A 2-Pole 240V Fusible Safety Switch - Indoor,200A 2P 240V FUSIBLE INDOOR DISC,2P,,200,240V,,,Indoor,EA,"[""200a 2-pole 240v fusible safety switch - indoor"", ""200a 2p 240v fusible indoor disc"", ""distribution"", ""safety switches"", ""disconnect"", ""desconectivo"", ""safety switch""]",true
bcd30ae8-5f59-57bf-a3aa-5daa55386cd7,Distribution,Safety Switches,200A 2-Pole 240V Fusible Safety Switch - Outdoor,200A 2P 240V FUSIBLE OUTDOOR DISC,2P,,200,240V,,,Outdoor,EA,"[""200a 2-pole 240v fusible safety switch - outdoor"", ""200a 2p 240v fusible outdoor disc"", ""distribution"", ""safety switches"", ""disconnect"", ""desconectivo"", ""safety switch""]",true
631b1a75-cf83-5c73-bb5f-5136d8db56c8,Distribution,Safety Switches,200A 2-Pole 240V Non-Fusible Safety Switch - Indoor,200A 2P 240V NON-FUSIBLE INDOOR DISC,2P,,200,240V,,,Indoor,EA,"[""200a 2-pole 240v non-fusible safety switch - indoor"", ""200a 2p 240v non-fusible indoor disc"", ""distribution"", ""safety switches"", ""disconnect"", ""desconectivo"", ""safety switch""]",true
5a148f3c-f286-58c8-bafb-2e66dd989365,Distribution,Safety Switches,200A 2-Pole 240V Non-Fusible Safety Switch - Outdoor,200A 2P 240V NON-FUSIBLE OUTDOOR DISC,2P,,200,240V,,,Outdoor,EA,"[""200a 2-pole 240v non-fusible safety switch - outdoor"", ""200a 2p 240v non-fusible outdoor disc"", ""distribution"", ""safety switches"", ""disconnect"", ""desconectivo"", ""safety switch""]",true
371c5779-477e-5366-b083-617a0c119a2d,Distribution,Safety Switches,200A 3-Pole 240V Fusible Safety Switch - Indoor,200A 3P 240V FUSIBLE INDOOR DISC,3P,,200,240V,,,Indoor,EA,"[""200a 3-pole 240v fusible safety switch - indoor"", ""200a 3p 240v fusible indoor disc"", ""distribution"", ""safety switches"", ""disconnect"", ""desconectivo"", ""safety switch""]",true
f6c8fe1e-a32e-5afb-897f-0a452d464d55,Distribution,Safety Switches,200A 3-Pole 240V Fusible Safety Switch - Outdoor,200A 3P 240V FUSIBLE OUTDOOR DISC,3P,,200,240V,,,Outdoor,EA,"[""200a 3-pole 240v fusible safety switch - outdoor"", ""200a 3p 240v fusible outdoor disc"", ""distribution"", ""safety switches"", ""disconnect"", ""desconectivo"", ""safety switch""]",true
4f054dc7-9722-5a23-9238-725cab997000,Distribution,Safety Switches,200A 3-Pole 240V Non-Fusible Safety Switch - Indoor,200A 3P 240V NON-FUSIBLE INDOOR DISC,3P,,200,240V,,,Indoor,EA,"[""200a 3-pole 240v non-fusible safety switch - indoor"", ""200a 3p 240v non-fusible indoor disc"", ""distribution"", ""safety switches"", ""disconnect"", ""desconectivo"", ""safety switch""]",true
ba961f37-a95d-5a79-9357-a8560c40937b,Distribution,Safety Switches,200A 3-Pole 240V Non-Fusible Safety Switch - Outdoor,200A 3P 240V NON-FUSIBLE OUTDOOR DISC,3P,,200,240V,,,Outdoor,EA,"[""200a 3-pole 240v non-fusible safety switch - outdoor"", ""200a 3p 240v non-fusible outdoor disc"", ""distribution"", ""safety switches"", ""disconnect"", ""desconectivo"", ""safety switch""]",true
b1cc007d-df93-5ceb-830a-d3e032f1fc0a,Distribution,Safety Switches,30A 2-Pole 240V Fusible Safety Switch - Indoor,30A 2P 240V FUSIBLE INDOOR DISC,2P,,30,240V,,,Indoor,EA,"[""30a 2-pole 240v fusible safety switch - indoor"", ""30a 2p 240v fusible indoor disc"", ""distribution"", ""safety switches"", ""disconnect"", ""desconectivo"", ""safety switch""]",true
b873fdae-29c8-5157-b7bc-8d3306b87c7b,Distribution,Safety Switches,30A 2-Pole 240V Fusible Safety Switch - Outdoor,30A 2P 240V FUSIBLE OUTDOOR DISC,2P,,30,240V,,,Outdoor,EA,"[""30a 2-pole 240v fusible safety switch - outdoor"", ""30a 2p 240v fusible outdoor disc"", ""distribution"", ""safety switches"", ""disconnect"", ""desconectivo"", ""safety switch""]",true
bb7704cf-8192-53e4-a6b9-2bace349628b,Distribution,Safety Switches,30A 2-Pole 240V Non-Fusible Safety Switch - Indoor,30A 2P 240V NON-FUSIBLE INDOOR DISC,2P,,30,240V,,,Indoor,EA,"[""30a 2-pole 240v non-fusible safety switch - indoor"", ""30a 2p 240v non-fusible indoor disc"", ""distribution"", ""safety switches"", ""disconnect"", ""desconectivo"", ""safety switch""]",true
61d37f2f-dffd-50d6-b5ee-811f699806f8,Distribution,Safety Switches,30A 2-Pole 240V Non-Fusible Safety Switch - Outdoor,30A 2P 240V NON-FUSIBLE OUTDOOR DISC,2P,,30,240V,,,Outdoor,EA,"[""30a 2-pole 240v non-fusible safety switch - outdoor"", ""30a 2p 240v non-fusible outdoor disc"", ""distribution"", ""safety switches"", ""disconnect"", ""desconectivo"", ""safety switch""]",true
29d61996-089d-5f4c-8aaa-508bacaa26f8,Distribution,Safety Switches,30A 3-Pole 240V Fusible Safety Switch - Indoor,30A 3P 240V FUSIBLE INDOOR DISC,3P,,30,240V,,,Indoor,EA,"[""30a 3-pole 240v fusible safety switch - indoor"", ""30a 3p 240v fusible indoor disc"", ""distribution"", ""safety switches"", ""disconnect"", ""desconectivo"", ""safety switch""]",true
24ab7a93-8f4d-561e-be06-b9c9faa40d7f,Distribution,Safety Switches,30A 3-Pole 240V Fusible Safety Switch - Outdoor,30A 3P 240V FUSIBLE OUTDOOR DISC,3P,,30,240V,,,Outdoor,EA,"[""30a 3-pole 240v fusible safety switch - outdoor"", ""30a 3p 240v fusible outdoor disc"", ""distribution"", ""safety switches"", ""disconnect"", ""desconectivo"", ""safety switch""]",true
dec5cfb8-e4f0-5d12-ad77-73ab4c77bb60,Distribution,Safety Switches,30A 3-Pole 240V Non-Fusible Safety Switch - Indoor,30A 3P 240V NON-FUSIBLE INDOOR DISC,3P,,30,240V,,,Indoor,EA,"[""30a 3-pole 240v non-fusible safety switch - indoor"", ""30a 3p 240v non-fusible indoor disc"", ""distribution"", ""safety switches"", ""disconnect"", ""desconectivo"", ""safety switch""]",true
0c7d1605-f930-5a26-8fb5-d883ad0b17a7,Distribution,Safety Switches,30A 3-Pole 240V Non-Fusible Safety Switch - Outdoor,30A 3P 240V NON-FUSIBLE OUTDOOR DISC,3P,,30,240V,,,Outdoor,EA,"[""30a 3-pole 240v non-fusible safety switch - outdoor"", ""30a 3p 240v non-fusible outdoor disc"", ""distribution"", ""safety switches"", ""disconnect"", ""desconectivo"", ""safety switch""]",true
69423ca6-f510-5d29-86ec-41b28349f982,Distribution,Safety Switches,60A 2-Pole 240V Fusible Safety Switch - Indoor,60A 2P 240V FUSIBLE INDOOR DISC,2P,,60,240V,,,Indoor,EA,"[""60a 2-pole 240v fusible safety switch - indoor"", ""60a 2p 240v fusible indoor disc"", ""distribution"", ""safety switches"", ""disconnect"", ""desconectivo"", ""safety switch""]",true
0c8b2a69-6c45-5dbf-bb00-d0d51ad34d44,Distribution,Safety Switches,60A 2-Pole 240V Fusible Safety Switch - Outdoor,60A 2P 240V FUSIBLE OUTDOOR DISC,2P,,60,240V,,,Outdoor,EA,"[""60a 2-pole 240v fusible safety switch - outdoor"", ""60a 2p 240v fusible outdoor disc"", ""distribution"", ""safety switches"", ""disconnect"", ""desconectivo"", ""safety switch""]",true
21a61be0-fcbc-5729-9c46-8d810f442af0,Distribution,Safety Switches,60A 2-Pole 240V Non-Fusible Safety Switch - Indoor,60A 2P 240V NON-FUSIBLE INDOOR DISC,2P,,60,240V,,,Indoor,EA,"[""60a 2-pole 240v non-fusible safety switch - indoor"", ""60a 2p 240v non-fusible indoor disc"", ""distribution"", ""safety switches"", ""disconnect"", ""desconectivo"", ""safety switch""]",true
9aa25d5b-c926-57ee-89b8-4dd2deaf6437,Distribution,Safety Switches,60A 2-Pole 240V Non-Fusible Safety Switch - Outdoor,60A 2P 240V NON-FUSIBLE OUTDOOR DISC,2P,,60,240V,,,Outdoor,EA,"[""60a 2-pole 240v non-fusible safety switch - outdoor"", ""60a 2p 240v non-fusible outdoor disc"", ""distribution"", ""safety switches"", ""disconnect"", ""desconectivo"", ""safety switch""]",true
b2f1698c-8631-5161-b285-4de4f8f5750b,Distribution,Safety Switches,60A 3-Pole 240V Fusible Safety Switch - Indoor,60A 3P 240V FUSIBLE INDOOR DISC,3P,,60,240V,,,Indoor,EA,"[""60a 3-pole 240v fusible safety switch - indoor"", ""60a 3p 240v fusible indoor disc"", ""distribution"", ""safety switches"", ""disconnect"", ""desconectivo"", ""safety switch""]",true
8a3d0681-a8fe-55f4-a795-37679e757f24,Distribution,Safety Switches,60A 3-Pole 240V Fusible Safety Switch - Outdoor,60A 3P 240V FUSIBLE OUTDOOR DISC,3P,,60,240V,,,Outdoor,EA,"[""60a 3-pole 240v fusible safety switch - outdoor"", ""60a 3p 240v fusible outdoor disc"", ""distribution"", ""safety switches"", ""disconnect"", ""desconectivo"", ""safety switch""]",true
c99d36a6-46bd-530a-b39d-5622c7896ad1,Distribution,Safety Switches,60A 3-Pole 240V Non-Fusible Safety Switch - Indoor,60A 3P 240V NON-FUSIBLE INDOOR DISC,3P,,60,240V,,,Indoor,EA,"[""60a 3-pole 240v non-fusible safety switch - indoor"", ""60a 3p 240v non-fusible indoor disc"", ""distribution"", ""safety switches"", ""disconnect"", ""desconectivo"", ""safety switch""]",true
e2d8e63e-690f-5aa4-b9f8-3911dcd24865,Distribution,Safety Switches,60A 3-Pole 240V Non-Fusible Safety Switch - Outdoor,60A 3P 240V NON-FUSIBLE OUTDOOR DISC,3P,,60,240V,,,Outdoor,EA,"[""60a 3-pole 240v non-fusible safety switch - outdoor"", ""60a 3p 240v non-fusible outdoor disc"", ""distribution"", ""safety switches"", ""disconnect"", ""desconectivo"", ""safety switch""]",true
77d7deeb-5033-5f97-8727-98717bf2442e,Distribution,Single Phase Panels,100A 1PH 120/240V 20 Space Indoor Panel - Main Breaker,100A 1PH 20SP INDOOR MB PANEL,,,100,120/240V,1,20,Indoor,EA,"[""100a 1ph 120/240v 20 space indoor panel - main breaker"", ""100a 1ph 20sp indoor mb panel"", ""distribution"", ""single phase panels"", ""panel"", ""load center"", ""tablero"", ""panel 1ph 20 space 100amp indoor""]",true
0780d60e-6af0-52ce-a5b0-fdd44abc0cd9,Distribution,Single Phase Panels,100A 1PH 120/240V 20 Space Indoor Panel - Main Lug,100A 1PH 20SP INDOOR MLO PANEL,,,100,120/240V,1,20,Indoor,EA,"[""100a 1ph 120/240v 20 space indoor panel - main lug"", ""100a 1ph 20sp indoor mlo panel"", ""distribution"", ""single phase panels"", ""panel"", ""load center"", ""tablero"", ""panel 1ph 20 space 100amp indoor""]",true
c9257cae-3068-5297-a362-eb4dd311d5b0,Distribution,Single Phase Panels,100A 1PH 120/240V 20 Space Outdoor Panel - Main Breaker,100A 1PH 20SP OUTDOOR MB PANEL,,,100,120/240V,1,20,Outdoor,EA,"[""100a 1ph 120/240v 20 space outdoor panel - main breaker"", ""100a 1ph 20sp outdoor mb panel"", ""distribution"", ""single phase panels"", ""panel"", ""load center"", ""tablero"", ""panel 1ph 20 space 100amp outdoor""]",true
ca18f76c-b304-5be7-ac0b-652d693e648b,Distribution,Single Phase Panels,100A 1PH 120/240V 20 Space Outdoor Panel - Main Lug,100A 1PH 20SP OUTDOOR MLO PANEL,,,100,120/240V,1,20,Outdoor,EA,"[""100a 1ph 120/240v 20 space outdoor panel - main lug"", ""100a 1ph 20sp outdoor mlo panel"", ""distribution"", ""single phase panels"", ""panel"", ""load center"", ""tablero"", ""panel 1ph 20 space 100amp outdoor""]",true
fe3b4de6-536c-5f0b-bc5c-938c25b826f7,Distribution,Single Phase Panels,125A 1PH 120/240V 20 Space Indoor Panel - Main Breaker,125A 1PH 20SP INDOOR MB PANEL,,,125,120/240V,1,20,Indoor,EA,"[""125a 1ph 120/240v 20 space indoor panel - main breaker"", ""125a 1ph 20sp indoor mb panel"", ""distribution"", ""single phase panels"", ""panel"", ""load center"", ""tablero"", ""panel 1ph 20 space 125amp indoor""]",true
8278ed9d-fc41-5f0b-831e-fcf173330390,Distribution,Single Phase Panels,125A 1PH 120/240V 20 Space Indoor Panel - Main Lug,125A 1PH 20SP INDOOR MLO PANEL,,,125,120/240V,1,20,Indoor,EA,"[""125a 1ph 120/240v 20 space indoor panel - main lug"", ""125a 1ph 20sp indoor mlo panel"", ""distribution"", ""single phase panels"", ""panel"", ""load center"", ""tablero"", ""panel 1ph 20 space 125amp indoor""]",true
345dabd2-52b5-5546-9038-ea7dc7b91e84,Distribution,Single Phase Panels,125A 1PH 120/240V 20 Space Outdoor Panel - Main Breaker,125A 1PH 20SP OUTDOOR MB PANEL,,,125,120/240V,1,20,Outdoor,EA,"[""125a 1ph 120/240v 20 space outdoor panel - main breaker"", ""125a 1ph 20sp outdoor mb panel"", ""distribution"", ""single phase panels"", ""panel"", ""load center"", ""tablero"", ""panel 1ph 20 space 125amp outdoor""]",true
31e496d6-3ab6-51d9-a667-cf4502ca3f89,Distribution,Single Phase Panels,125A 1PH 120/240V 20 Space Outdoor Panel - Main Lug,125A 1PH 20SP OUTDOOR MLO PANEL,,,125,120/240V,1,20,Outdoor,EA,"[""125a 1ph 120/240v 20 space outdoor panel - main lug"", ""125a 1ph 20sp outdoor mlo panel"", ""distribution"", ""single phase panels"", ""panel"", ""load center"", ""tablero"", ""panel 1ph 20 space 125amp outdoor""]",true
78950d3b-b446-524d-98a2-8ada68a13bda,Distribution,Single Phase Panels,125A 1PH 120/240V 24 Space Indoor Panel - Main Breaker,125A 1PH 24SP INDOOR MB PANEL,,,125,120/240V,1,24,Indoor,EA,"[""125a 1ph 120/240v 24 space indoor panel - main breaker"", ""125a 1ph 24sp indoor mb panel"", ""distribution"", ""single phase panels"", ""panel"", ""load center"", ""tablero"", ""panel 1ph 24 space 125amp indoor""]",true
b627c557-c51a-514a-8495-e0191d33357f,Distribution,Single Phase Panels,125A 1PH 120/240V 24 Space Indoor Panel - Main Lug,125A 1PH 24SP INDOOR MLO PANEL,,,125,120/240V,1,24,Indoor,EA,"[""125a 1ph 120/240v 24 space indoor panel - main lug"", ""125a 1ph 24sp indoor mlo panel"", ""distribution"", ""single phase panels"", ""panel"", ""load center"", ""tablero"", ""panel 1ph 24 space 125amp indoor""]",true
869bf318-3ad6-5cb5-a80e-3a8882fc4347,Distribution,Single Phase Panels,125A 1PH 120/240V 24 Space Outdoor Panel - Main Breaker,125A 1PH 24SP OUTDOOR MB PANEL,,,125,120/240V,1,24,Outdoor,EA,"[""125a 1ph 120/240v 24 space outdoor panel - main breaker"", ""125a 1ph 24sp outdoor mb panel"", ""distribution"", ""single phase panels"", ""panel"", ""load center"", ""tablero"", ""panel 1ph 24 space 125amp outdoor""]",true
62aec874-dd64-54c4-95ab-67704d8caf14,Distribution,Single Phase Panels,125A 1PH 120/240V 24 Space Outdoor Panel - Main Lug,125A 1PH 24SP OUTDOOR MLO PANEL,,,125,120/240V,1,24,Outdoor,EA,"[""125a 1ph 120/240v 24 space outdoor panel - main lug"", ""125a 1ph 24sp outdoor mlo panel"", ""distribution"", ""single phase panels"", ""panel"", ""load center"", ""tablero"", ""panel 1ph 24 space 125amp outdoor""]",true
6277b64e-3f69-57ea-bb60-57c53bfcf22a,Distribution,Single Phase Panels,150A 1PH 120/240V 30 Space Indoor Panel - Main Breaker,150A 1PH 30SP INDOOR MB PANEL,,,150,120/240V,1,30,Indoor,EA,"[""150a 1ph 120/240v 30 space indoor panel - main breaker"", ""150a 1ph 30sp indoor mb panel"", ""distribution"", ""single phase panels"", ""panel"", ""load center"", ""tablero"", ""panel 1ph 30 space 150amp indoor""]",true
6ac4ab9a-b6fa-5e81-90d6-0caab29e3d5e,Distribution,Single Phase Panels,150A 1PH 120/240V 30 Space Indoor Panel - Main Lug,150A 1PH 30SP INDOOR MLO PANEL,,,150,120/240V,1,30,Indoor,EA,"[""150a 1ph 120/240v 30 space indoor panel - main lug"", ""150a 1ph 30sp indoor mlo panel"", ""distribution"", ""single phase panels"", ""panel"", ""load center"", ""tablero"", ""panel 1ph 30 space 150amp indoor""]",true
bf3becaf-1e9f-5f0d-a973-5cabc452a25b,Distribution,Single Phase Panels,150A 1PH 120/240V 30 Space Outdoor Panel - Main Breaker,150A 1PH 30SP OUTDOOR MB PANEL,,,150,120/240V,1,30,Outdoor,EA,"[""150a 1ph 120/240v 30 space outdoor panel - main breaker"", ""150a 1ph 30sp outdoor mb panel"", ""distribution"", ""single phase panels"", ""panel"", ""load center"", ""tablero"", ""panel 1ph 30 space 150amp outdoor""]",true
dce92e55-c129-5823-96c0-736299286d2d,Distribution,Single Phase Panels,150A 1PH 120/240V 30 Space Outdoor Panel - Main Lug,150A 1PH 30SP OUTDOOR MLO PANEL,,,150,120/240V,1,30,Outdoor,EA,"[""150a 1ph 120/240v 30 space outdoor panel - main lug"", ""150a 1ph 30sp outdoor mlo panel"", ""distribution"", ""single phase panels"", ""panel"", ""load center"", ""tablero"", ""panel 1ph 30 space 150amp outdoor""]",true
da8fd9e2-b250-5068-bf69-96b3834e90d5,Distribution,Single Phase Panels,200A 1PH 120/240V 30 Space Indoor Panel - Main Breaker,200A 1PH 30SP INDOOR MB PANEL,,,200,120/240V,1,30,Indoor,EA,"[""200a 1ph 120/240v 30 space indoor panel - main breaker"", ""200a 1ph 30sp indoor mb panel"", ""distribution"", ""single phase panels"", ""panel"", ""load center"", ""tablero"", ""panel 1ph 30 space 200amp indoor""]",true
af16c1d4-5dd5-566b-968a-63d1b76bf189,Distribution,Single Phase Panels,200A 1PH 120/240V 30 Space Indoor Panel - Main Lug,200A 1PH 30SP INDOOR MLO PANEL,,,200,120/240V,1,30,Indoor,EA,"[""200a 1ph 120/240v 30 space indoor panel - main lug"", ""200a 1ph 30sp indoor mlo panel"", ""distribution"", ""single phase panels"", ""panel"", ""load center"", ""tablero"", ""panel 1ph 30 space 200amp indoor""]",true
240e106c-a63c-5adf-b582-80603d17ec8f,Distribution,Single Phase Panels,200A 1PH 120/240V 30 Space Outdoor Panel - Main Breaker,200A 1PH 30SP OUTDOOR MB PANEL,,,200,120/240V,1,30,Outdoor,EA,"[""200a 1ph 120/240v 30 space outdoor panel - main breaker"", ""200a 1ph 30sp outdoor mb panel"", ""distribution"", ""single phase panels"", ""panel"", ""load center"", ""tablero"", ""panel 1ph 30 space 200amp outdoor""]",true
e11c628d-1e91-53f3-baed-10b99ae8e5ca,Distribution,Single Phase Panels,200A 1PH 120/240V 30 Space Outdoor Panel - Main Lug,200A 1PH 30SP OUTDOOR MLO PANEL,,,200,120/240V,1,30,Outdoor,EA,"[""200a 1ph 120/240v 30 space outdoor panel - main lug"", ""200a 1ph 30sp outdoor mlo panel"", ""distribution"", ""single phase panels"", ""panel"", ""load center"", ""tablero"", ""panel 1ph 30 space 200amp outdoor""]",true
12d2d5be-dbea-59ab-a0ee-30907f369c75,Distribution,Single Phase Panels,200A 1PH 120/240V 40 Space Indoor Panel - Main Breaker,200A 1PH 40SP INDOOR MB PANEL,,,200,120/240V,1,40,Indoor,EA,"[""200a 1ph 120/240v 40 space indoor panel - main breaker"", ""200a 1ph 40sp indoor mb panel"", ""distribution"", ""single phase panels"", ""panel"", ""load center"", ""tablero"", ""panel 1ph 40 space 200amp indoor""]",true
dac1c47c-70d8-55b0-b5a5-33c5db77a323,Distribution,Single Phase Panels,200A 1PH 120/240V 40 Space Indoor Panel - Main Lug,200A 1PH 40SP INDOOR MLO PANEL,,,200,120/240V,1,40,Indoor,EA,"[""200a 1ph 120/240v 40 space indoor panel - main lug"", ""200a 1ph 40sp indoor mlo panel"", ""distribution"", ""single phase panels"", ""panel"", ""load center"", ""tablero"", ""panel 1ph 40 space 200amp indoor""]",true
9358b77d-39ea-5f0f-9363-c9b1af8d72f1,Distribution,Single Phase Panels,200A 1PH 120/240V 40 Space Outdoor Panel - Main Breaker,200A 1PH 40SP OUTDOOR MB PANEL,,,200,120/240V,1,40,Outdoor,EA,"[""200a 1ph 120/240v 40 space outdoor panel - main breaker"", ""200a 1ph 40sp outdoor mb panel"", ""distribution"", ""single phase panels"", ""panel"", ""load center"", ""tablero"", ""panel 1ph 40 space 200amp outdoor""]",true
c87606a3-112a-5d5b-98ad-f5490c92caba,Distribution,Single Phase Panels,200A 1PH 120/240V 40 Space Outdoor Panel - Main Lug,200A 1PH 40SP OUTDOOR MLO PANEL,,,200,120/240V,1,40,Outdoor,EA,"[""200a 1ph 120/240v 40 space outdoor panel - main lug"", ""200a 1ph 40sp outdoor mlo panel"", ""distribution"", ""single phase panels"", ""panel"", ""load center"", ""tablero"", ""panel 1ph 40 space 200amp outdoor""]",true
6d84afc0-261f-5fb1-8ab6-df807f02d6d5,Distribution,Single Phase Panels,200A 1PH 120/240V 42 Space Indoor Panel - Main Breaker,200A 1PH 42SP INDOOR MB PANEL,,,200,120/240V,1,42,Indoor,EA,"[""200a 1ph 120/240v 42 space indoor panel - main breaker"", ""200a 1ph 42sp indoor mb panel"", ""distribution"", ""single phase panels"", ""panel"", ""load center"", ""tablero"", ""panel 1ph 42 space 200amp indoor""]",true
c3de92a2-98a7-5ab8-a9b5-b5c1823ff96e,Distribution,Single Phase Panels,200A 1PH 120/240V 42 Space Indoor Panel - Main Lug,200A 1PH 42SP INDOOR MLO PANEL,,,200,120/240V,1,42,Indoor,EA,"[""200a 1ph 120/240v 42 space indoor panel - main lug"", ""200a 1ph 42sp indoor mlo panel"", ""distribution"", ""single phase panels"", ""panel"", ""load center"", ""tablero"", ""panel 1ph 42 space 200amp indoor""]",true
86ac6e9c-9d21-5d22-af72-3d1e06f9658c,Distribution,Single Phase Panels,200A 1PH 120/240V 42 Space Outdoor Panel - Main Breaker,200A 1PH 42SP OUTDOOR MB PANEL,,,200,120/240V,1,42,Outdoor,EA,"[""200a 1ph 120/240v 42 space outdoor panel - main breaker"", ""200a 1ph 42sp outdoor mb panel"", ""distribution"", ""single phase panels"", ""panel"", ""load center"", ""tablero"", ""panel 1ph 42 space 200amp outdoor""]",true
1e91c24c-0823-55c2-a97c-6b53539febfb,Distribution,Single Phase Panels,200A 1PH 120/240V 42 Space Outdoor Panel - Main Lug,200A 1PH 42SP OUTDOOR MLO PANEL,,,200,120/240V,1,42,Outdoor,EA,"[""200a 1ph 120/240v 42 space outdoor panel - main lug"", ""200a 1ph 42sp outdoor mlo panel"", ""distribution"", ""single phase panels"", ""panel"", ""load center"", ""tablero"", ""panel 1ph 42 space 200amp outdoor""]",true
72a6f098-9cc6-5da0-a373-df0a5206dbb1,Distribution,Surge Protection,Type 1 Surge Protective Device - 1PH 120/240V,TYPE 1 SPD 1PH 120/240V,,,,120/240V,1,,,EA,"[""type 1 surge protective device - 1ph 120/240v"", ""type 1 spd 1ph 120/240v"", ""distribution"", ""surge protection"", ""surge"", ""whole house surge protector"", ""supresor""]",true
f48936af-f0e6-5b44-bd94-f7c36f8ddb03,Distribution,Surge Protection,Type 2 Surge Protective Device - 1PH 120/240V,TYPE 2 SPD 1PH 120/240V,,,,120/240V,1,,,EA,"[""type 2 surge protective device - 1ph 120/240v"", ""type 2 spd 1ph 120/240v"", ""distribution"", ""surge protection"", ""surge"", ""whole house surge protector"", ""supresor""]",true
b1fff416-ea1c-5a84-b21a-970aa0562b58,Distribution,Thermal Magnetic Breakers,Eaton BR 100A 2-Pole Standard Circuit Breaker,EATON BR 100A 2P BRKR,2P,,100,120/240V,,,,EA,"[""eaton br 100a 2-pole standard circuit breaker"", ""eaton br 100a 2p brkr"", ""distribution"", ""thermal magnetic breakers"", ""breaker"", ""interruptor termomagnetico"", ""eaton br"", ""100 amp 2 pole""]",true
e1f1a8a0-c7c1-5c06-834a-182e010fbe1a,Distribution,Thermal Magnetic Breakers,Eaton BR 15A 1-Pole Standard Circuit Breaker,EATON BR 15A 1P BRKR,1P,,15,120V,,,,EA,"[""eaton br 15a 1-pole standard circuit breaker"", ""eaton br 15a 1p brkr"", ""distribution"", ""thermal magnetic breakers"", ""breaker"", ""interruptor termomagnetico"", ""eaton br"", ""15 amp 1 pole""]",true
f4abcffb-2760-5d7d-b9b0-4e5b0dd12e65,Distribution,Thermal Magnetic Breakers,Eaton BR 15A 2-Pole Standard Circuit Breaker,EATON BR 15A 2P BRKR,2P,,15,120/240V,,,,EA,"[""eaton br 15a 2-pole standard circuit breaker"", ""eaton br 15a 2p brkr"", ""distribution"", ""thermal magnetic breakers"", ""breaker"", ""interruptor termomagnetico"", ""eaton br"", ""15 amp 2 pole""]",true
ea243ee9-790f-5b0a-8b85-3c6921532a64,Distribution,Thermal Magnetic Breakers,Eaton BR 20A 1-Pole Standard Circuit Breaker,EATON BR 20A 1P BRKR,1P,,20,120V,,,,EA,"[""eaton br 20a 1-pole standard circuit breaker"", ""eaton br 20a 1p brkr"", ""distribution"", ""thermal magnetic breakers"", ""breaker"", ""interruptor termomagnetico"", ""eaton br"", ""20 amp 1 pole""]",true
eeac6e33-933e-53cd-9f7e-fc2f385a3734,Distribution,Thermal Magnetic Breakers,Eaton BR 20A 2-Pole Standard Circuit Breaker,EATON BR 20A 2P BRKR,2P,,20,120/240V,,,,EA,"[""eaton br 20a 2-pole standard circuit breaker"", ""eaton br 20a 2p brkr"", ""distribution"", ""thermal magnetic breakers"", ""breaker"", ""interruptor termomagnetico"", ""eaton br"", ""20 amp 2 pole""]",true
c5b9b59a-ee3e-5371-b5a1-1afc477e4b1c,Distribution,Thermal Magnetic Breakers,Eaton BR 30A 1-Pole Standard Circuit Breaker,EATON BR 30A 1P BRKR,1P,,30,120V,,,,EA,"[""eaton br 30a 1-pole standard circuit breaker"", ""eaton br 30a 1p brkr"", ""distribution"", ""thermal magnetic breakers"", ""breaker"", ""interruptor termomagnetico"", ""eaton br"", ""30 amp 1 pole""]",true
93673515-9e8e-5e8e-9bfa-573c2992937b,Distribution,Thermal Magnetic Breakers,Eaton BR 30A 2-Pole Standard Circuit Breaker,EATON BR 30A 2P BRKR,2P,,30,120/240V,,,,EA,"[""eaton br 30a 2-pole standard circuit breaker"", ""eaton br 30a 2p brkr"", ""distribution"", ""thermal magnetic breakers"", ""breaker"", ""interruptor termomagnetico"", ""eaton br"", ""30 amp 2 pole""]",true
df865864-dc96-564e-861d-bb3c5367cc06,Distribution,Thermal Magnetic Breakers,Eaton BR 40A 2-Pole Standard Circuit Breaker,EATON BR 40A 2P BRKR,2P,,40,120/240V,,,,EA,"[""eaton br 40a 2-pole standard circuit breaker"", ""eaton br 40a 2p brkr"", ""distribution"", ""thermal magnetic breakers"", ""breaker"", ""interruptor termomagnetico"", ""eaton br"", ""40 amp 2 pole""]",true
8c53bb5d-f62b-53e7-bdca-ab85a575593b,Distribution,Thermal Magnetic Breakers,Eaton BR 50A 2-Pole Standard Circuit Breaker,EATON BR 50A 2P BRKR,2P,,50,120/240V,,,,EA,"[""eaton br 50a 2-pole standard circuit breaker"", ""eaton br 50a 2p brkr"", ""distribution"", ""thermal magnetic breakers"", ""breaker"", ""interruptor termomagnetico"", ""eaton br"", ""50 amp 2 pole""]",true
41da13e1-0043-5d98-93f7-5cf83c9610b6,Distribution,Thermal Magnetic Breakers,Eaton BR 60A 2-Pole Standard Circuit Breaker,EATON BR 60A 2P BRKR,2P,,60,120/240V,,,,EA,"[""eaton br 60a 2-pole standard circuit breaker"", ""eaton br 60a 2p brkr"", ""distribution"", ""thermal magnetic breakers"", ""breaker"", ""interruptor termomagnetico"", ""eaton br"", ""60 amp 2 pole""]",true
4efc150d-7faf-5608-b58e-2705ee75a5d4,Distribution,Thermal Magnetic Breakers,Eaton BR 70A 2-Pole Standard Circuit Breaker,EATON BR 70A 2P BRKR,2P,,70,120/240V,,,,EA,"[""eaton br 70a 2-pole standard circuit breaker"", ""eaton br 70a 2p brkr"", ""distribution"", ""thermal magnetic breakers"", ""breaker"", ""interruptor termomagnetico"", ""eaton br"", ""70 amp 2 pole""]",true
f8559686-82dc-54f1-ab8f-451098aa07e3,Distribution,Thermal Magnetic Breakers,Eaton CH 100A 2-Pole Standard Circuit Breaker,EATON CH 100A 2P BRKR,2P,,100,120/240V,,,,EA,"[""eaton ch 100a 2-pole standard circuit breaker"", ""eaton ch 100a 2p brkr"", ""distribution"", ""thermal magnetic breakers"", ""breaker"", ""interruptor termomagnetico"", ""eaton ch"", ""100 amp 2 pole""]",true
e3e7f5f8-c84f-5521-88bc-03aa8fa76f2f,Distribution,Thermal Magnetic Breakers,Eaton CH 15A 1-Pole Standard Circuit Breaker,EATON CH 15A 1P BRKR,1P,,15,120V,,,,EA,"[""eaton ch 15a 1-pole standard circuit breaker"", ""eaton ch 15a 1p brkr"", ""distribution"", ""thermal magnetic breakers"", ""breaker"", ""interruptor termomagnetico"", ""eaton ch"", ""15 amp 1 pole""]",true
a5ce3ae0-d14d-5fa1-9c3a-b04947bf40cb,Distribution,Thermal Magnetic Breakers,Eaton CH 15A 2-Pole Standard Circuit Breaker,EATON CH 15A 2P BRKR,2P,,15,120/240V,,,,EA,"[""eaton ch 15a 2-pole standard circuit breaker"", ""eaton ch 15a 2p brkr"", ""distribution"", ""thermal magnetic breakers"", ""breaker"", ""interruptor termomagnetico"", ""eaton ch"", ""15 amp 2 pole""]",true
3214cf1f-ebe1-5e7c-9127-bd9eaad2a403,Distribution,Thermal Magnetic Breakers,Eaton CH 20A 1-Pole Standard Circuit Breaker,EATON CH 20A 1P BRKR,1P,,20,120V,,,,EA,"[""eaton ch 20a 1-pole standard circuit breaker"", ""eaton ch 20a 1p brkr"", ""distribution"", ""thermal magnetic breakers"", ""breaker"", ""interruptor termomagnetico"", ""eaton ch"", ""20 amp 1 pole""]",true
3acb6da3-8783-5a77-836c-208e664663dd,Distribution,Thermal Magnetic Breakers,Eaton CH 20A 2-Pole Standard Circuit Breaker,EATON CH 20A 2P BRKR,2P,,20,120/240V,,,,EA,"[""eaton ch 20a 2-pole standard circuit breaker"", ""eaton ch 20a 2p brkr"", ""distribution"", ""thermal magnetic breakers"", ""breaker"", ""interruptor termomagnetico"", ""eaton ch"", ""20 amp 2 pole""]",true
14534f92-6b1a-5ade-8dbd-9389e038755d,Distribution,Thermal Magnetic Breakers,Eaton CH 30A 1-Pole Standard Circuit Breaker,EATON CH 30A 1P BRKR,1P,,30,120V,,,,EA,"[""eaton ch 30a 1-pole standard circuit breaker"", ""eaton ch 30a 1p brkr"", ""distribution"", ""thermal magnetic breakers"", ""breaker"", ""interruptor termomagnetico"", ""eaton ch"", ""30 amp 1 pole""]",true
6bc1e276-907f-592e-bffa-bd8fbb58edd7,Distribution,Thermal Magnetic Breakers,Eaton CH 30A 2-Pole Standard Circuit Breaker,EATON CH 30A 2P BRKR,2P,,30,120/240V,,,,EA,"[""eaton ch 30a 2-pole standard circuit breaker"", ""eaton ch 30a 2p brkr"", ""distribution"", ""thermal magnetic breakers"", ""breaker"", ""interruptor termomagnetico"", ""eaton ch"", ""30 amp 2 pole""]",true
79065320-1be4-582f-b2e0-dd748bfa80ab,Distribution,Thermal Magnetic Breakers,Eaton CH 40A 2-Pole Standard Circuit Breaker,EATON CH 40A 2P BRKR,2P,,40,120/240V,,,,EA,"[""eaton ch 40a 2-pole standard circuit breaker"", ""eaton ch 40a 2p brkr"", ""distribution"", ""thermal magnetic breakers"", ""breaker"", ""interruptor termomagnetico"", ""eaton ch"", ""40 amp 2 pole""]",true
51b94194-4fd7-5bff-9ee9-ca22274dc03a,Distribution,Thermal Magnetic Breakers,Eaton CH 50A 2-Pole Standard Circuit Breaker,EATON CH 50A 2P BRKR,2P,,50,120/240V,,,,EA,"[""eaton ch 50a 2-pole standard circuit breaker"", ""eaton ch 50a 2p brkr"", ""distribution"", ""thermal magnetic breakers"", ""breaker"", ""interruptor termomagnetico"", ""eaton ch"", ""50 amp 2 pole""]",true
a098f9a5-7c58-5097-b029-4f8321eadbe4,Distribution,Thermal Magnetic Breakers,Eaton CH 60A 2-Pole Standard Circuit Breaker,EATON CH 60A 2P BRKR,2P,,60,120/240V,,,,EA,"[""eaton ch 60a 2-pole standard circuit breaker"", ""eaton ch 60a 2p brkr"", ""distribution"", ""thermal magnetic breakers"", ""breaker"", ""interruptor termomagnetico"", ""eaton ch"", ""60 amp 2 pole""]",true
44ebdbfe-a0da-573a-9d74-0cc3b024763d,Distribution,Thermal Magnetic Breakers,Eaton CH 70A 2-Pole Standard Circuit Breaker,EATON CH 70A 2P BRKR,2P,,70,120/240V,,,,EA,"[""eaton ch 70a 2-pole standard circuit breaker"", ""eaton ch 70a 2p brkr"", ""distribution"", ""thermal magnetic breakers"", ""breaker"", ""interruptor termomagnetico"", ""eaton ch"", ""70 amp 2 pole""]",true
66be7b2c-6a06-5a71-8b2b-8ab1b816b314,Distribution,Thermal Magnetic Breakers,Siemens QP 100A 2-Pole Standard Circuit Breaker,SIEMENS QP 100A 2P BRKR,2P,,100,120/240V,,,,EA,"[""siemens qp 100a 2-pole standard circuit breaker"", ""siemens qp 100a 2p brkr"", ""distribution"", ""thermal magnetic breakers"", ""breaker"", ""interruptor termomagnetico"", ""siemens qp"", ""100 amp 2 pole""]",true
78bfdade-5c13-5843-b5e2-70e5220eb183,Distribution,Thermal Magnetic Breakers,Siemens QP 15A 1-Pole Standard Circuit Breaker,SIEMENS QP 15A 1P BRKR,1P,,15,120V,,,,EA,"[""siemens qp 15a 1-pole standard circuit breaker"", ""siemens qp 15a 1p brkr"", ""distribution"", ""thermal magnetic breakers"", ""breaker"", ""interruptor termomagnetico"", ""siemens qp"", ""15 amp 1 pole""]",true
ce9b3593-165a-54ed-860a-885daf2590a3,Distribution,Thermal Magnetic Breakers,Siemens QP 15A 2-Pole Standard Circuit Breaker,SIEMENS QP 15A 2P BRKR,2P,,15,120/240V,,,,EA,"[""siemens qp 15a 2-pole standard circuit breaker"", ""siemens qp 15a 2p brkr"", ""distribution"", ""thermal magnetic breakers"", ""breaker"", ""interruptor termomagnetico"", ""siemens qp"", ""15 amp 2 pole""]",true
0b142cfb-5922-500a-8bf1-bb85968c9a1b,Distribution,Thermal Magnetic Breakers,Siemens QP 20A 1-Pole Standard Circuit Breaker,SIEMENS QP 20A 1P BRKR,1P,,20,120V,,,,EA,"[""siemens qp 20a 1-pole standard circuit breaker"", ""siemens qp 20a 1p brkr"", ""distribution"", ""thermal magnetic breakers"", ""breaker"", ""interruptor termomagnetico"", ""siemens qp"", ""20 amp 1 pole""]",true
d865a39a-1e5a-5ca3-8469-5d5ee279dde5,Distribution,Thermal Magnetic Breakers,Siemens QP 20A 2-Pole Standard Circuit Breaker,SIEMENS QP 20A 2P BRKR,2P,,20,120/240V,,,,EA,"[""siemens qp 20a 2-pole standard circuit breaker"", ""siemens qp 20a 2p brkr"", ""distribution"", ""thermal magnetic breakers"", ""breaker"", ""interruptor termomagnetico"", ""siemens qp"", ""20 amp 2 pole""]",true
e93fd229-ce65-56a3-a65c-da0cf34d9e9c,Distribution,Thermal Magnetic Breakers,Siemens QP 30A 1-Pole Standard Circuit Breaker,SIEMENS QP 30A 1P BRKR,1P,,30,120V,,,,EA,"[""siemens qp 30a 1-pole standard circuit breaker"", ""siemens qp 30a 1p brkr"", ""distribution"", ""thermal magnetic breakers"", ""breaker"", ""interruptor termomagnetico"", ""siemens qp"", ""30 amp 1 pole""]",true
4fec6e64-869d-52d4-a882-42cbb45b3b4b,Distribution,Thermal Magnetic Breakers,Siemens QP 30A 2-Pole Standard Circuit Breaker,SIEMENS QP 30A 2P BRKR,2P,,30,120/240V,,,,EA,"[""siemens qp 30a 2-pole standard circuit breaker"", ""siemens qp 30a 2p brkr"", ""distribution"", ""thermal magnetic breakers"", ""breaker"", ""interruptor termomagnetico"", ""siemens qp"", ""30 amp 2 pole""]",true
36507839-2e65-55d3-a2fa-2a6d94ca57d1,Distribution,Thermal Magnetic Breakers,Siemens QP 40A 2-Pole Standard Circuit Breaker,SIEMENS QP 40A 2P BRKR,2P,,40,120/240V,,,,EA,"[""siemens qp 40a 2-pole standard circuit breaker"", ""siemens qp 40a 2p brkr"", ""distribution"", ""thermal magnetic breakers"", ""breaker"", ""interruptor termomagnetico"", ""siemens qp"", ""40 amp 2 pole""]",true
e8a2f4ac-2a03-5810-9ccb-b381b98ef505,Distribution,Thermal Magnetic Breakers,Siemens QP 50A 2-Pole Standard Circuit Breaker,SIEMENS QP 50A 2P BRKR,2P,,50,120/240V,,,,EA,"[""siemens qp 50a 2-pole standard circuit breaker"", ""siemens qp 50a 2p brkr"", ""distribution"", ""thermal magnetic breakers"", ""breaker"", ""interruptor termomagnetico"", ""siemens qp"", ""50 amp 2 pole""]",true
5060bfde-03e9-5c30-8045-e237653499f0,Distribution,Thermal Magnetic Breakers,Siemens QP 60A 2-Pole Standard Circuit Breaker,SIEMENS QP 60A 2P BRKR,2P,,60,120/240V,,,,EA,"[""siemens qp 60a 2-pole standard circuit breaker"", ""siemens qp 60a 2p brkr"", ""distribution"", ""thermal magnetic breakers"", ""breaker"", ""interruptor termomagnetico"", ""siemens qp"", ""60 amp 2 pole""]",true
057f329d-0853-581a-88f3-5e9ce395b020,Distribution,Thermal Magnetic Breakers,Siemens QP 70A 2-Pole Standard Circuit Breaker,SIEMENS QP 70A 2P BRKR,2P,,70,120/240V,,,,EA,"[""siemens qp 70a 2-pole standard circuit breaker"", ""siemens qp 70a 2p brkr"", ""distribution"", ""thermal magnetic breakers"", ""breaker"", ""interruptor termomagnetico"", ""siemens qp"", ""70 amp 2 pole""]",true
0ce33eed-318f-5b76-a39b-b74f09f994f7,Distribution,Thermal Magnetic Breakers,Square D Homeline 100A 2-Pole Standard Circuit Breaker,SQUARE D HOMELINE 100A 2P BRKR,2P,,100,120/240V,,,,EA,"[""square d homeline 100a 2-pole standard circuit breaker"", ""square d homeline 100a 2p brkr"", ""distribution"", ""thermal magnetic breakers"", ""breaker"", ""interruptor termomagnetico"", ""square d homeline"", ""100 amp 2 pole""]",true
723ba9b1-5df5-57e1-9b82-04d1acedb063,Distribution,Thermal Magnetic Breakers,Square D Homeline 15A 1-Pole Standard Circuit Breaker,SQUARE D HOMELINE 15A 1P BRKR,1P,,15,120V,,,,EA,"[""square d homeline 15a 1-pole standard circuit breaker"", ""square d homeline 15a 1p brkr"", ""distribution"", ""thermal magnetic breakers"", ""breaker"", ""interruptor termomagnetico"", ""square d homeline"", ""15 amp 1 pole""]",true
86830fec-c922-5a2a-847e-662a7a640b2a,Distribution,Thermal Magnetic Breakers,Square D Homeline 15A 2-Pole Standard Circuit Breaker,SQUARE D HOMELINE 15A 2P BRKR,2P,,15,120/240V,,,,EA,"[""square d homeline 15a 2-pole standard circuit breaker"", ""square d homeline 15a 2p brkr"", ""distribution"", ""thermal magnetic breakers"", ""breaker"", ""interruptor termomagnetico"", ""square d homeline"", ""15 amp 2 pole""]",true
2cf1c89c-0dba-5b05-9e60-4ca1ee1c569e,Distribution,Thermal Magnetic Breakers,Square D Homeline 20A 1-Pole Standard Circuit Breaker,SQUARE D HOMELINE 20A 1P BRKR,1P,,20,120V,,,,EA,"[""square d homeline 20a 1-pole standard circuit breaker"", ""square d homeline 20a 1p brkr"", ""distribution"", ""thermal magnetic breakers"", ""breaker"", ""interruptor termomagnetico"", ""square d homeline"", ""20 amp 1 pole""]",true
fab2fbe6-5443-542a-94df-2ce063a8b857,Distribution,Thermal Magnetic Breakers,Square D Homeline 20A 2-Pole Standard Circuit Breaker,SQUARE D HOMELINE 20A 2P BRKR,2P,,20,120/240V,,,,EA,"[""square d homeline 20a 2-pole standard circuit breaker"", ""square d homeline 20a 2p brkr"", ""distribution"", ""thermal magnetic breakers"", ""breaker"", ""interruptor termomagnetico"", ""square d homeline"", ""20 amp 2 pole""]",true
125e1e79-641d-53e5-8b7b-6322c88d2298,Distribution,Thermal Magnetic Breakers,Square D Homeline 30A 1-Pole Standard Circuit Breaker,SQUARE D HOMELINE 30A 1P BRKR,1P,,30,120V,,,,EA,"[""square d homeline 30a 1-pole standard circuit breaker"", ""square d homeline 30a 1p brkr"", ""distribution"", ""thermal magnetic breakers"", ""breaker"", ""interruptor termomagnetico"", ""square d homeline"", ""30 amp 1 pole""]",true
9650a9b5-ad91-5c0d-92b4-b4ddf76f3e00,Distribution,Thermal Magnetic Breakers,Square D Homeline 30A 2-Pole Standard Circuit Breaker,SQUARE D HOMELINE 30A 2P BRKR,2P,,30,120/240V,,,,EA,"[""square d homeline 30a 2-pole standard circuit breaker"", ""square d homeline 30a 2p brkr"", ""distribution"", ""thermal magnetic breakers"", ""breaker"", ""interruptor termomagnetico"", ""square d homeline"", ""30 amp 2 pole""]",true
9c7c19c3-91a2-5a45-a292-109d656e266a,Distribution,Thermal Magnetic Breakers,Square D Homeline 40A 2-Pole Standard Circuit Breaker,SQUARE D HOMELINE 40A 2P BRKR,2P,,40,120/240V,,,,EA,"[""square d homeline 40a 2-pole standard circuit breaker"", ""square d homeline 40a 2p brkr"", ""distribution"", ""thermal magnetic breakers"", ""breaker"", ""interruptor termomagnetico"", ""square d homeline"", ""40 amp 2 pole""]",true
28d91808-cfd0-5926-b64a-c605140a26d6,Distribution,Thermal Magnetic Breakers,Square D Homeline 50A 2-Pole Standard Circuit Breaker,SQUARE D HOMELINE 50A 2P BRKR,2P,,50,120/240V,,,,EA,"[""square d homeline 50a 2-pole standard circuit breaker"", ""square d homeline 50a 2p brkr"", ""distribution"", ""thermal magnetic breakers"", ""breaker"", ""interruptor termomagnetico"", ""square d homeline"", ""50 amp 2 pole""]",true
042322f6-2945-5a46-a39d-288b360a1c85,Distribution,Thermal Magnetic Breakers,Square D Homeline 60A 2-Pole Standard Circuit Breaker,SQUARE D HOMELINE 60A 2P BRKR,2P,,60,120/240V,,,,EA,"[""square d homeline 60a 2-pole standard circuit breaker"", ""square d homeline 60a 2p brkr"", ""distribution"", ""thermal magnetic breakers"", ""breaker"", ""interruptor termomagnetico"", ""square d homeline"", ""60 amp 2 pole""]",true
297abc49-5595-5ff8-85dd-f8b095bb2999,Distribution,Thermal Magnetic Breakers,Square D Homeline 70A 2-Pole Standard Circuit Breaker,SQUARE D HOMELINE 70A 2P BRKR,2P,,70,120/240V,,,,EA,"[""square d homeline 70a 2-pole standard circuit breaker"", ""square d homeline 70a 2p brkr"", ""distribution"", ""thermal magnetic breakers"", ""breaker"", ""interruptor termomagnetico"", ""square d homeline"", ""70 amp 2 pole""]",true
333a6cf0-467e-5ae2-83ef-f78fd763741b,Distribution,Thermal Magnetic Breakers,Square D QO 100A 2-Pole Standard Circuit Breaker,SQUARE D QO 100A 2P BRKR,2P,,100,120/240V,,,,EA,"[""square d qo 100a 2-pole standard circuit breaker"", ""square d qo 100a 2p brkr"", ""distribution"", ""thermal magnetic breakers"", ""breaker"", ""interruptor termomagnetico"", ""square d qo"", ""100 amp 2 pole""]",true
6b02bcbf-ba62-5dde-9a84-563b07d26c93,Distribution,Thermal Magnetic Breakers,Square D QO 15A 1-Pole Standard Circuit Breaker,SQUARE D QO 15A 1P BRKR,1P,,15,120V,,,,EA,"[""square d qo 15a 1-pole standard circuit breaker"", ""square d qo 15a 1p brkr"", ""distribution"", ""thermal magnetic breakers"", ""breaker"", ""interruptor termomagnetico"", ""square d qo"", ""15 amp 1 pole""]",true
ae30d999-8567-5599-8adc-421b855f2361,Distribution,Thermal Magnetic Breakers,Square D QO 15A 2-Pole Standard Circuit Breaker,SQUARE D QO 15A 2P BRKR,2P,,15,120/240V,,,,EA,"[""square d qo 15a 2-pole standard circuit breaker"", ""square d qo 15a 2p brkr"", ""distribution"", ""thermal magnetic breakers"", ""breaker"", ""interruptor termomagnetico"", ""square d qo"", ""15 amp 2 pole""]",true
e256000e-3f11-5121-9ad4-e8cf2372def1,Distribution,Thermal Magnetic Breakers,Square D QO 20A 1-Pole Standard Circuit Breaker,SQUARE D QO 20A 1P BRKR,1P,,20,120V,,,,EA,"[""square d qo 20a 1-pole standard circuit breaker"", ""square d qo 20a 1p brkr"", ""distribution"", ""thermal magnetic breakers"", ""breaker"", ""interruptor termomagnetico"", ""square d qo"", ""20 amp 1 pole""]",true
aa0f6f96-238c-5c37-9fde-f74d390f4e88,Distribution,Thermal Magnetic Breakers,Square D QO 20A 2-Pole Standard Circuit Breaker,SQUARE D QO 20A 2P BRKR,2P,,20,120/240V,,,,EA,"[""square d qo 20a 2-pole standard circuit breaker"", ""square d qo 20a 2p brkr"", ""distribution"", ""thermal magnetic breakers"", ""breaker"", ""interruptor termomagnetico"", ""square d qo"", ""20 amp 2 pole""]",true
8bb5d015-66e7-5ec2-8175-ccc2995b4da1,Distribution,Thermal Magnetic Breakers,Square D QO 30A 1-Pole Standard Circuit Breaker,SQUARE D QO 30A 1P BRKR,1P,,30,120V,,,,EA,"[""square d qo 30a 1-pole standard circuit breaker"", ""square d qo 30a 1p brkr"", ""distribution"", ""thermal magnetic breakers"", ""breaker"", ""interruptor termomagnetico"", ""square d qo"", ""30 amp 1 pole""]",true
2f8818e1-16f5-5f5e-aabb-e3a05dcf2593,Distribution,Thermal Magnetic Breakers,Square D QO 30A 2-Pole Standard Circuit Breaker,SQUARE D QO 30A 2P BRKR,2P,,30,120/240V,,,,EA,"[""square d qo 30a 2-pole standard circuit breaker"", ""square d qo 30a 2p brkr"", ""distribution"", ""thermal magnetic breakers"", ""breaker"", ""interruptor termomagnetico"", ""square d qo"", ""30 amp 2 pole""]",true
d91ec7aa-8fe4-548c-919f-70e66e89ce73,Distribution,Thermal Magnetic Breakers,Square D QO 40A 2-Pole Standard Circuit Breaker,SQUARE D QO 40A 2P BRKR,2P,,40,120/240V,,,,EA,"[""square d qo 40a 2-pole standard circuit breaker"", ""square d qo 40a 2p brkr"", ""distribution"", ""thermal magnetic breakers"", ""breaker"", ""interruptor termomagnetico"", ""square d qo"", ""40 amp 2 pole""]",true
58e0d573-2395-57ca-9c84-6ab6c7c230d5,Distribution,Thermal Magnetic Breakers,Square D QO 50A 2-Pole Standard Circuit Breaker,SQUARE D QO 50A 2P BRKR,2P,,50,120/240V,,,,EA,"[""square d qo 50a 2-pole standard circuit breaker"", ""square d qo 50a 2p brkr"", ""distribution"", ""thermal magnetic breakers"", ""breaker"", ""interruptor termomagnetico"", ""square d qo"", ""50 amp 2 pole""]",true
0edf5dc0-8785-5fd6-8423-855dbda2fc2a,Distribution,Thermal Magnetic Breakers,Square D QO 60A 2-Pole Standard Circuit Breaker,SQUARE D QO 60A 2P BRKR,2P,,60,120/240V,,,,EA,"[""square d qo 60a 2-pole standard circuit breaker"", ""square d qo 60a 2p brkr"", ""distribution"", ""thermal magnetic breakers"", ""breaker"", ""interruptor termomagnetico"", ""square d qo"", ""60 amp 2 pole""]",true
686fccf7-23b4-5402-8f21-fdb3e84138e8,Distribution,Thermal Magnetic Breakers,Square D QO 70A 2-Pole Standard Circuit Breaker,SQUARE D QO 70A 2P BRKR,2P,,70,120/240V,,,,EA,"[""square d qo 70a 2-pole standard circuit breaker"", ""square d qo 70a 2p brkr"", ""distribution"", ""thermal magnetic breakers"", ""breaker"", ""interruptor termomagnetico"", ""square d qo"", ""70 amp 2 pole""]",true
77ecb1ed-309f-5940-a700-da40c430beb4,Distribution,Three Phase Panelboards,100A 3PH 120/208YV 30 Space Indoor Main Lug Panelboard,100A 3PH 120/208YV 30SP MLO PANEL,,,100,120/208YV,3,30,Indoor,EA,"[""100a 3ph 120/208yv 30 space indoor main lug panelboard"", ""100a 3ph 120/208yv 30sp mlo panel"", ""distribution"", ""three phase panelboards"", ""panelboard"", ""tablero trifasico""]",true
29d39b14-966b-5887-9b42-4f3e4c2e4423,Distribution,Three Phase Panelboards,100A 3PH 277/480YV 30 Space Indoor Main Lug Panelboard,100A 3PH 277/480YV 30SP MLO PANEL,,,100,277/480YV,3,30,Indoor,EA,"[""100a 3ph 277/480yv 30 space indoor main lug panelboard"", ""100a 3ph 277/480yv 30sp mlo panel"", ""distribution"", ""three phase panelboards"", ""panelboard"", ""tablero trifasico""]",true
973bd687-117d-5ca7-bae0-d22628819e21,Distribution,Three Phase Panelboards,225A 3PH 120/208YV 30 Space Indoor Main Lug Panelboard,225A 3PH 120/208YV 30SP MLO PANEL,,,225,120/208YV,3,30,Indoor,EA,"[""225a 3ph 120/208yv 30 space indoor main lug panelboard"", ""225a 3ph 120/208yv 30sp mlo panel"", ""distribution"", ""three phase panelboards"", ""panelboard"", ""tablero trifasico""]",true
65e37458-a1be-564e-82ff-36ed7cf42572,Distribution,Three Phase Panelboards,225A 3PH 120/208YV 42 Space Indoor Main Lug Panelboard,225A 3PH 120/208YV 42SP MLO PANEL,,,225,120/208YV,3,42,Indoor,EA,"[""225a 3ph 120/208yv 42 space indoor main lug panelboard"", ""225a 3ph 120/208yv 42sp mlo panel"", ""distribution"", ""three phase panelboards"", ""panelboard"", ""tablero trifasico""]",true
43b1f54a-cb0a-507c-bec2-d780863b4cf1,Distribution,Three Phase Panelboards,225A 3PH 277/480YV 30 Space Indoor Main Lug Panelboard,225A 3PH 277/480YV 30SP MLO PANEL,,,225,277/480YV,3,30,Indoor,EA,"[""225a 3ph 277/480yv 30 space indoor main lug panelboard"", ""225a 3ph 277/480yv 30sp mlo panel"", ""distribution"", ""three phase panelboards"", ""panelboard"", ""tablero trifasico""]",true
b76cb3c5-7e40-56a2-8b14-b69e60b06ca3,Distribution,Three Phase Panelboards,225A 3PH 277/480YV 42 Space Indoor Main Lug Panelboard,225A 3PH 277/480YV 42SP MLO PANEL,,,225,277/480YV,3,42,Indoor,EA,"[""225a 3ph 277/480yv 42 space indoor main lug panelboard"", ""225a 3ph 277/480yv 42sp mlo panel"", ""distribution"", ""three phase panelboards"", ""panelboard"", ""tablero trifasico""]",true
99654d01-01c1-588a-b66b-a9858ca0f7d2,Distribution,Three Phase Panelboards,400A 3PH 120/208YV 42 Space Indoor Main Lug Panelboard,400A 3PH 120/208YV 42SP MLO PANEL,,,400,120/208YV,3,42,Indoor,EA,"[""400a 3ph 120/208yv 42 space indoor main lug panelboard"", ""400a 3ph 120/208yv 42sp mlo panel"", ""distribution"", ""three phase panelboards"", ""panelboard"", ""tablero trifasico""]",true
4b2fdf1f-f8f0-5b76-a195-9ac59d2269fa,Distribution,Three Phase Panelboards,400A 3PH 277/480YV 42 Space Indoor Main Lug Panelboard,400A 3PH 277/480YV 42SP MLO PANEL,,,400,277/480YV,3,42,Indoor,EA,"[""400a 3ph 277/480yv 42 space indoor main lug panelboard"", ""400a 3ph 277/480yv 42sp mlo panel"", ""distribution"", ""three phase panelboards"", ""panelboard"", ""tablero trifasico""]",true
468c9e98-60dd-5744-a29d-1a6117fffb9d,Fittings,Cable Connectors,"1"" Trade Size AC/MC Screw Clamp Cable Connector",1 AC/MC SCREW CLAMP CONN,"1"" trade size",,,,,,,EA,"[""1\"" trade size ac/mc screw clamp cable connector"", ""1 ac/mc screw clamp conn"", ""fittings"", ""cable connectors"", ""mc connector"", ""conector cable""]",true
510641cb-f694-5d93-9dec-d5f6f9ba7126,Fittings,Cable Connectors,"1"" Trade Size AC/MC Snap-In Cable Connector",1 AC/MC SNAP-IN CONN,"1"" trade size",,,,,,,EA,"[""1\"" trade size ac/mc snap-in cable connector"", ""1 ac/mc snap-in conn"", ""fittings"", ""cable connectors"", ""mc connector"", ""conector cable""]",true
ca1f57fa-4d3d-5d83-bf50-aad6d5b56864,Fittings,Cable Connectors,"1"" Trade Size NM Two-Screw Clamp Cable Connector",1 NM TWO-SCREW CLAMP CONN,"1"" trade size",,,,,,,EA,"[""1\"" trade size nm two-screw clamp cable connector"", ""1 nm two-screw clamp conn"", ""fittings"", ""cable connectors"", ""romex connector"", ""conector cable""]",true
f34e9ef4-6f62-5720-99e4-b87940dcf378,Fittings,Cable Connectors,"1/2"" Trade Size AC/MC Screw Clamp Cable Connector",1/2 AC/MC SCREW CLAMP CONN,"1/2"" trade size",,,,,,,EA,"[""1/2\"" trade size ac/mc screw clamp cable connector"", ""1/2 ac/mc screw clamp conn"", ""fittings"", ""cable connectors"", ""mc connector"", ""conector cable""]",true
f1a89b0b-2395-5d74-a253-3ae794fe8c85,Fittings,Cable Connectors,"1/2"" Trade Size AC/MC Snap-In Cable Connector",1/2 AC/MC SNAP-IN CONN,"1/2"" trade size",,,,,,,EA,"[""1/2\"" trade size ac/mc snap-in cable connector"", ""1/2 ac/mc snap-in conn"", ""fittings"", ""cable connectors"", ""mc connector"", ""conector cable""]",true
8fb044c4-bb7a-53b8-aa7d-16c10ebed359,Fittings,Cable Connectors,"1/2"" Trade Size NM Two-Screw Clamp Cable Connector",1/2 NM TWO-SCREW CLAMP CONN,"1/2"" trade size",,,,,,,EA,"[""1/2\"" trade size nm two-screw clamp cable connector"", ""1/2 nm two-screw clamp conn"", ""fittings"", ""cable connectors"", ""romex connector"", ""conector cable""]",true
a61875d6-c116-514f-bc3b-ba19912d6892,Fittings,Cable Connectors,"3/4"" Trade Size AC/MC Screw Clamp Cable Connector",3/4 AC/MC SCREW CLAMP CONN,"3/4"" trade size",,,,,,,EA,"[""3/4\"" trade size ac/mc screw clamp cable connector"", ""3/4 ac/mc screw clamp conn"", ""fittings"", ""cable connectors"", ""mc connector"", ""conector cable""]",true
2bf4c9b8-3a5f-50d2-83ef-602359f03394,Fittings,Cable Connectors,"3/4"" Trade Size AC/MC Snap-In Cable Connector",3/4 AC/MC SNAP-IN CONN,"3/4"" trade size",,,,,,,EA,"[""3/4\"" trade size ac/mc snap-in cable connector"", ""3/4 ac/mc snap-in conn"", ""fittings"", ""cable connectors"", ""mc connector"", ""conector cable""]",true
7b8cfa18-c61c-5c68-8cb6-743a0ea16821,Fittings,Cable Connectors,"3/4"" Trade Size NM Two-Screw Clamp Cable Connector",3/4 NM TWO-SCREW CLAMP CONN,"3/4"" trade size",,,,,,,EA,"[""3/4\"" trade size nm two-screw clamp cable connector"", ""3/4 nm two-screw clamp conn"", ""fittings"", ""cable connectors"", ""romex connector"", ""conector cable""]",true
e9452943-839a-58be-8e8a-f881856769d9,Fittings,Cable Connectors,"3/8"" Trade Size AC/MC Screw Clamp Cable Connector",3/8 AC/MC SCREW CLAMP CONN,"3/8"" trade size",,,,,,,EA,"[""3/8\"" trade size ac/mc screw clamp cable connector"", ""3/8 ac/mc screw clamp conn"", ""fittings"", ""cable connectors"", ""mc connector"", ""conector cable""]",true
b2a8bfa1-2a67-5a7f-a596-289915d43a4c,Fittings,Cable Connectors,"3/8"" Trade Size AC/MC Snap-In Cable Connector",3/8 AC/MC SNAP-IN CONN,"3/8"" trade size",,,,,,,EA,"[""3/8\"" trade size ac/mc snap-in cable connector"", ""3/8 ac/mc snap-in conn"", ""fittings"", ""cable connectors"", ""mc connector"", ""conector cable""]",true
fe22b2a9-aade-53db-92fa-f9b58bcd735a,Fittings,Cable Connectors,"3/8"" Trade Size NM Two-Screw Clamp Cable Connector",3/8 NM TWO-SCREW CLAMP CONN,"3/8"" trade size",,,,,,,EA,"[""3/8\"" trade size nm two-screw clamp cable connector"", ""3/8 nm two-screw clamp conn"", ""fittings"", ""cable connectors"", ""romex connector"", ""conector cable""]",true
0feadd76-8baf-523f-8ba2-b14342a6fffb,Fittings,Conduit Bodies,"1"" EMT Set Screw C Conduit Body With Cover and Gasket",1 EMT SS C BODY W/CVR,"1""",,,,,,,EA,"[""1\"" emt set screw c conduit body with cover and gasket"", ""1 emt ss c body w/cvr"", ""fittings"", ""conduit bodies"", ""condulet"", ""conduit body""]",true
4f53b901-8cc5-591e-814d-a5fde7529855,Fittings,Conduit Bodies,"1"" EMT Set Screw LB Conduit Body With Cover and Gasket",1 EMT SS LB BODY W/CVR,"1""",,,,,,,EA,"[""1\"" emt set screw lb conduit body with cover and gasket"", ""1 emt ss lb body w/cvr"", ""fittings"", ""conduit bodies"", ""condulet"", ""conduit body""]",true
ce41a877-6655-5c4b-bd44-547d0a74dc7f,Fittings,Conduit Bodies,"1"" EMT Set Screw T Conduit Body With Cover and Gasket",1 EMT SS T BODY W/CVR,"1""",,,,,,,EA,"[""1\"" emt set screw t conduit body with cover and gasket"", ""1 emt ss t body w/cvr"", ""fittings"", ""conduit bodies"", ""condulet"", ""conduit body""]",true
e2c4f9d9-9d5b-5d13-84a6-d3fd810e5079,Fittings,Conduit Bodies,"1"" PVC C Conduit Body With Cover and Gasket",1 PVC C BODY W/CVR,"1""",,,,,,,EA,"[""1\"" pvc c conduit body with cover and gasket"", ""1 pvc c body w/cvr"", ""fittings"", ""conduit bodies"", ""condulet"", ""conduit body"", ""c 1""]",true
f9037115-79bb-54d8-b8c5-102f20740bfb,Fittings,Conduit Bodies,"1"" PVC LB Conduit Body With Cover and Gasket",1 PVC LB BODY W/CVR,"1""",,,,,,,EA,"[""1\"" pvc lb conduit body with cover and gasket"", ""1 pvc lb body w/cvr"", ""fittings"", ""conduit bodies"", ""condulet"", ""conduit body"", ""lb 1""]",true
57a2d2c3-8fa9-56a9-861a-4129e34e88a1,Fittings,Conduit Bodies,"1"" PVC LL Conduit Body With Cover and Gasket",1 PVC LL BODY W/CVR,"1""",,,,,,,EA,"[""1\"" pvc ll conduit body with cover and gasket"", ""1 pvc ll body w/cvr"", ""fittings"", ""conduit bodies"", ""condulet"", ""conduit body"", ""ll 1""]",true
fdb4ead4-94c1-5edf-879f-98421761d495,Fittings,Conduit Bodies,"1"" PVC LR Conduit Body With Cover and Gasket",1 PVC LR BODY W/CVR,"1""",,,,,,,EA,"[""1\"" pvc lr conduit body with cover and gasket"", ""1 pvc lr body w/cvr"", ""fittings"", ""conduit bodies"", ""condulet"", ""conduit body"", ""lr 1""]",true
34c0ebce-2148-5545-8476-1af10886041c,Fittings,Conduit Bodies,"1"" PVC T Conduit Body With Cover and Gasket",1 PVC T BODY W/CVR,"1""",,,,,,,EA,"[""1\"" pvc t conduit body with cover and gasket"", ""1 pvc t body w/cvr"", ""fittings"", ""conduit bodies"", ""condulet"", ""conduit body"", ""t 1""]",true
dcc0044d-6ef8-56df-8fa2-3d5c6577b5da,Fittings,Conduit Bodies,"1"" Threaded Aluminum C Conduit Body With Cover and Gasket",1 THREADED ALUMINUM C BODY W/CVR,"1""",,,,,,,EA,"[""1\"" threaded aluminum c conduit body with cover and gasket"", ""1 threaded aluminum c body w/cvr"", ""fittings"", ""conduit bodies"", ""condulet"", ""conduit body"", ""c 1""]",true
65f13fac-0fd1-5abb-9a07-522ff0136218,Fittings,Conduit Bodies,"1"" Threaded Aluminum LB Conduit Body With Cover and Gasket",1 THREADED ALUMINUM LB BODY W/CVR,"1""",,,,,,,EA,"[""1\"" threaded aluminum lb conduit body with cover and gasket"", ""1 threaded aluminum lb body w/cvr"", ""fittings"", ""conduit bodies"", ""condulet"", ""conduit body"", ""lb 1""]",true
b84b1a3f-6b5c-54c5-813f-4957ad82b217,Fittings,Conduit Bodies,"1"" Threaded Aluminum LL Conduit Body With Cover and Gasket",1 THREADED ALUMINUM LL BODY W/CVR,"1""",,,,,,,EA,"[""1\"" threaded aluminum ll conduit body with cover and gasket"", ""1 threaded aluminum ll body w/cvr"", ""fittings"", ""conduit bodies"", ""condulet"", ""conduit body"", ""ll 1""]",true
06e644a3-6ec5-5541-9e43-690681ecc508,Fittings,Conduit Bodies,"1"" Threaded Aluminum LR Conduit Body With Cover and Gasket",1 THREADED ALUMINUM LR BODY W/CVR,"1""",,,,,,,EA,"[""1\"" threaded aluminum lr conduit body with cover and gasket"", ""1 threaded aluminum lr body w/cvr"", ""fittings"", ""conduit bodies"", ""condulet"", ""conduit body"", ""lr 1""]",true
4403fd13-2941-5163-9ec2-30c078bd1523,Fittings,Conduit Bodies,"1"" Threaded Aluminum T Conduit Body With Cover and Gasket",1 THREADED ALUMINUM T BODY W/CVR,"1""",,,,,,,EA,"[""1\"" threaded aluminum t conduit body with cover and gasket"", ""1 threaded aluminum t body w/cvr"", ""fittings"", ""conduit bodies"", ""condulet"", ""conduit body"", ""t 1""]",true
00eb1b9c-b151-598c-8181-f241920122e7,Fittings,Conduit Bodies,"1-1/2"" EMT Set Screw C Conduit Body With Cover and Gasket",1-1/2 EMT SS C BODY W/CVR,"1-1/2""",,,,,,,EA,"[""1-1/2\"" emt set screw c conduit body with cover and gasket"", ""1-1/2 emt ss c body w/cvr"", ""fittings"", ""conduit bodies"", ""condulet"", ""conduit body""]",true
b29dfafc-2cb6-536f-8b13-36e4c1cc46d4,Fittings,Conduit Bodies,"1-1/2"" EMT Set Screw LB Conduit Body With Cover and Gasket",1-1/2 EMT SS LB BODY W/CVR,"1-1/2""",,,,,,,EA,"[""1-1/2\"" emt set screw lb conduit body with cover and gasket"", ""1-1/2 emt ss lb body w/cvr"", ""fittings"", ""conduit bodies"", ""condulet"", ""conduit body""]",true
52f8ffc7-c732-5017-8f84-27694d53103e,Fittings,Conduit Bodies,"1-1/2"" EMT Set Screw T Conduit Body With Cover and Gasket",1-1/2 EMT SS T BODY W/CVR,"1-1/2""",,,,,,,EA,"[""1-1/2\"" emt set screw t conduit body with cover and gasket"", ""1-1/2 emt ss t body w/cvr"", ""fittings"", ""conduit bodies"", ""condulet"", ""conduit body""]",true
35c22a04-1fb9-5f4d-a7b1-8aa6c44e26ef,Fittings,Conduit Bodies,"1-1/2"" PVC C Conduit Body With Cover and Gasket",1-1/2 PVC C BODY W/CVR,"1-1/2""",,,,,,,EA,"[""1-1/2\"" pvc c conduit body with cover and gasket"", ""1-1/2 pvc c body w/cvr"", ""fittings"", ""conduit bodies"", ""condulet"", ""conduit body"", ""c 1-1/2""]",true
ed679e53-f695-5419-8c45-d81c64cc34ec,Fittings,Conduit Bodies,"1-1/2"" PVC LB Conduit Body With Cover and Gasket",1-1/2 PVC LB BODY W/CVR,"1-1/2""",,,,,,,EA,"[""1-1/2\"" pvc lb conduit body with cover and gasket"", ""1-1/2 pvc lb body w/cvr"", ""fittings"", ""conduit bodies"", ""condulet"", ""conduit body"", ""lb 1-1/2""]",true
8474ac90-8b68-5270-ae4e-38a8f74d3a66,Fittings,Conduit Bodies,"1-1/2"" PVC LL Conduit Body With Cover and Gasket",1-1/2 PVC LL BODY W/CVR,"1-1/2""",,,,,,,EA,"[""1-1/2\"" pvc ll conduit body with cover and gasket"", ""1-1/2 pvc ll body w/cvr"", ""fittings"", ""conduit bodies"", ""condulet"", ""conduit body"", ""ll 1-1/2""]",true
671e1d09-4624-5d75-b987-f0a9a083be5d,Fittings,Conduit Bodies,"1-1/2"" PVC LR Conduit Body With Cover and Gasket",1-1/2 PVC LR BODY W/CVR,"1-1/2""",,,,,,,EA,"[""1-1/2\"" pvc lr conduit body with cover and gasket"", ""1-1/2 pvc lr body w/cvr"", ""fittings"", ""conduit bodies"", ""condulet"", ""conduit body"", ""lr 1-1/2""]",true
d453edb8-129d-5ee0-93b0-2c4b18874801,Fittings,Conduit Bodies,"1-1/2"" PVC T Conduit Body With Cover and Gasket",1-1/2 PVC T BODY W/CVR,"1-1/2""",,,,,,,EA,"[""1-1/2\"" pvc t conduit body with cover and gasket"", ""1-1/2 pvc t body w/cvr"", ""fittings"", ""conduit bodies"", ""condulet"", ""conduit body"", ""t 1-1/2""]",true
2cd1a1fd-29dc-5cc7-b279-627896484847,Fittings,Conduit Bodies,"1-1/2"" Threaded Aluminum C Conduit Body With Cover and Gasket",1-1/2 THREADED ALUMINUM C BODY W/CVR,"1-1/2""",,,,,,,EA,"[""1-1/2\"" threaded aluminum c conduit body with cover and gasket"", ""1-1/2 threaded aluminum c body w/cvr"", ""fittings"", ""conduit bodies"", ""condulet"", ""conduit body"", ""c 1-1/2""]",true
c822ba3a-66a3-5b65-9a39-732e48b4c4f1,Fittings,Conduit Bodies,"1-1/2"" Threaded Aluminum LB Conduit Body With Cover and Gasket",1-1/2 THREADED ALUMINUM LB BODY W/CVR,"1-1/2""",,,,,,,EA,"[""1-1/2\"" threaded aluminum lb conduit body with cover and gasket"", ""1-1/2 threaded aluminum lb body w/cvr"", ""fittings"", ""conduit bodies"", ""condulet"", ""conduit body"", ""lb 1-1/2""]",true
7354eaf2-495a-564f-b1c0-1310ae20c23e,Fittings,Conduit Bodies,"1-1/2"" Threaded Aluminum LL Conduit Body With Cover and Gasket",1-1/2 THREADED ALUMINUM LL BODY W/CVR,"1-1/2""",,,,,,,EA,"[""1-1/2\"" threaded aluminum ll conduit body with cover and gasket"", ""1-1/2 threaded aluminum ll body w/cvr"", ""fittings"", ""conduit bodies"", ""condulet"", ""conduit body"", ""ll 1-1/2""]",true
8bce81ad-2d97-510a-82b0-57f60be91bbc,Fittings,Conduit Bodies,"1-1/2"" Threaded Aluminum LR Conduit Body With Cover and Gasket",1-1/2 THREADED ALUMINUM LR BODY W/CVR,"1-1/2""",,,,,,,EA,"[""1-1/2\"" threaded aluminum lr conduit body with cover and gasket"", ""1-1/2 threaded aluminum lr body w/cvr"", ""fittings"", ""conduit bodies"", ""condulet"", ""conduit body"", ""lr 1-1/2""]",true
a14fea9c-c28b-5112-876d-3f8e8b10e427,Fittings,Conduit Bodies,"1-1/2"" Threaded Aluminum T Conduit Body With Cover and Gasket",1-1/2 THREADED ALUMINUM T BODY W/CVR,"1-1/2""",,,,,,,EA,"[""1-1/2\"" threaded aluminum t conduit body with cover and gasket"", ""1-1/2 threaded aluminum t body w/cvr"", ""fittings"", ""conduit bodies"", ""condulet"", ""conduit body"", ""t 1-1/2""]",true
021f28e7-2e70-5d49-bb41-c330cae28959,Fittings,Conduit Bodies,"1-1/4"" EMT Set Screw C Conduit Body With Cover and Gasket",1-1/4 EMT SS C BODY W/CVR,"1-1/4""",,,,,,,EA,"[""1-1/4\"" emt set screw c conduit body with cover and gasket"", ""1-1/4 emt ss c body w/cvr"", ""fittings"", ""conduit bodies"", ""condulet"", ""conduit body""]",true
ef4e397b-4e55-500c-97aa-e5ec12c8d9c9,Fittings,Conduit Bodies,"1-1/4"" EMT Set Screw LB Conduit Body With Cover and Gasket",1-1/4 EMT SS LB BODY W/CVR,"1-1/4""",,,,,,,EA,"[""1-1/4\"" emt set screw lb conduit body with cover and gasket"", ""1-1/4 emt ss lb body w/cvr"", ""fittings"", ""conduit bodies"", ""condulet"", ""conduit body""]",true
8db30dc8-25ca-5829-80f6-a488f149755d,Fittings,Conduit Bodies,"1-1/4"" EMT Set Screw T Conduit Body With Cover and Gasket",1-1/4 EMT SS T BODY W/CVR,"1-1/4""",,,,,,,EA,"[""1-1/4\"" emt set screw t conduit body with cover and gasket"", ""1-1/4 emt ss t body w/cvr"", ""fittings"", ""conduit bodies"", ""condulet"", ""conduit body""]",true
db5bad58-edc5-5006-88fa-22ad2b11f212,Fittings,Conduit Bodies,"1-1/4"" PVC C Conduit Body With Cover and Gasket",1-1/4 PVC C BODY W/CVR,"1-1/4""",,,,,,,EA,"[""1-1/4\"" pvc c conduit body with cover and gasket"", ""1-1/4 pvc c body w/cvr"", ""fittings"", ""conduit bodies"", ""condulet"", ""conduit body"", ""c 1-1/4""]",true
44419d2d-0be7-59a8-8192-f948b1f87069,Fittings,Conduit Bodies,"1-1/4"" PVC LB Conduit Body With Cover and Gasket",1-1/4 PVC LB BODY W/CVR,"1-1/4""",,,,,,,EA,"[""1-1/4\"" pvc lb conduit body with cover and gasket"", ""1-1/4 pvc lb body w/cvr"", ""fittings"", ""conduit bodies"", ""condulet"", ""conduit body"", ""lb 1-1/4""]",true
9531c10d-d645-5ada-90a5-8faa04ab58b1,Fittings,Conduit Bodies,"1-1/4"" PVC LL Conduit Body With Cover and Gasket",1-1/4 PVC LL BODY W/CVR,"1-1/4""",,,,,,,EA,"[""1-1/4\"" pvc ll conduit body with cover and gasket"", ""1-1/4 pvc ll body w/cvr"", ""fittings"", ""conduit bodies"", ""condulet"", ""conduit body"", ""ll 1-1/4""]",true
b5f947cb-f471-52f0-8d5a-ce698c7d5f3a,Fittings,Conduit Bodies,"1-1/4"" PVC LR Conduit Body With Cover and Gasket",1-1/4 PVC LR BODY W/CVR,"1-1/4""",,,,,,,EA,"[""1-1/4\"" pvc lr conduit body with cover and gasket"", ""1-1/4 pvc lr body w/cvr"", ""fittings"", ""conduit bodies"", ""condulet"", ""conduit body"", ""lr 1-1/4""]",true
09e069a0-f9f8-5dd8-aae2-865cbba2ebe2,Fittings,Conduit Bodies,"1-1/4"" PVC T Conduit Body With Cover and Gasket",1-1/4 PVC T BODY W/CVR,"1-1/4""",,,,,,,EA,"[""1-1/4\"" pvc t conduit body with cover and gasket"", ""1-1/4 pvc t body w/cvr"", ""fittings"", ""conduit bodies"", ""condulet"", ""conduit body"", ""t 1-1/4""]",true
d512d117-298f-58e6-a314-d5932a1e2890,Fittings,Conduit Bodies,"1-1/4"" Threaded Aluminum C Conduit Body With Cover and Gasket",1-1/4 THREADED ALUMINUM C BODY W/CVR,"1-1/4""",,,,,,,EA,"[""1-1/4\"" threaded aluminum c conduit body with cover and gasket"", ""1-1/4 threaded aluminum c body w/cvr"", ""fittings"", ""conduit bodies"", ""condulet"", ""conduit body"", ""c 1-1/4""]",true
84e0e828-75a6-557a-91b1-5558f70321b2,Fittings,Conduit Bodies,"1-1/4"" Threaded Aluminum LB Conduit Body With Cover and Gasket",1-1/4 THREADED ALUMINUM LB BODY W/CVR,"1-1/4""",,,,,,,EA,"[""1-1/4\"" threaded aluminum lb conduit body with cover and gasket"", ""1-1/4 threaded aluminum lb body w/cvr"", ""fittings"", ""conduit bodies"", ""condulet"", ""conduit body"", ""lb 1-1/4""]",true
72be6678-f9ba-5479-aa3b-c3ff9edcf3e5,Fittings,Conduit Bodies,"1-1/4"" Threaded Aluminum LL Conduit Body With Cover and Gasket",1-1/4 THREADED ALUMINUM LL BODY W/CVR,"1-1/4""",,,,,,,EA,"[""1-1/4\"" threaded aluminum ll conduit body with cover and gasket"", ""1-1/4 threaded aluminum ll body w/cvr"", ""fittings"", ""conduit bodies"", ""condulet"", ""conduit body"", ""ll 1-1/4""]",true
4c08eab6-86b8-559c-bc08-65de7d9e4d12,Fittings,Conduit Bodies,"1-1/4"" Threaded Aluminum LR Conduit Body With Cover and Gasket",1-1/4 THREADED ALUMINUM LR BODY W/CVR,"1-1/4""",,,,,,,EA,"[""1-1/4\"" threaded aluminum lr conduit body with cover and gasket"", ""1-1/4 threaded aluminum lr body w/cvr"", ""fittings"", ""conduit bodies"", ""condulet"", ""conduit body"", ""lr 1-1/4""]",true
6b889999-11bd-59b0-9ba5-7958da4798f8,Fittings,Conduit Bodies,"1-1/4"" Threaded Aluminum T Conduit Body With Cover and Gasket",1-1/4 THREADED ALUMINUM T BODY W/CVR,"1-1/4""",,,,,,,EA,"[""1-1/4\"" threaded aluminum t conduit body with cover and gasket"", ""1-1/4 threaded aluminum t body w/cvr"", ""fittings"", ""conduit bodies"", ""condulet"", ""conduit body"", ""t 1-1/4""]",true
b56c22cd-944a-5d4c-abd4-25304a7536ff,Fittings,Conduit Bodies,"1/2"" EMT Set Screw C Conduit Body With Cover and Gasket",1/2 EMT SS C BODY W/CVR,"1/2""",,,,,,,EA,"[""1/2\"" emt set screw c conduit body with cover and gasket"", ""1/2 emt ss c body w/cvr"", ""fittings"", ""conduit bodies"", ""condulet"", ""conduit body""]",true
060421c3-bd12-5189-9f87-fd95c4046785,Fittings,Conduit Bodies,"1/2"" EMT Set Screw LB Conduit Body With Cover and Gasket",1/2 EMT SS LB BODY W/CVR,"1/2""",,,,,,,EA,"[""1/2\"" emt set screw lb conduit body with cover and gasket"", ""1/2 emt ss lb body w/cvr"", ""fittings"", ""conduit bodies"", ""condulet"", ""conduit body""]",true
ae466348-2909-5147-84d5-4a5eb29ca930,Fittings,Conduit Bodies,"1/2"" EMT Set Screw T Conduit Body With Cover and Gasket",1/2 EMT SS T BODY W/CVR,"1/2""",,,,,,,EA,"[""1/2\"" emt set screw t conduit body with cover and gasket"", ""1/2 emt ss t body w/cvr"", ""fittings"", ""conduit bodies"", ""condulet"", ""conduit body""]",true
d86ed9dc-adb3-50c1-a756-31edb1bfc3f7,Fittings,Conduit Bodies,"1/2"" PVC C Conduit Body With Cover and Gasket",1/2 PVC C BODY W/CVR,"1/2""",,,,,,,EA,"[""1/2\"" pvc c conduit body with cover and gasket"", ""1/2 pvc c body w/cvr"", ""fittings"", ""conduit bodies"", ""condulet"", ""conduit body"", ""c 1/2""]",true
a805f643-83f0-5007-a7b6-1d4d4139a03b,Fittings,Conduit Bodies,"1/2"" PVC LB Conduit Body With Cover and Gasket",1/2 PVC LB BODY W/CVR,"1/2""",,,,,,,EA,"[""1/2\"" pvc lb conduit body with cover and gasket"", ""1/2 pvc lb body w/cvr"", ""fittings"", ""conduit bodies"", ""condulet"", ""conduit body"", ""lb 1/2""]",true
978dc950-5870-5464-a3d8-5c69b5ba3898,Fittings,Conduit Bodies,"1/2"" PVC LL Conduit Body With Cover and Gasket",1/2 PVC LL BODY W/CVR,"1/2""",,,,,,,EA,"[""1/2\"" pvc ll conduit body with cover and gasket"", ""1/2 pvc ll body w/cvr"", ""fittings"", ""conduit bodies"", ""condulet"", ""conduit body"", ""ll 1/2""]",true
1971f4de-df53-5d98-890d-d89ad5a37bb3,Fittings,Conduit Bodies,"1/2"" PVC LR Conduit Body With Cover and Gasket",1/2 PVC LR BODY W/CVR,"1/2""",,,,,,,EA,"[""1/2\"" pvc lr conduit body with cover and gasket"", ""1/2 pvc lr body w/cvr"", ""fittings"", ""conduit bodies"", ""condulet"", ""conduit body"", ""lr 1/2""]",true
aed2ffc4-fbf3-57d2-8cf5-cfcaf4566f66,Fittings,Conduit Bodies,"1/2"" PVC T Conduit Body With Cover and Gasket",1/2 PVC T BODY W/CVR,"1/2""",,,,,,,EA,"[""1/2\"" pvc t conduit body with cover and gasket"", ""1/2 pvc t body w/cvr"", ""fittings"", ""conduit bodies"", ""condulet"", ""conduit body"", ""t 1/2""]",true
233ecb88-b7f0-5f0b-967b-c4c7b776bcf8,Fittings,Conduit Bodies,"1/2"" Threaded Aluminum C Conduit Body With Cover and Gasket",1/2 THREADED ALUMINUM C BODY W/CVR,"1/2""",,,,,,,EA,"[""1/2\"" threaded aluminum c conduit body with cover and gasket"", ""1/2 threaded aluminum c body w/cvr"", ""fittings"", ""conduit bodies"", ""condulet"", ""conduit body"", ""c 1/2""]",true
8aa7d3be-2739-5585-964d-fbfa40289c7d,Fittings,Conduit Bodies,"1/2"" Threaded Aluminum LB Conduit Body With Cover and Gasket",1/2 THREADED ALUMINUM LB BODY W/CVR,"1/2""",,,,,,,EA,"[""1/2\"" threaded aluminum lb conduit body with cover and gasket"", ""1/2 threaded aluminum lb body w/cvr"", ""fittings"", ""conduit bodies"", ""condulet"", ""conduit body"", ""lb 1/2""]",true
c5972e95-6287-57c3-9c3d-4e7ddd9c39a3,Fittings,Conduit Bodies,"1/2"" Threaded Aluminum LL Conduit Body With Cover and Gasket",1/2 THREADED ALUMINUM LL BODY W/CVR,"1/2""",,,,,,,EA,"[""1/2\"" threaded aluminum ll conduit body with cover and gasket"", ""1/2 threaded aluminum ll body w/cvr"", ""fittings"", ""conduit bodies"", ""condulet"", ""conduit body"", ""ll 1/2""]",true
a99d44e5-02f6-5690-9428-cff6b4500229,Fittings,Conduit Bodies,"1/2"" Threaded Aluminum LR Conduit Body With Cover and Gasket",1/2 THREADED ALUMINUM LR BODY W/CVR,"1/2""",,,,,,,EA,"[""1/2\"" threaded aluminum lr conduit body with cover and gasket"", ""1/2 threaded aluminum lr body w/cvr"", ""fittings"", ""conduit bodies"", ""condulet"", ""conduit body"", ""lr 1/2""]",true
e5f78071-db8d-58d7-b67f-8ef6a566c959,Fittings,Conduit Bodies,"1/2"" Threaded Aluminum T Conduit Body With Cover and Gasket",1/2 THREADED ALUMINUM T BODY W/CVR,"1/2""",,,,,,,EA,"[""1/2\"" threaded aluminum t conduit body with cover and gasket"", ""1/2 threaded aluminum t body w/cvr"", ""fittings"", ""conduit bodies"", ""condulet"", ""conduit body"", ""t 1/2""]",true
03fd7092-3181-50b7-92cd-57d1b87f13a0,Fittings,Conduit Bodies,"2"" EMT Set Screw C Conduit Body With Cover and Gasket",2 EMT SS C BODY W/CVR,"2""",,,,,,,EA,"[""2\"" emt set screw c conduit body with cover and gasket"", ""2 emt ss c body w/cvr"", ""fittings"", ""conduit bodies"", ""condulet"", ""conduit body""]",true
8ad8e3a7-c34d-539f-a216-b382621b6158,Fittings,Conduit Bodies,"2"" EMT Set Screw LB Conduit Body With Cover and Gasket",2 EMT SS LB BODY W/CVR,"2""",,,,,,,EA,"[""2\"" emt set screw lb conduit body with cover and gasket"", ""2 emt ss lb body w/cvr"", ""fittings"", ""conduit bodies"", ""condulet"", ""conduit body""]",true
43ccb6e9-9d98-5bea-bd82-218c8cee371d,Fittings,Conduit Bodies,"2"" EMT Set Screw T Conduit Body With Cover and Gasket",2 EMT SS T BODY W/CVR,"2""",,,,,,,EA,"[""2\"" emt set screw t conduit body with cover and gasket"", ""2 emt ss t body w/cvr"", ""fittings"", ""conduit bodies"", ""condulet"", ""conduit body""]",true
cbab9aae-9c5d-5b59-903a-ac29db7abbf3,Fittings,Conduit Bodies,"2"" PVC C Conduit Body With Cover and Gasket",2 PVC C BODY W/CVR,"2""",,,,,,,EA,"[""2\"" pvc c conduit body with cover and gasket"", ""2 pvc c body w/cvr"", ""fittings"", ""conduit bodies"", ""condulet"", ""conduit body"", ""c 2""]",true
a0014c8a-cf10-591e-a6f3-1c6893208b84,Fittings,Conduit Bodies,"2"" PVC LB Conduit Body With Cover and Gasket",2 PVC LB BODY W/CVR,"2""",,,,,,,EA,"[""2\"" pvc lb conduit body with cover and gasket"", ""2 pvc lb body w/cvr"", ""fittings"", ""conduit bodies"", ""condulet"", ""conduit body"", ""lb 2""]",true
d28c09c1-6049-5a98-90c4-4fe64e7c9b9d,Fittings,Conduit Bodies,"2"" PVC LL Conduit Body With Cover and Gasket",2 PVC LL BODY W/CVR,"2""",,,,,,,EA,"[""2\"" pvc ll conduit body with cover and gasket"", ""2 pvc ll body w/cvr"", ""fittings"", ""conduit bodies"", ""condulet"", ""conduit body"", ""ll 2""]",true
401b8660-a194-5ece-9cde-680ae48097a3,Fittings,Conduit Bodies,"2"" PVC LR Conduit Body With Cover and Gasket",2 PVC LR BODY W/CVR,"2""",,,,,,,EA,"[""2\"" pvc lr conduit body with cover and gasket"", ""2 pvc lr body w/cvr"", ""fittings"", ""conduit bodies"", ""condulet"", ""conduit body"", ""lr 2""]",true
fc0120c8-49fc-5e9e-be26-85e7e42e557b,Fittings,Conduit Bodies,"2"" PVC T Conduit Body With Cover and Gasket",2 PVC T BODY W/CVR,"2""",,,,,,,EA,"[""2\"" pvc t conduit body with cover and gasket"", ""2 pvc t body w/cvr"", ""fittings"", ""conduit bodies"", ""condulet"", ""conduit body"", ""t 2""]",true
9a9b2391-7a36-52a2-80a1-6562c9926fce,Fittings,Conduit Bodies,"2"" Threaded Aluminum C Conduit Body With Cover and Gasket",2 THREADED ALUMINUM C BODY W/CVR,"2""",,,,,,,EA,"[""2\"" threaded aluminum c conduit body with cover and gasket"", ""2 threaded aluminum c body w/cvr"", ""fittings"", ""conduit bodies"", ""condulet"", ""conduit body"", ""c 2""]",true
678d6e86-9492-57e9-b345-c9048017a2ca,Fittings,Conduit Bodies,"2"" Threaded Aluminum LB Conduit Body With Cover and Gasket",2 THREADED ALUMINUM LB BODY W/CVR,"2""",,,,,,,EA,"[""2\"" threaded aluminum lb conduit body with cover and gasket"", ""2 threaded aluminum lb body w/cvr"", ""fittings"", ""conduit bodies"", ""condulet"", ""conduit body"", ""lb 2""]",true
acbe6c58-73d9-5f3d-85d7-a746aab3613a,Fittings,Conduit Bodies,"2"" Threaded Aluminum LL Conduit Body With Cover and Gasket",2 THREADED ALUMINUM LL BODY W/CVR,"2""",,,,,,,EA,"[""2\"" threaded aluminum ll conduit body with cover and gasket"", ""2 threaded aluminum ll body w/cvr"", ""fittings"", ""conduit bodies"", ""condulet"", ""conduit body"", ""ll 2""]",true
298a55be-0cee-5806-bb4a-39125a47c923,Fittings,Conduit Bodies,"2"" Threaded Aluminum LR Conduit Body With Cover and Gasket",2 THREADED ALUMINUM LR BODY W/CVR,"2""",,,,,,,EA,"[""2\"" threaded aluminum lr conduit body with cover and gasket"", ""2 threaded aluminum lr body w/cvr"", ""fittings"", ""conduit bodies"", ""condulet"", ""conduit body"", ""lr 2""]",true
29e711ee-9c1c-5633-84fe-5e92dc364f53,Fittings,Conduit Bodies,"2"" Threaded Aluminum T Conduit Body With Cover and Gasket",2 THREADED ALUMINUM T BODY W/CVR,"2""",,,,,,,EA,"[""2\"" threaded aluminum t conduit body with cover and gasket"", ""2 threaded aluminum t body w/cvr"", ""fittings"", ""conduit bodies"", ""condulet"", ""conduit body"", ""t 2""]",true
80b33878-c51a-506e-b6d4-32449105ac5b,Fittings,Conduit Bodies,"2-1/2"" EMT Set Screw C Conduit Body With Cover and Gasket",2-1/2 EMT SS C BODY W/CVR,"2-1/2""",,,,,,,EA,"[""2-1/2\"" emt set screw c conduit body with cover and gasket"", ""2-1/2 emt ss c body w/cvr"", ""fittings"", ""conduit bodies"", ""condulet"", ""conduit body""]",true
d225ec1e-d829-5d0c-9a73-103eb8985449,Fittings,Conduit Bodies,"2-1/2"" EMT Set Screw LB Conduit Body With Cover and Gasket",2-1/2 EMT SS LB BODY W/CVR,"2-1/2""",,,,,,,EA,"[""2-1/2\"" emt set screw lb conduit body with cover and gasket"", ""2-1/2 emt ss lb body w/cvr"", ""fittings"", ""conduit bodies"", ""condulet"", ""conduit body""]",true
98bd20d1-8ffe-5062-957b-cdd63d424169,Fittings,Conduit Bodies,"2-1/2"" EMT Set Screw T Conduit Body With Cover and Gasket",2-1/2 EMT SS T BODY W/CVR,"2-1/2""",,,,,,,EA,"[""2-1/2\"" emt set screw t conduit body with cover and gasket"", ""2-1/2 emt ss t body w/cvr"", ""fittings"", ""conduit bodies"", ""condulet"", ""conduit body""]",true
90081740-19ef-5d79-a7b8-d0d0f69f66e8,Fittings,Conduit Bodies,"2-1/2"" PVC C Conduit Body With Cover and Gasket",2-1/2 PVC C BODY W/CVR,"2-1/2""",,,,,,,EA,"[""2-1/2\"" pvc c conduit body with cover and gasket"", ""2-1/2 pvc c body w/cvr"", ""fittings"", ""conduit bodies"", ""condulet"", ""conduit body"", ""c 2-1/2""]",true
7dd632e1-c84a-549c-aec9-7315cfd3b58c,Fittings,Conduit Bodies,"2-1/2"" PVC LB Conduit Body With Cover and Gasket",2-1/2 PVC LB BODY W/CVR,"2-1/2""",,,,,,,EA,"[""2-1/2\"" pvc lb conduit body with cover and gasket"", ""2-1/2 pvc lb body w/cvr"", ""fittings"", ""conduit bodies"", ""condulet"", ""conduit body"", ""lb 2-1/2""]",true
174e22cf-fb94-55e6-a99b-ba5a0d4ce2e3,Fittings,Conduit Bodies,"2-1/2"" PVC LL Conduit Body With Cover and Gasket",2-1/2 PVC LL BODY W/CVR,"2-1/2""",,,,,,,EA,"[""2-1/2\"" pvc ll conduit body with cover and gasket"", ""2-1/2 pvc ll body w/cvr"", ""fittings"", ""conduit bodies"", ""condulet"", ""conduit body"", ""ll 2-1/2""]",true
56081a26-d3ea-5f9c-85c9-fcf493869a06,Fittings,Conduit Bodies,"2-1/2"" PVC LR Conduit Body With Cover and Gasket",2-1/2 PVC LR BODY W/CVR,"2-1/2""",,,,,,,EA,"[""2-1/2\"" pvc lr conduit body with cover and gasket"", ""2-1/2 pvc lr body w/cvr"", ""fittings"", ""conduit bodies"", ""condulet"", ""conduit body"", ""lr 2-1/2""]",true
93fd4d54-090b-5022-ba18-909cb6423359,Fittings,Conduit Bodies,"2-1/2"" PVC T Conduit Body With Cover and Gasket",2-1/2 PVC T BODY W/CVR,"2-1/2""",,,,,,,EA,"[""2-1/2\"" pvc t conduit body with cover and gasket"", ""2-1/2 pvc t body w/cvr"", ""fittings"", ""conduit bodies"", ""condulet"", ""conduit body"", ""t 2-1/2""]",true
db362e66-836c-5580-a8b8-5802e9091d39,Fittings,Conduit Bodies,"2-1/2"" Threaded Aluminum C Conduit Body With Cover and Gasket",2-1/2 THREADED ALUMINUM C BODY W/CVR,"2-1/2""",,,,,,,EA,"[""2-1/2\"" threaded aluminum c conduit body with cover and gasket"", ""2-1/2 threaded aluminum c body w/cvr"", ""fittings"", ""conduit bodies"", ""condulet"", ""conduit body"", ""c 2-1/2""]",true
f0a0e65c-c57e-5c3e-9996-0e574d293786,Fittings,Conduit Bodies,"2-1/2"" Threaded Aluminum LB Conduit Body With Cover and Gasket",2-1/2 THREADED ALUMINUM LB BODY W/CVR,"2-1/2""",,,,,,,EA,"[""2-1/2\"" threaded aluminum lb conduit body with cover and gasket"", ""2-1/2 threaded aluminum lb body w/cvr"", ""fittings"", ""conduit bodies"", ""condulet"", ""conduit body"", ""lb 2-1/2""]",true
a6e0c0df-77bf-5c85-9d02-390ca2a690f7,Fittings,Conduit Bodies,"2-1/2"" Threaded Aluminum LL Conduit Body With Cover and Gasket",2-1/2 THREADED ALUMINUM LL BODY W/CVR,"2-1/2""",,,,,,,EA,"[""2-1/2\"" threaded aluminum ll conduit body with cover and gasket"", ""2-1/2 threaded aluminum ll body w/cvr"", ""fittings"", ""conduit bodies"", ""condulet"", ""conduit body"", ""ll 2-1/2""]",true
cf2e3fd0-af06-5db5-8e6e-4b4efab8fbd2,Fittings,Conduit Bodies,"2-1/2"" Threaded Aluminum LR Conduit Body With Cover and Gasket",2-1/2 THREADED ALUMINUM LR BODY W/CVR,"2-1/2""",,,,,,,EA,"[""2-1/2\"" threaded aluminum lr conduit body with cover and gasket"", ""2-1/2 threaded aluminum lr body w/cvr"", ""fittings"", ""conduit bodies"", ""condulet"", ""conduit body"", ""lr 2-1/2""]",true
92620076-da08-52a2-bf5c-0a0b59a3e661,Fittings,Conduit Bodies,"2-1/2"" Threaded Aluminum T Conduit Body With Cover and Gasket",2-1/2 THREADED ALUMINUM T BODY W/CVR,"2-1/2""",,,,,,,EA,"[""2-1/2\"" threaded aluminum t conduit body with cover and gasket"", ""2-1/2 threaded aluminum t body w/cvr"", ""fittings"", ""conduit bodies"", ""condulet"", ""conduit body"", ""t 2-1/2""]",true
8a7a8574-99a4-59e8-b72f-a5e874386710,Fittings,Conduit Bodies,"3"" EMT Set Screw C Conduit Body With Cover and Gasket",3 EMT SS C BODY W/CVR,"3""",,,,,,,EA,"[""3\"" emt set screw c conduit body with cover and gasket"", ""3 emt ss c body w/cvr"", ""fittings"", ""conduit bodies"", ""condulet"", ""conduit body""]",true
3633a71b-f00c-5766-a355-0c600100e5a6,Fittings,Conduit Bodies,"3"" EMT Set Screw LB Conduit Body With Cover and Gasket",3 EMT SS LB BODY W/CVR,"3""",,,,,,,EA,"[""3\"" emt set screw lb conduit body with cover and gasket"", ""3 emt ss lb body w/cvr"", ""fittings"", ""conduit bodies"", ""condulet"", ""conduit body""]",true
89db45b5-53ab-5169-b8a3-ded8b1b58ffa,Fittings,Conduit Bodies,"3"" EMT Set Screw T Conduit Body With Cover and Gasket",3 EMT SS T BODY W/CVR,"3""",,,,,,,EA,"[""3\"" emt set screw t conduit body with cover and gasket"", ""3 emt ss t body w/cvr"", ""fittings"", ""conduit bodies"", ""condulet"", ""conduit body""]",true
5d13dbb5-c374-5981-ae01-81700f138d9e,Fittings,Conduit Bodies,"3"" PVC C Conduit Body With Cover and Gasket",3 PVC C BODY W/CVR,"3""",,,,,,,EA,"[""3\"" pvc c conduit body with cover and gasket"", ""3 pvc c body w/cvr"", ""fittings"", ""conduit bodies"", ""condulet"", ""conduit body"", ""c 3""]",true
992b2e94-45e2-55ed-b19d-721dad86b068,Fittings,Conduit Bodies,"3"" PVC LB Conduit Body With Cover and Gasket",3 PVC LB BODY W/CVR,"3""",,,,,,,EA,"[""3\"" pvc lb conduit body with cover and gasket"", ""3 pvc lb body w/cvr"", ""fittings"", ""conduit bodies"", ""condulet"", ""conduit body"", ""lb 3""]",true
19c65990-f72d-5fb9-af15-69c8c246609a,Fittings,Conduit Bodies,"3"" PVC LL Conduit Body With Cover and Gasket",3 PVC LL BODY W/CVR,"3""",,,,,,,EA,"[""3\"" pvc ll conduit body with cover and gasket"", ""3 pvc ll body w/cvr"", ""fittings"", ""conduit bodies"", ""condulet"", ""conduit body"", ""ll 3""]",true
41bff4ca-5a0e-5abf-b67a-0c1d42f0dfba,Fittings,Conduit Bodies,"3"" PVC LR Conduit Body With Cover and Gasket",3 PVC LR BODY W/CVR,"3""",,,,,,,EA,"[""3\"" pvc lr conduit body with cover and gasket"", ""3 pvc lr body w/cvr"", ""fittings"", ""conduit bodies"", ""condulet"", ""conduit body"", ""lr 3""]",true
e6ed995d-49ea-5775-8428-447a230df889,Fittings,Conduit Bodies,"3"" PVC T Conduit Body With Cover and Gasket",3 PVC T BODY W/CVR,"3""",,,,,,,EA,"[""3\"" pvc t conduit body with cover and gasket"", ""3 pvc t body w/cvr"", ""fittings"", ""conduit bodies"", ""condulet"", ""conduit body"", ""t 3""]",true
8b49b389-1961-53f9-aa2a-dc69fd1cb8d1,Fittings,Conduit Bodies,"3"" Threaded Aluminum C Conduit Body With Cover and Gasket",3 THREADED ALUMINUM C BODY W/CVR,"3""",,,,,,,EA,"[""3\"" threaded aluminum c conduit body with cover and gasket"", ""3 threaded aluminum c body w/cvr"", ""fittings"", ""conduit bodies"", ""condulet"", ""conduit body"", ""c 3""]",true
5614e9c7-288d-51fb-94cc-532ba40c0087,Fittings,Conduit Bodies,"3"" Threaded Aluminum LB Conduit Body With Cover and Gasket",3 THREADED ALUMINUM LB BODY W/CVR,"3""",,,,,,,EA,"[""3\"" threaded aluminum lb conduit body with cover and gasket"", ""3 threaded aluminum lb body w/cvr"", ""fittings"", ""conduit bodies"", ""condulet"", ""conduit body"", ""lb 3""]",true
133adf16-6de8-59e2-b0e1-8cdd7107d203,Fittings,Conduit Bodies,"3"" Threaded Aluminum LL Conduit Body With Cover and Gasket",3 THREADED ALUMINUM LL BODY W/CVR,"3""",,,,,,,EA,"[""3\"" threaded aluminum ll conduit body with cover and gasket"", ""3 threaded aluminum ll body w/cvr"", ""fittings"", ""conduit bodies"", ""condulet"", ""conduit body"", ""ll 3""]",true
5d93801e-98ff-54d3-ac50-afc6a9f26f4d,Fittings,Conduit Bodies,"3"" Threaded Aluminum LR Conduit Body With Cover and Gasket",3 THREADED ALUMINUM LR BODY W/CVR,"3""",,,,,,,EA,"[""3\"" threaded aluminum lr conduit body with cover and gasket"", ""3 threaded aluminum lr body w/cvr"", ""fittings"", ""conduit bodies"", ""condulet"", ""conduit body"", ""lr 3""]",true
ebe02ed7-ca61-536e-8979-28c76740bb0b,Fittings,Conduit Bodies,"3"" Threaded Aluminum T Conduit Body With Cover and Gasket",3 THREADED ALUMINUM T BODY W/CVR,"3""",,,,,,,EA,"[""3\"" threaded aluminum t conduit body with cover and gasket"", ""3 threaded aluminum t body w/cvr"", ""fittings"", ""conduit bodies"", ""condulet"", ""conduit body"", ""t 3""]",true
477926a2-9f5a-5810-a097-0e35576fbd0f,Fittings,Conduit Bodies,"3-1/2"" EMT Set Screw C Conduit Body With Cover and Gasket",3-1/2 EMT SS C BODY W/CVR,"3-1/2""",,,,,,,EA,"[""3-1/2\"" emt set screw c conduit body with cover and gasket"", ""3-1/2 emt ss c body w/cvr"", ""fittings"", ""conduit bodies"", ""condulet"", ""conduit body""]",true
4348d0cc-59c0-57b7-8ab1-e13ce73242cf,Fittings,Conduit Bodies,"3-1/2"" EMT Set Screw LB Conduit Body With Cover and Gasket",3-1/2 EMT SS LB BODY W/CVR,"3-1/2""",,,,,,,EA,"[""3-1/2\"" emt set screw lb conduit body with cover and gasket"", ""3-1/2 emt ss lb body w/cvr"", ""fittings"", ""conduit bodies"", ""condulet"", ""conduit body""]",true
f6ad4fec-dc93-5731-b549-ffcd2496163e,Fittings,Conduit Bodies,"3-1/2"" EMT Set Screw T Conduit Body With Cover and Gasket",3-1/2 EMT SS T BODY W/CVR,"3-1/2""",,,,,,,EA,"[""3-1/2\"" emt set screw t conduit body with cover and gasket"", ""3-1/2 emt ss t body w/cvr"", ""fittings"", ""conduit bodies"", ""condulet"", ""conduit body""]",true
6bccfb68-596c-54d9-bf4b-11850e4829ac,Fittings,Conduit Bodies,"3-1/2"" PVC C Conduit Body With Cover and Gasket",3-1/2 PVC C BODY W/CVR,"3-1/2""",,,,,,,EA,"[""3-1/2\"" pvc c conduit body with cover and gasket"", ""3-1/2 pvc c body w/cvr"", ""fittings"", ""conduit bodies"", ""condulet"", ""conduit body"", ""c 3-1/2""]",true
f43ad00f-71bf-57e0-b901-561927cf097f,Fittings,Conduit Bodies,"3-1/2"" PVC LB Conduit Body With Cover and Gasket",3-1/2 PVC LB BODY W/CVR,"3-1/2""",,,,,,,EA,"[""3-1/2\"" pvc lb conduit body with cover and gasket"", ""3-1/2 pvc lb body w/cvr"", ""fittings"", ""conduit bodies"", ""condulet"", ""conduit body"", ""lb 3-1/2""]",true
76dadfe6-0d78-5382-99c4-e240db3a8785,Fittings,Conduit Bodies,"3-1/2"" PVC LL Conduit Body With Cover and Gasket",3-1/2 PVC LL BODY W/CVR,"3-1/2""",,,,,,,EA,"[""3-1/2\"" pvc ll conduit body with cover and gasket"", ""3-1/2 pvc ll body w/cvr"", ""fittings"", ""conduit bodies"", ""condulet"", ""conduit body"", ""ll 3-1/2""]",true
7f121225-418c-597d-a1e0-a8a872d82f01,Fittings,Conduit Bodies,"3-1/2"" PVC LR Conduit Body With Cover and Gasket",3-1/2 PVC LR BODY W/CVR,"3-1/2""",,,,,,,EA,"[""3-1/2\"" pvc lr conduit body with cover and gasket"", ""3-1/2 pvc lr body w/cvr"", ""fittings"", ""conduit bodies"", ""condulet"", ""conduit body"", ""lr 3-1/2""]",true
5c205df5-53de-58ef-87ad-b0c9697c7341,Fittings,Conduit Bodies,"3-1/2"" PVC T Conduit Body With Cover and Gasket",3-1/2 PVC T BODY W/CVR,"3-1/2""",,,,,,,EA,"[""3-1/2\"" pvc t conduit body with cover and gasket"", ""3-1/2 pvc t body w/cvr"", ""fittings"", ""conduit bodies"", ""condulet"", ""conduit body"", ""t 3-1/2""]",true
a0191535-e765-5d41-a44a-ce2a1e6c84d3,Fittings,Conduit Bodies,"3-1/2"" Threaded Aluminum C Conduit Body With Cover and Gasket",3-1/2 THREADED ALUMINUM C BODY W/CVR,"3-1/2""",,,,,,,EA,"[""3-1/2\"" threaded aluminum c conduit body with cover and gasket"", ""3-1/2 threaded aluminum c body w/cvr"", ""fittings"", ""conduit bodies"", ""condulet"", ""conduit body"", ""c 3-1/2""]",true
ada0f35a-848d-57e3-b4a3-51fdebb030b9,Fittings,Conduit Bodies,"3-1/2"" Threaded Aluminum LB Conduit Body With Cover and Gasket",3-1/2 THREADED ALUMINUM LB BODY W/CVR,"3-1/2""",,,,,,,EA,"[""3-1/2\"" threaded aluminum lb conduit body with cover and gasket"", ""3-1/2 threaded aluminum lb body w/cvr"", ""fittings"", ""conduit bodies"", ""condulet"", ""conduit body"", ""lb 3-1/2""]",true
1e112b11-719f-5cc9-885c-b4d642f0d571,Fittings,Conduit Bodies,"3-1/2"" Threaded Aluminum LL Conduit Body With Cover and Gasket",3-1/2 THREADED ALUMINUM LL BODY W/CVR,"3-1/2""",,,,,,,EA,"[""3-1/2\"" threaded aluminum ll conduit body with cover and gasket"", ""3-1/2 threaded aluminum ll body w/cvr"", ""fittings"", ""conduit bodies"", ""condulet"", ""conduit body"", ""ll 3-1/2""]",true
e54e5c8b-e452-5db3-b376-357696ceba7c,Fittings,Conduit Bodies,"3-1/2"" Threaded Aluminum LR Conduit Body With Cover and Gasket",3-1/2 THREADED ALUMINUM LR BODY W/CVR,"3-1/2""",,,,,,,EA,"[""3-1/2\"" threaded aluminum lr conduit body with cover and gasket"", ""3-1/2 threaded aluminum lr body w/cvr"", ""fittings"", ""conduit bodies"", ""condulet"", ""conduit body"", ""lr 3-1/2""]",true
b44155e7-2940-57f4-a23a-ef59589e10c5,Fittings,Conduit Bodies,"3-1/2"" Threaded Aluminum T Conduit Body With Cover and Gasket",3-1/2 THREADED ALUMINUM T BODY W/CVR,"3-1/2""",,,,,,,EA,"[""3-1/2\"" threaded aluminum t conduit body with cover and gasket"", ""3-1/2 threaded aluminum t body w/cvr"", ""fittings"", ""conduit bodies"", ""condulet"", ""conduit body"", ""t 3-1/2""]",true
e224d34e-0c78-5961-aa65-8ad45acbf5b8,Fittings,Conduit Bodies,"3/4"" EMT Set Screw C Conduit Body With Cover and Gasket",3/4 EMT SS C BODY W/CVR,"3/4""",,,,,,,EA,"[""3/4\"" emt set screw c conduit body with cover and gasket"", ""3/4 emt ss c body w/cvr"", ""fittings"", ""conduit bodies"", ""condulet"", ""conduit body""]",true
f4402e2e-f8db-50d5-b9c1-e3c00c02331d,Fittings,Conduit Bodies,"3/4"" EMT Set Screw LB Conduit Body With Cover and Gasket",3/4 EMT SS LB BODY W/CVR,"3/4""",,,,,,,EA,"[""3/4\"" emt set screw lb conduit body with cover and gasket"", ""3/4 emt ss lb body w/cvr"", ""fittings"", ""conduit bodies"", ""condulet"", ""conduit body""]",true
fec3eacb-92a6-5001-912b-9eabbf189de6,Fittings,Conduit Bodies,"3/4"" EMT Set Screw T Conduit Body With Cover and Gasket",3/4 EMT SS T BODY W/CVR,"3/4""",,,,,,,EA,"[""3/4\"" emt set screw t conduit body with cover and gasket"", ""3/4 emt ss t body w/cvr"", ""fittings"", ""conduit bodies"", ""condulet"", ""conduit body""]",true
0b2de58a-09cb-5d38-8366-40f568cafadb,Fittings,Conduit Bodies,"3/4"" PVC C Conduit Body With Cover and Gasket",3/4 PVC C BODY W/CVR,"3/4""",,,,,,,EA,"[""3/4\"" pvc c conduit body with cover and gasket"", ""3/4 pvc c body w/cvr"", ""fittings"", ""conduit bodies"", ""condulet"", ""conduit body"", ""c 3/4""]",true
1ac2d450-b287-56c2-9e32-594d93a15d84,Fittings,Conduit Bodies,"3/4"" PVC LB Conduit Body With Cover and Gasket",3/4 PVC LB BODY W/CVR,"3/4""",,,,,,,EA,"[""3/4\"" pvc lb conduit body with cover and gasket"", ""3/4 pvc lb body w/cvr"", ""fittings"", ""conduit bodies"", ""condulet"", ""conduit body"", ""lb 3/4""]",true
3b126655-97ce-5569-8b39-5934baee2fed,Fittings,Conduit Bodies,"3/4"" PVC LL Conduit Body With Cover and Gasket",3/4 PVC LL BODY W/CVR,"3/4""",,,,,,,EA,"[""3/4\"" pvc ll conduit body with cover and gasket"", ""3/4 pvc ll body w/cvr"", ""fittings"", ""conduit bodies"", ""condulet"", ""conduit body"", ""ll 3/4""]",true
708531c2-34c5-5f2e-b7d3-594dd17f6c26,Fittings,Conduit Bodies,"3/4"" PVC LR Conduit Body With Cover and Gasket",3/4 PVC LR BODY W/CVR,"3/4""",,,,,,,EA,"[""3/4\"" pvc lr conduit body with cover and gasket"", ""3/4 pvc lr body w/cvr"", ""fittings"", ""conduit bodies"", ""condulet"", ""conduit body"", ""lr 3/4""]",true
d89bb1af-ee89-573f-8e65-f6c1f5d39389,Fittings,Conduit Bodies,"3/4"" PVC T Conduit Body With Cover and Gasket",3/4 PVC T BODY W/CVR,"3/4""",,,,,,,EA,"[""3/4\"" pvc t conduit body with cover and gasket"", ""3/4 pvc t body w/cvr"", ""fittings"", ""conduit bodies"", ""condulet"", ""conduit body"", ""t 3/4""]",true
d487e1ca-c9b1-567c-8907-687eb5e3a92f,Fittings,Conduit Bodies,"3/4"" Threaded Aluminum C Conduit Body With Cover and Gasket",3/4 THREADED ALUMINUM C BODY W/CVR,"3/4""",,,,,,,EA,"[""3/4\"" threaded aluminum c conduit body with cover and gasket"", ""3/4 threaded aluminum c body w/cvr"", ""fittings"", ""conduit bodies"", ""condulet"", ""conduit body"", ""c 3/4""]",true
87592c74-e8ef-599f-8868-367eca391cbb,Fittings,Conduit Bodies,"3/4"" Threaded Aluminum LB Conduit Body With Cover and Gasket",3/4 THREADED ALUMINUM LB BODY W/CVR,"3/4""",,,,,,,EA,"[""3/4\"" threaded aluminum lb conduit body with cover and gasket"", ""3/4 threaded aluminum lb body w/cvr"", ""fittings"", ""conduit bodies"", ""condulet"", ""conduit body"", ""lb 3/4""]",true
d9cfaaad-143b-5960-a3bc-b252e4b1dbd3,Fittings,Conduit Bodies,"3/4"" Threaded Aluminum LL Conduit Body With Cover and Gasket",3/4 THREADED ALUMINUM LL BODY W/CVR,"3/4""",,,,,,,EA,"[""3/4\"" threaded aluminum ll conduit body with cover and gasket"", ""3/4 threaded aluminum ll body w/cvr"", ""fittings"", ""conduit bodies"", ""condulet"", ""conduit body"", ""ll 3/4""]",true
34da2abe-ed5a-5ccb-b0aa-cc3cbb368dc1,Fittings,Conduit Bodies,"3/4"" Threaded Aluminum LR Conduit Body With Cover and Gasket",3/4 THREADED ALUMINUM LR BODY W/CVR,"3/4""",,,,,,,EA,"[""3/4\"" threaded aluminum lr conduit body with cover and gasket"", ""3/4 threaded aluminum lr body w/cvr"", ""fittings"", ""conduit bodies"", ""condulet"", ""conduit body"", ""lr 3/4""]",true
39ea04ee-cfa5-59e8-956f-77862ee0e79f,Fittings,Conduit Bodies,"3/4"" Threaded Aluminum T Conduit Body With Cover and Gasket",3/4 THREADED ALUMINUM T BODY W/CVR,"3/4""",,,,,,,EA,"[""3/4\"" threaded aluminum t conduit body with cover and gasket"", ""3/4 threaded aluminum t body w/cvr"", ""fittings"", ""conduit bodies"", ""condulet"", ""conduit body"", ""t 3/4""]",true
2281a705-e96c-5739-abd8-9778391a66a1,Fittings,Conduit Bodies,"4"" EMT Set Screw C Conduit Body With Cover and Gasket",4 EMT SS C BODY W/CVR,"4""",,,,,,,EA,"[""4\"" emt set screw c conduit body with cover and gasket"", ""4 emt ss c body w/cvr"", ""fittings"", ""conduit bodies"", ""condulet"", ""conduit body""]",true
5a521311-d8f5-5dae-8456-4caa9209ada9,Fittings,Conduit Bodies,"4"" EMT Set Screw LB Conduit Body With Cover and Gasket",4 EMT SS LB BODY W/CVR,"4""",,,,,,,EA,"[""4\"" emt set screw lb conduit body with cover and gasket"", ""4 emt ss lb body w/cvr"", ""fittings"", ""conduit bodies"", ""condulet"", ""conduit body""]",true
a74a5519-8f24-5d43-82a4-52fde3f9da19,Fittings,Conduit Bodies,"4"" EMT Set Screw T Conduit Body With Cover and Gasket",4 EMT SS T BODY W/CVR,"4""",,,,,,,EA,"[""4\"" emt set screw t conduit body with cover and gasket"", ""4 emt ss t body w/cvr"", ""fittings"", ""conduit bodies"", ""condulet"", ""conduit body""]",true
059b2384-9d65-54a7-b45b-6cfe8e826959,Fittings,Conduit Bodies,"4"" PVC C Conduit Body With Cover and Gasket",4 PVC C BODY W/CVR,"4""",,,,,,,EA,"[""4\"" pvc c conduit body with cover and gasket"", ""4 pvc c body w/cvr"", ""fittings"", ""conduit bodies"", ""condulet"", ""conduit body"", ""c 4""]",true
ba3eaa0a-7948-5b73-b710-73558975effa,Fittings,Conduit Bodies,"4"" PVC LB Conduit Body With Cover and Gasket",4 PVC LB BODY W/CVR,"4""",,,,,,,EA,"[""4\"" pvc lb conduit body with cover and gasket"", ""4 pvc lb body w/cvr"", ""fittings"", ""conduit bodies"", ""condulet"", ""conduit body"", ""lb 4""]",true
89fe6ac5-0f88-5e36-9df2-6aa4efba7979,Fittings,Conduit Bodies,"4"" PVC LL Conduit Body With Cover and Gasket",4 PVC LL BODY W/CVR,"4""",,,,,,,EA,"[""4\"" pvc ll conduit body with cover and gasket"", ""4 pvc ll body w/cvr"", ""fittings"", ""conduit bodies"", ""condulet"", ""conduit body"", ""ll 4""]",true
be42f013-46e9-55a5-9b1d-029ca0ea434e,Fittings,Conduit Bodies,"4"" PVC LR Conduit Body With Cover and Gasket",4 PVC LR BODY W/CVR,"4""",,,,,,,EA,"[""4\"" pvc lr conduit body with cover and gasket"", ""4 pvc lr body w/cvr"", ""fittings"", ""conduit bodies"", ""condulet"", ""conduit body"", ""lr 4""]",true
4eb9d94d-11bf-5d69-9d18-448bdbd5160c,Fittings,Conduit Bodies,"4"" PVC T Conduit Body With Cover and Gasket",4 PVC T BODY W/CVR,"4""",,,,,,,EA,"[""4\"" pvc t conduit body with cover and gasket"", ""4 pvc t body w/cvr"", ""fittings"", ""conduit bodies"", ""condulet"", ""conduit body"", ""t 4""]",true
d15e22a6-4850-5040-a5c0-5738a84bd1a2,Fittings,Conduit Bodies,"4"" Threaded Aluminum C Conduit Body With Cover and Gasket",4 THREADED ALUMINUM C BODY W/CVR,"4""",,,,,,,EA,"[""4\"" threaded aluminum c conduit body with cover and gasket"", ""4 threaded aluminum c body w/cvr"", ""fittings"", ""conduit bodies"", ""condulet"", ""conduit body"", ""c 4""]",true
aef4d44a-612d-5314-a51a-e5db97b4ccf1,Fittings,Conduit Bodies,"4"" Threaded Aluminum LB Conduit Body With Cover and Gasket",4 THREADED ALUMINUM LB BODY W/CVR,"4""",,,,,,,EA,"[""4\"" threaded aluminum lb conduit body with cover and gasket"", ""4 threaded aluminum lb body w/cvr"", ""fittings"", ""conduit bodies"", ""condulet"", ""conduit body"", ""lb 4""]",true
a08338d9-ddc1-5eac-a533-a78a8a765704,Fittings,Conduit Bodies,"4"" Threaded Aluminum LL Conduit Body With Cover and Gasket",4 THREADED ALUMINUM LL BODY W/CVR,"4""",,,,,,,EA,"[""4\"" threaded aluminum ll conduit body with cover and gasket"", ""4 threaded aluminum ll body w/cvr"", ""fittings"", ""conduit bodies"", ""condulet"", ""conduit body"", ""ll 4""]",true
5ac180f6-d7f5-5376-aba3-dff5682d5e89,Fittings,Conduit Bodies,"4"" Threaded Aluminum LR Conduit Body With Cover and Gasket",4 THREADED ALUMINUM LR BODY W/CVR,"4""",,,,,,,EA,"[""4\"" threaded aluminum lr conduit body with cover and gasket"", ""4 threaded aluminum lr body w/cvr"", ""fittings"", ""conduit bodies"", ""condulet"", ""conduit body"", ""lr 4""]",true
235453d5-76e3-5943-90e2-9486e04d0171,Fittings,Conduit Bodies,"4"" Threaded Aluminum T Conduit Body With Cover and Gasket",4 THREADED ALUMINUM T BODY W/CVR,"4""",,,,,,,EA,"[""4\"" threaded aluminum t conduit body with cover and gasket"", ""4 threaded aluminum t body w/cvr"", ""fittings"", ""conduit bodies"", ""condulet"", ""conduit body"", ""t 4""]",true
7adc4d7d-f123-5183-b103-4fc38fa3a2f9,Fittings,Conduit Body Accessories,"1"" Conduit Body Aluminum Cover",1 BODY ALUMINUM COVER,"1""",,,,,,,EA,"[""1\"" conduit body aluminum cover"", ""1 body aluminum cover"", ""fittings"", ""conduit body accessories"", ""conduit body accessory""]",true
d0dff976-ce80-525d-96da-85efc887cfb7,Fittings,Conduit Body Accessories,"1"" Conduit Body Neoprene Gasket",1 BODY NEOPRENE GASKET,"1""",,,,,,,EA,"[""1\"" conduit body neoprene gasket"", ""1 body neoprene gasket"", ""fittings"", ""conduit body accessories"", ""conduit body accessory""]",true
3428be74-5be7-5292-a6a3-e2133d3fd278,Fittings,Conduit Body Accessories,"1-1/2"" Conduit Body Aluminum Cover",1-1/2 BODY ALUMINUM COVER,"1-1/2""",,,,,,,EA,"[""1-1/2\"" conduit body aluminum cover"", ""1-1/2 body aluminum cover"", ""fittings"", ""conduit body accessories"", ""conduit body accessory""]",true
a3ac57c9-f366-5cf4-a036-eb4f96ed5a55,Fittings,Conduit Body Accessories,"1-1/2"" Conduit Body Neoprene Gasket",1-1/2 BODY NEOPRENE GASKET,"1-1/2""",,,,,,,EA,"[""1-1/2\"" conduit body neoprene gasket"", ""1-1/2 body neoprene gasket"", ""fittings"", ""conduit body accessories"", ""conduit body accessory""]",true
ecb05137-d6db-568b-885d-9ae5513bbca5,Fittings,Conduit Body Accessories,"1-1/4"" Conduit Body Aluminum Cover",1-1/4 BODY ALUMINUM COVER,"1-1/4""",,,,,,,EA,"[""1-1/4\"" conduit body aluminum cover"", ""1-1/4 body aluminum cover"", ""fittings"", ""conduit body accessories"", ""conduit body accessory""]",true
9177f91e-9120-54da-9f07-118bdd6290aa,Fittings,Conduit Body Accessories,"1-1/4"" Conduit Body Neoprene Gasket",1-1/4 BODY NEOPRENE GASKET,"1-1/4""",,,,,,,EA,"[""1-1/4\"" conduit body neoprene gasket"", ""1-1/4 body neoprene gasket"", ""fittings"", ""conduit body accessories"", ""conduit body accessory""]",true
d972d826-0d3c-59d6-a077-0b95f11f38c2,Fittings,Conduit Body Accessories,"1/2"" Conduit Body Aluminum Cover",1/2 BODY ALUMINUM COVER,"1/2""",,,,,,,EA,"[""1/2\"" conduit body aluminum cover"", ""1/2 body aluminum cover"", ""fittings"", ""conduit body accessories"", ""conduit body accessory""]",true
1f714643-348c-5078-a04d-6a101739fa31,Fittings,Conduit Body Accessories,"1/2"" Conduit Body Neoprene Gasket",1/2 BODY NEOPRENE GASKET,"1/2""",,,,,,,EA,"[""1/2\"" conduit body neoprene gasket"", ""1/2 body neoprene gasket"", ""fittings"", ""conduit body accessories"", ""conduit body accessory""]",true
af43f359-4041-5f48-8d81-9cb120993f6a,Fittings,Conduit Body Accessories,"2"" Conduit Body Aluminum Cover",2 BODY ALUMINUM COVER,"2""",,,,,,,EA,"[""2\"" conduit body aluminum cover"", ""2 body aluminum cover"", ""fittings"", ""conduit body accessories"", ""conduit body accessory""]",true
8fd9c7f5-d4dd-5b93-8a9a-d2595dca7df1,Fittings,Conduit Body Accessories,"2"" Conduit Body Neoprene Gasket",2 BODY NEOPRENE GASKET,"2""",,,,,,,EA,"[""2\"" conduit body neoprene gasket"", ""2 body neoprene gasket"", ""fittings"", ""conduit body accessories"", ""conduit body accessory""]",true
8362c3cf-0cc0-571a-b8e8-acf1cb7604c0,Fittings,Conduit Body Accessories,"2-1/2"" Conduit Body Aluminum Cover",2-1/2 BODY ALUMINUM COVER,"2-1/2""",,,,,,,EA,"[""2-1/2\"" conduit body aluminum cover"", ""2-1/2 body aluminum cover"", ""fittings"", ""conduit body accessories"", ""conduit body accessory""]",true
f5fa065b-ddc2-5375-86ce-0874f7102cc3,Fittings,Conduit Body Accessories,"2-1/2"" Conduit Body Neoprene Gasket",2-1/2 BODY NEOPRENE GASKET,"2-1/2""",,,,,,,EA,"[""2-1/2\"" conduit body neoprene gasket"", ""2-1/2 body neoprene gasket"", ""fittings"", ""conduit body accessories"", ""conduit body accessory""]",true
041e6fe7-959a-5bb7-ba09-8d3a8129e199,Fittings,Conduit Body Accessories,"3"" Conduit Body Aluminum Cover",3 BODY ALUMINUM COVER,"3""",,,,,,,EA,"[""3\"" conduit body aluminum cover"", ""3 body aluminum cover"", ""fittings"", ""conduit body accessories"", ""conduit body accessory""]",true
7071aa07-3c0d-5490-9b39-6901983cb7bf,Fittings,Conduit Body Accessories,"3"" Conduit Body Neoprene Gasket",3 BODY NEOPRENE GASKET,"3""",,,,,,,EA,"[""3\"" conduit body neoprene gasket"", ""3 body neoprene gasket"", ""fittings"", ""conduit body accessories"", ""conduit body accessory""]",true
39267b2a-5d16-5952-8524-ecfbce13320e,Fittings,Conduit Body Accessories,"3-1/2"" Conduit Body Aluminum Cover",3-1/2 BODY ALUMINUM COVER,"3-1/2""",,,,,,,EA,"[""3-1/2\"" conduit body aluminum cover"", ""3-1/2 body aluminum cover"", ""fittings"", ""conduit body accessories"", ""conduit body accessory""]",true
21b7cb0a-3331-5548-b663-270fe1c25562,Fittings,Conduit Body Accessories,"3-1/2"" Conduit Body Neoprene Gasket",3-1/2 BODY NEOPRENE GASKET,"3-1/2""",,,,,,,EA,"[""3-1/2\"" conduit body neoprene gasket"", ""3-1/2 body neoprene gasket"", ""fittings"", ""conduit body accessories"", ""conduit body accessory""]",true
06fa4441-3eb1-599c-b78a-30f2ffbe7e14,Fittings,Conduit Body Accessories,"3/4"" Conduit Body Aluminum Cover",3/4 BODY ALUMINUM COVER,"3/4""",,,,,,,EA,"[""3/4\"" conduit body aluminum cover"", ""3/4 body aluminum cover"", ""fittings"", ""conduit body accessories"", ""conduit body accessory""]",true
84938baf-04a6-5756-a284-888560f6a115,Fittings,Conduit Body Accessories,"3/4"" Conduit Body Neoprene Gasket",3/4 BODY NEOPRENE GASKET,"3/4""",,,,,,,EA,"[""3/4\"" conduit body neoprene gasket"", ""3/4 body neoprene gasket"", ""fittings"", ""conduit body accessories"", ""conduit body accessory""]",true
2583497a-57d8-5676-905f-d9903ebb63b3,Fittings,Conduit Body Accessories,"4"" Conduit Body Aluminum Cover",4 BODY ALUMINUM COVER,"4""",,,,,,,EA,"[""4\"" conduit body aluminum cover"", ""4 body aluminum cover"", ""fittings"", ""conduit body accessories"", ""conduit body accessory""]",true
ca0a98e6-a4e7-57ef-82b5-ff5567ba85e9,Fittings,Conduit Body Accessories,"4"" Conduit Body Neoprene Gasket",4 BODY NEOPRENE GASKET,"4""",,,,,,,EA,"[""4\"" conduit body neoprene gasket"", ""4 body neoprene gasket"", ""fittings"", ""conduit body accessories"", ""conduit body accessory""]",true
efd95a5e-63e5-5225-ae61-3b06375a24f2,Fittings,Conduit Elbows,"1"" PVC Schedule 40 45 Degree Standard Radius Elbow",1 PVC SCHEDULE 40 45 ELBOW,"1""",,,,,,,EA,"[""1\"" pvc schedule 40 45 degree standard radius elbow"", ""1 pvc schedule 40 45 elbow"", ""fittings"", ""conduit elbows"", ""codo"", ""1 45 elbow""]",true
c997cb2e-4a8e-512d-9ed4-c19a3daf37a1,Fittings,Conduit Elbows,"1"" PVC Schedule 40 90 Degree Standard Radius Elbow",1 PVC SCHEDULE 40 90 ELBOW,"1""",,,,,,,EA,"[""1\"" pvc schedule 40 90 degree standard radius elbow"", ""1 pvc schedule 40 90 elbow"", ""fittings"", ""conduit elbows"", ""codo"", ""1 90 elbow""]",true
25f90e94-c761-5d92-a49b-ffc3639de94a,Fittings,Conduit Elbows,"1"" RMC Galvanized Steel 45 Degree Standard Radius Elbow",1 RMC GALVANIZED STEEL 45 ELBOW,"1""",,,,,,,EA,"[""1\"" rmc galvanized steel 45 degree standard radius elbow"", ""1 rmc galvanized steel 45 elbow"", ""fittings"", ""conduit elbows"", ""codo"", ""1 45 elbow""]",true
5b8fa6ae-d597-5273-b5da-988cb429e757,Fittings,Conduit Elbows,"1"" RMC Galvanized Steel 90 Degree Standard Radius Elbow",1 RMC GALVANIZED STEEL 90 ELBOW,"1""",,,,,,,EA,"[""1\"" rmc galvanized steel 90 degree standard radius elbow"", ""1 rmc galvanized steel 90 elbow"", ""fittings"", ""conduit elbows"", ""codo"", ""1 90 elbow""]",true
ed2e76e1-31ef-549a-8770-4dc660bae688,Fittings,Conduit Elbows,"1-1/2"" PVC Schedule 40 45 Degree Standard Radius Elbow",1-1/2 PVC SCHEDULE 40 45 ELBOW,"1-1/2""",,,,,,,EA,"[""1-1/2\"" pvc schedule 40 45 degree standard radius elbow"", ""1-1/2 pvc schedule 40 45 elbow"", ""fittings"", ""conduit elbows"", ""codo"", ""1-1/2 45 elbow""]",true
c01a852b-aeb9-5d3f-ae4c-8d0cd720f9e8,Fittings,Conduit Elbows,"1-1/2"" PVC Schedule 40 90 Degree Standard Radius Elbow",1-1/2 PVC SCHEDULE 40 90 ELBOW,"1-1/2""",,,,,,,EA,"[""1-1/2\"" pvc schedule 40 90 degree standard radius elbow"", ""1-1/2 pvc schedule 40 90 elbow"", ""fittings"", ""conduit elbows"", ""codo"", ""1-1/2 90 elbow""]",true
a29b4c34-f590-52e6-98e1-8797c5884dcf,Fittings,Conduit Elbows,"1-1/2"" RMC Galvanized Steel 45 Degree Standard Radius Elbow",1-1/2 RMC GALVANIZED STEEL 45 ELBOW,"1-1/2""",,,,,,,EA,"[""1-1/2\"" rmc galvanized steel 45 degree standard radius elbow"", ""1-1/2 rmc galvanized steel 45 elbow"", ""fittings"", ""conduit elbows"", ""codo"", ""1-1/2 45 elbow""]",true
de5c472a-bfa8-557f-9028-ffdd4800f3f7,Fittings,Conduit Elbows,"1-1/2"" RMC Galvanized Steel 90 Degree Standard Radius Elbow",1-1/2 RMC GALVANIZED STEEL 90 ELBOW,"1-1/2""",,,,,,,EA,"[""1-1/2\"" rmc galvanized steel 90 degree standard radius elbow"", ""1-1/2 rmc galvanized steel 90 elbow"", ""fittings"", ""conduit elbows"", ""codo"", ""1-1/2 90 elbow""]",true
ab1e36e9-cf7c-520f-b704-ddf00339bda6,Fittings,Conduit Elbows,"1-1/4"" PVC Schedule 40 45 Degree Standard Radius Elbow",1-1/4 PVC SCHEDULE 40 45 ELBOW,"1-1/4""",,,,,,,EA,"[""1-1/4\"" pvc schedule 40 45 degree standard radius elbow"", ""1-1/4 pvc schedule 40 45 elbow"", ""fittings"", ""conduit elbows"", ""codo"", ""1-1/4 45 elbow""]",true
b3d4fe05-3a5b-5408-a860-b46a1bb15c04,Fittings,Conduit Elbows,"1-1/4"" PVC Schedule 40 90 Degree Standard Radius Elbow",1-1/4 PVC SCHEDULE 40 90 ELBOW,"1-1/4""",,,,,,,EA,"[""1-1/4\"" pvc schedule 40 90 degree standard radius elbow"", ""1-1/4 pvc schedule 40 90 elbow"", ""fittings"", ""conduit elbows"", ""codo"", ""1-1/4 90 elbow""]",true
7d94988b-74de-5251-b41c-3a502a664fe1,Fittings,Conduit Elbows,"1-1/4"" RMC Galvanized Steel 45 Degree Standard Radius Elbow",1-1/4 RMC GALVANIZED STEEL 45 ELBOW,"1-1/4""",,,,,,,EA,"[""1-1/4\"" rmc galvanized steel 45 degree standard radius elbow"", ""1-1/4 rmc galvanized steel 45 elbow"", ""fittings"", ""conduit elbows"", ""codo"", ""1-1/4 45 elbow""]",true
3c5b0da8-9beb-53e9-8042-a55449d7d700,Fittings,Conduit Elbows,"1-1/4"" RMC Galvanized Steel 90 Degree Standard Radius Elbow",1-1/4 RMC GALVANIZED STEEL 90 ELBOW,"1-1/4""",,,,,,,EA,"[""1-1/4\"" rmc galvanized steel 90 degree standard radius elbow"", ""1-1/4 rmc galvanized steel 90 elbow"", ""fittings"", ""conduit elbows"", ""codo"", ""1-1/4 90 elbow""]",true
89fc6aa6-591e-5ba6-8ac0-fad4c9bff3a4,Fittings,Conduit Elbows,"1/2"" PVC Schedule 40 45 Degree Standard Radius Elbow",1/2 PVC SCHEDULE 40 45 ELBOW,"1/2""",,,,,,,EA,"[""1/2\"" pvc schedule 40 45 degree standard radius elbow"", ""1/2 pvc schedule 40 45 elbow"", ""fittings"", ""conduit elbows"", ""codo"", ""1/2 45 elbow""]",true
6f2a88cd-1331-5377-b005-cdce54c70ab3,Fittings,Conduit Elbows,"1/2"" PVC Schedule 40 90 Degree Standard Radius Elbow",1/2 PVC SCHEDULE 40 90 ELBOW,"1/2""",,,,,,,EA,"[""1/2\"" pvc schedule 40 90 degree standard radius elbow"", ""1/2 pvc schedule 40 90 elbow"", ""fittings"", ""conduit elbows"", ""codo"", ""1/2 90 elbow""]",true
9ebd96f8-a4d6-5f11-854b-63ee4beef985,Fittings,Conduit Elbows,"1/2"" RMC Galvanized Steel 45 Degree Standard Radius Elbow",1/2 RMC GALVANIZED STEEL 45 ELBOW,"1/2""",,,,,,,EA,"[""1/2\"" rmc galvanized steel 45 degree standard radius elbow"", ""1/2 rmc galvanized steel 45 elbow"", ""fittings"", ""conduit elbows"", ""codo"", ""1/2 45 elbow""]",true
6aceffb4-6475-5113-a21d-73503558a558,Fittings,Conduit Elbows,"1/2"" RMC Galvanized Steel 90 Degree Standard Radius Elbow",1/2 RMC GALVANIZED STEEL 90 ELBOW,"1/2""",,,,,,,EA,"[""1/2\"" rmc galvanized steel 90 degree standard radius elbow"", ""1/2 rmc galvanized steel 90 elbow"", ""fittings"", ""conduit elbows"", ""codo"", ""1/2 90 elbow""]",true
1c8f9303-207c-57f6-8f64-e9cd7d7c6e1d,Fittings,Conduit Elbows,"2"" PVC Schedule 40 45 Degree Standard Radius Elbow",2 PVC SCHEDULE 40 45 ELBOW,"2""",,,,,,,EA,"[""2\"" pvc schedule 40 45 degree standard radius elbow"", ""2 pvc schedule 40 45 elbow"", ""fittings"", ""conduit elbows"", ""codo"", ""2 45 elbow""]",true
01e92c82-e6dd-509a-b665-d405e8463cfc,Fittings,Conduit Elbows,"2"" PVC Schedule 40 90 Degree Standard Radius Elbow",2 PVC SCHEDULE 40 90 ELBOW,"2""",,,,,,,EA,"[""2\"" pvc schedule 40 90 degree standard radius elbow"", ""2 pvc schedule 40 90 elbow"", ""fittings"", ""conduit elbows"", ""codo"", ""2 90 elbow""]",true
0bd00bf5-735c-5598-ab1e-b0e8752774bc,Fittings,Conduit Elbows,"2"" RMC Galvanized Steel 45 Degree Standard Radius Elbow",2 RMC GALVANIZED STEEL 45 ELBOW,"2""",,,,,,,EA,"[""2\"" rmc galvanized steel 45 degree standard radius elbow"", ""2 rmc galvanized steel 45 elbow"", ""fittings"", ""conduit elbows"", ""codo"", ""2 45 elbow""]",true
451a287d-f35e-551a-8b23-cc823c42ce06,Fittings,Conduit Elbows,"2"" RMC Galvanized Steel 90 Degree Standard Radius Elbow",2 RMC GALVANIZED STEEL 90 ELBOW,"2""",,,,,,,EA,"[""2\"" rmc galvanized steel 90 degree standard radius elbow"", ""2 rmc galvanized steel 90 elbow"", ""fittings"", ""conduit elbows"", ""codo"", ""2 90 elbow""]",true
c787335b-7e39-59ad-a9a4-dfcc13c95fd1,Fittings,Conduit Elbows,"2-1/2"" PVC Schedule 40 45 Degree Standard Radius Elbow",2-1/2 PVC SCHEDULE 40 45 ELBOW,"2-1/2""",,,,,,,EA,"[""2-1/2\"" pvc schedule 40 45 degree standard radius elbow"", ""2-1/2 pvc schedule 40 45 elbow"", ""fittings"", ""conduit elbows"", ""codo"", ""2-1/2 45 elbow""]",true
26cdaf37-ce64-55ee-a11e-f29217c770de,Fittings,Conduit Elbows,"2-1/2"" PVC Schedule 40 90 Degree Standard Radius Elbow",2-1/2 PVC SCHEDULE 40 90 ELBOW,"2-1/2""",,,,,,,EA,"[""2-1/2\"" pvc schedule 40 90 degree standard radius elbow"", ""2-1/2 pvc schedule 40 90 elbow"", ""fittings"", ""conduit elbows"", ""codo"", ""2-1/2 90 elbow""]",true
0bab419c-c77b-5eaa-aefa-93b02ce6dfdf,Fittings,Conduit Elbows,"2-1/2"" RMC Galvanized Steel 45 Degree Standard Radius Elbow",2-1/2 RMC GALVANIZED STEEL 45 ELBOW,"2-1/2""",,,,,,,EA,"[""2-1/2\"" rmc galvanized steel 45 degree standard radius elbow"", ""2-1/2 rmc galvanized steel 45 elbow"", ""fittings"", ""conduit elbows"", ""codo"", ""2-1/2 45 elbow""]",true
cd686bab-2356-5745-9363-d447d99c7f41,Fittings,Conduit Elbows,"2-1/2"" RMC Galvanized Steel 90 Degree Standard Radius Elbow",2-1/2 RMC GALVANIZED STEEL 90 ELBOW,"2-1/2""",,,,,,,EA,"[""2-1/2\"" rmc galvanized steel 90 degree standard radius elbow"", ""2-1/2 rmc galvanized steel 90 elbow"", ""fittings"", ""conduit elbows"", ""codo"", ""2-1/2 90 elbow""]",true
46303f06-1c36-5cbc-92d5-e35ba013669c,Fittings,Conduit Elbows,"3"" PVC Schedule 40 45 Degree Standard Radius Elbow",3 PVC SCHEDULE 40 45 ELBOW,"3""",,,,,,,EA,"[""3\"" pvc schedule 40 45 degree standard radius elbow"", ""3 pvc schedule 40 45 elbow"", ""fittings"", ""conduit elbows"", ""codo"", ""3 45 elbow""]",true
4ab8af2a-32d4-5fd5-9000-b02a08f5e570,Fittings,Conduit Elbows,"3"" PVC Schedule 40 90 Degree Standard Radius Elbow",3 PVC SCHEDULE 40 90 ELBOW,"3""",,,,,,,EA,"[""3\"" pvc schedule 40 90 degree standard radius elbow"", ""3 pvc schedule 40 90 elbow"", ""fittings"", ""conduit elbows"", ""codo"", ""3 90 elbow""]",true
0f0c1f9f-45ae-5e6e-95ce-2986ec679591,Fittings,Conduit Elbows,"3"" RMC Galvanized Steel 45 Degree Standard Radius Elbow",3 RMC GALVANIZED STEEL 45 ELBOW,"3""",,,,,,,EA,"[""3\"" rmc galvanized steel 45 degree standard radius elbow"", ""3 rmc galvanized steel 45 elbow"", ""fittings"", ""conduit elbows"", ""codo"", ""3 45 elbow""]",true
4d1cfddb-08d3-5c8f-a59d-b6457d1309f4,Fittings,Conduit Elbows,"3"" RMC Galvanized Steel 90 Degree Standard Radius Elbow",3 RMC GALVANIZED STEEL 90 ELBOW,"3""",,,,,,,EA,"[""3\"" rmc galvanized steel 90 degree standard radius elbow"", ""3 rmc galvanized steel 90 elbow"", ""fittings"", ""conduit elbows"", ""codo"", ""3 90 elbow""]",true
ca7c4c86-b768-5fb9-ac67-8ddcf9aa6d73,Fittings,Conduit Elbows,"3-1/2"" PVC Schedule 40 45 Degree Standard Radius Elbow",3-1/2 PVC SCHEDULE 40 45 ELBOW,"3-1/2""",,,,,,,EA,"[""3-1/2\"" pvc schedule 40 45 degree standard radius elbow"", ""3-1/2 pvc schedule 40 45 elbow"", ""fittings"", ""conduit elbows"", ""codo"", ""3-1/2 45 elbow""]",true
562d4c56-9790-5c2c-9b5c-b486ff872737,Fittings,Conduit Elbows,"3-1/2"" PVC Schedule 40 90 Degree Standard Radius Elbow",3-1/2 PVC SCHEDULE 40 90 ELBOW,"3-1/2""",,,,,,,EA,"[""3-1/2\"" pvc schedule 40 90 degree standard radius elbow"", ""3-1/2 pvc schedule 40 90 elbow"", ""fittings"", ""conduit elbows"", ""codo"", ""3-1/2 90 elbow""]",true
d771614c-69db-50ca-a258-c540b3526b85,Fittings,Conduit Elbows,"3-1/2"" RMC Galvanized Steel 45 Degree Standard Radius Elbow",3-1/2 RMC GALVANIZED STEEL 45 ELBOW,"3-1/2""",,,,,,,EA,"[""3-1/2\"" rmc galvanized steel 45 degree standard radius elbow"", ""3-1/2 rmc galvanized steel 45 elbow"", ""fittings"", ""conduit elbows"", ""codo"", ""3-1/2 45 elbow""]",true
0d83d65c-f255-5ef7-83a2-d7a1e2e8a47a,Fittings,Conduit Elbows,"3-1/2"" RMC Galvanized Steel 90 Degree Standard Radius Elbow",3-1/2 RMC GALVANIZED STEEL 90 ELBOW,"3-1/2""",,,,,,,EA,"[""3-1/2\"" rmc galvanized steel 90 degree standard radius elbow"", ""3-1/2 rmc galvanized steel 90 elbow"", ""fittings"", ""conduit elbows"", ""codo"", ""3-1/2 90 elbow""]",true
fbfc3b8f-b414-597f-a012-6d23e0f810ed,Fittings,Conduit Elbows,"3/4"" PVC Schedule 40 45 Degree Standard Radius Elbow",3/4 PVC SCHEDULE 40 45 ELBOW,"3/4""",,,,,,,EA,"[""3/4\"" pvc schedule 40 45 degree standard radius elbow"", ""3/4 pvc schedule 40 45 elbow"", ""fittings"", ""conduit elbows"", ""codo"", ""3/4 45 elbow""]",true
b5c52fc9-1c9a-5c4f-96b4-5b62da3344a7,Fittings,Conduit Elbows,"3/4"" PVC Schedule 40 90 Degree Standard Radius Elbow",3/4 PVC SCHEDULE 40 90 ELBOW,"3/4""",,,,,,,EA,"[""3/4\"" pvc schedule 40 90 degree standard radius elbow"", ""3/4 pvc schedule 40 90 elbow"", ""fittings"", ""conduit elbows"", ""codo"", ""3/4 90 elbow""]",true
3a6ff623-e397-52e5-be0a-b096745410ef,Fittings,Conduit Elbows,"3/4"" RMC Galvanized Steel 45 Degree Standard Radius Elbow",3/4 RMC GALVANIZED STEEL 45 ELBOW,"3/4""",,,,,,,EA,"[""3/4\"" rmc galvanized steel 45 degree standard radius elbow"", ""3/4 rmc galvanized steel 45 elbow"", ""fittings"", ""conduit elbows"", ""codo"", ""3/4 45 elbow""]",true
cee3b919-a471-5b5b-af7b-9cc9dddca27c,Fittings,Conduit Elbows,"3/4"" RMC Galvanized Steel 90 Degree Standard Radius Elbow",3/4 RMC GALVANIZED STEEL 90 ELBOW,"3/4""",,,,,,,EA,"[""3/4\"" rmc galvanized steel 90 degree standard radius elbow"", ""3/4 rmc galvanized steel 90 elbow"", ""fittings"", ""conduit elbows"", ""codo"", ""3/4 90 elbow""]",true
621b928a-7659-5e94-8a3e-da512440da5f,Fittings,Conduit Elbows,"4"" PVC Schedule 40 45 Degree Standard Radius Elbow",4 PVC SCHEDULE 40 45 ELBOW,"4""",,,,,,,EA,"[""4\"" pvc schedule 40 45 degree standard radius elbow"", ""4 pvc schedule 40 45 elbow"", ""fittings"", ""conduit elbows"", ""codo"", ""4 45 elbow""]",true
de0a6179-931c-5cdc-97d3-4f2fa256f65c,Fittings,Conduit Elbows,"4"" PVC Schedule 40 90 Degree Standard Radius Elbow",4 PVC SCHEDULE 40 90 ELBOW,"4""",,,,,,,EA,"[""4\"" pvc schedule 40 90 degree standard radius elbow"", ""4 pvc schedule 40 90 elbow"", ""fittings"", ""conduit elbows"", ""codo"", ""4 90 elbow""]",true
9c394e64-5ef3-57ce-a488-537f196a52fc,Fittings,Conduit Elbows,"4"" RMC Galvanized Steel 45 Degree Standard Radius Elbow",4 RMC GALVANIZED STEEL 45 ELBOW,"4""",,,,,,,EA,"[""4\"" rmc galvanized steel 45 degree standard radius elbow"", ""4 rmc galvanized steel 45 elbow"", ""fittings"", ""conduit elbows"", ""codo"", ""4 45 elbow""]",true
8cf0b58a-6c8f-5111-ae43-25ae9ebc849e,Fittings,Conduit Elbows,"4"" RMC Galvanized Steel 90 Degree Standard Radius Elbow",4 RMC GALVANIZED STEEL 90 ELBOW,"4""",,,,,,,EA,"[""4\"" rmc galvanized steel 90 degree standard radius elbow"", ""4 rmc galvanized steel 90 elbow"", ""fittings"", ""conduit elbows"", ""codo"", ""4 90 elbow""]",true
41b97dab-9e18-52e0-8d09-88d2dfb1010e,Fittings,EMT,"1"" EMT Compression Connector - Steel",1 EMT COMP CONN STEEL,"1""",,,,,,,EA,"[""1\"" emt compression connector - steel"", ""1 emt comp conn steel"", ""fittings"", ""emt"", ""conector"", ""1 emt compression connector""]",true
58fc62be-70d5-5707-88f9-ea0f3f1bbd61,Fittings,EMT,"1"" EMT Compression Connector - Zinc Die Cast",1 EMT COMP CONN ZINC DIE CAST,"1""",,,,,,,EA,"[""1\"" emt compression connector - zinc die cast"", ""1 emt comp conn zinc die cast"", ""fittings"", ""emt"", ""conector"", ""1 emt compression connector""]",true
76a2e824-2bbe-5ddb-a83d-35ebd36d6c92,Fittings,EMT,"1"" EMT Compression Coupling - Steel",1 EMT COMP CPLG STEEL,"1""",,,,,,,EA,"[""1\"" emt compression coupling - steel"", ""1 emt comp cplg steel"", ""fittings"", ""emt"", ""union"", ""1 emt compression coupling""]",true
ae4baacc-5962-5037-9f5a-1d943c99a21f,Fittings,EMT,"1"" EMT Compression Coupling - Zinc Die Cast",1 EMT COMP CPLG ZINC DIE CAST,"1""",,,,,,,EA,"[""1\"" emt compression coupling - zinc die cast"", ""1 emt comp cplg zinc die cast"", ""fittings"", ""emt"", ""union"", ""1 emt compression coupling""]",true
651b0794-4016-5ac1-b861-ee82a41e4930,Fittings,EMT,"1"" EMT Raintight Compression Connector - Steel",1 EMT RT COMP CONN STEEL,"1""",,,,,,,EA,"[""1\"" emt raintight compression connector - steel"", ""1 emt rt comp conn steel"", ""fittings"", ""emt"", ""conector"", ""1 emt raintight compression connector""]",true
5fc89f3c-aa92-5a3d-bd3a-3857cba270ca,Fittings,EMT,"1"" EMT Raintight Compression Coupling - Steel",1 EMT RT COMP CPLG STEEL,"1""",,,,,,,EA,"[""1\"" emt raintight compression coupling - steel"", ""1 emt rt comp cplg steel"", ""fittings"", ""emt"", ""union"", ""1 emt raintight compression coupling""]",true
789e0cf6-f7f6-556b-bd11-abc008a57b70,Fittings,EMT,"1"" EMT Set Screw Connector - Steel",1 EMT SS CONN STEEL,"1""",,,,,,,EA,"[""1\"" emt set screw connector - steel"", ""1 emt ss conn steel"", ""fittings"", ""emt"", ""conector"", ""1 emt set screw connector""]",true
9ba9db52-ca03-54bb-bd44-596a0b97e146,Fittings,EMT,"1"" EMT Set Screw Connector - Zinc Die Cast",1 EMT SS CONN ZINC DIE CAST,"1""",,,,,,,EA,"[""1\"" emt set screw connector - zinc die cast"", ""1 emt ss conn zinc die cast"", ""fittings"", ""emt"", ""conector"", ""1 emt set screw connector""]",true
0913113f-bd50-57c7-bf6a-067f6605ee4f,Fittings,EMT,"1"" EMT Set Screw Coupling - Steel",1 EMT SS CPLG STEEL,"1""",,,,,,,EA,"[""1\"" emt set screw coupling - steel"", ""1 emt ss cplg steel"", ""fittings"", ""emt"", ""union"", ""1 emt set screw coupling""]",true
26abe847-7871-57cc-84a7-4cbfe853de7d,Fittings,EMT,"1"" EMT Set Screw Coupling - Zinc Die Cast",1 EMT SS CPLG ZINC DIE CAST,"1""",,,,,,,EA,"[""1\"" emt set screw coupling - zinc die cast"", ""1 emt ss cplg zinc die cast"", ""fittings"", ""emt"", ""union"", ""1 emt set screw coupling""]",true
03f2e812-d28e-5c5f-921c-fae4fd921bbb,Fittings,EMT,"1-1/2"" EMT Compression Connector - Steel",1-1/2 EMT COMP CONN STEEL,"1-1/2""",,,,,,,EA,"[""1-1/2\"" emt compression connector - steel"", ""1-1/2 emt comp conn steel"", ""fittings"", ""emt"", ""conector"", ""1-1/2 emt compression connector""]",true
e944a935-88d0-5b56-a34e-9c3e4473ea81,Fittings,EMT,"1-1/2"" EMT Compression Connector - Zinc Die Cast",1-1/2 EMT COMP CONN ZINC DIE CAST,"1-1/2""",,,,,,,EA,"[""1-1/2\"" emt compression connector - zinc die cast"", ""1-1/2 emt comp conn zinc die cast"", ""fittings"", ""emt"", ""conector"", ""1-1/2 emt compression connector""]",true
89119bbc-ab4e-5852-8b98-93593c7a134e,Fittings,EMT,"1-1/2"" EMT Compression Coupling - Steel",1-1/2 EMT COMP CPLG STEEL,"1-1/2""",,,,,,,EA,"[""1-1/2\"" emt compression coupling - steel"", ""1-1/2 emt comp cplg steel"", ""fittings"", ""emt"", ""union"", ""1-1/2 emt compression coupling""]",true
d7c1d92e-d470-5c60-b979-c83bf6d39801,Fittings,EMT,"1-1/2"" EMT Compression Coupling - Zinc Die Cast",1-1/2 EMT COMP CPLG ZINC DIE CAST,"1-1/2""",,,,,,,EA,"[""1-1/2\"" emt compression coupling - zinc die cast"", ""1-1/2 emt comp cplg zinc die cast"", ""fittings"", ""emt"", ""union"", ""1-1/2 emt compression coupling""]",true
092c2b94-f769-5a35-99d4-2b629ba3a4dc,Fittings,EMT,"1-1/2"" EMT Raintight Compression Connector - Steel",1-1/2 EMT RT COMP CONN STEEL,"1-1/2""",,,,,,,EA,"[""1-1/2\"" emt raintight compression connector - steel"", ""1-1/2 emt rt comp conn steel"", ""fittings"", ""emt"", ""conector"", ""1-1/2 emt raintight compression connector""]",true
aabb6fde-18bc-5061-b56a-2e272b04561a,Fittings,EMT,"1-1/2"" EMT Raintight Compression Coupling - Steel",1-1/2 EMT RT COMP CPLG STEEL,"1-1/2""",,,,,,,EA,"[""1-1/2\"" emt raintight compression coupling - steel"", ""1-1/2 emt rt comp cplg steel"", ""fittings"", ""emt"", ""union"", ""1-1/2 emt raintight compression coupling""]",true
fd018ba5-9833-55a6-91e8-c7841f3e5f7e,Fittings,EMT,"1-1/2"" EMT Set Screw Connector - Steel",1-1/2 EMT SS CONN STEEL,"1-1/2""",,,,,,,EA,"[""1-1/2\"" emt set screw connector - steel"", ""1-1/2 emt ss conn steel"", ""fittings"", ""emt"", ""conector"", ""1-1/2 emt set screw connector""]",true
9c6ca143-64c1-57d5-bd3d-4b4fa3fbb35f,Fittings,EMT,"1-1/2"" EMT Set Screw Connector - Zinc Die Cast",1-1/2 EMT SS CONN ZINC DIE CAST,"1-1/2""",,,,,,,EA,"[""1-1/2\"" emt set screw connector - zinc die cast"", ""1-1/2 emt ss conn zinc die cast"", ""fittings"", ""emt"", ""conector"", ""1-1/2 emt set screw connector""]",true
84cadf04-a729-5344-9eb4-070078acdc82,Fittings,EMT,"1-1/2"" EMT Set Screw Coupling - Steel",1-1/2 EMT SS CPLG STEEL,"1-1/2""",,,,,,,EA,"[""1-1/2\"" emt set screw coupling - steel"", ""1-1/2 emt ss cplg steel"", ""fittings"", ""emt"", ""union"", ""1-1/2 emt set screw coupling""]",true
308dfc06-582c-5490-877d-e432dcc9365a,Fittings,EMT,"1-1/2"" EMT Set Screw Coupling - Zinc Die Cast",1-1/2 EMT SS CPLG ZINC DIE CAST,"1-1/2""",,,,,,,EA,"[""1-1/2\"" emt set screw coupling - zinc die cast"", ""1-1/2 emt ss cplg zinc die cast"", ""fittings"", ""emt"", ""union"", ""1-1/2 emt set screw coupling""]",true
c4d9d836-b6a8-581a-b765-645308bb3d57,Fittings,EMT,"1-1/4"" EMT Compression Connector - Steel",1-1/4 EMT COMP CONN STEEL,"1-1/4""",,,,,,,EA,"[""1-1/4\"" emt compression connector - steel"", ""1-1/4 emt comp conn steel"", ""fittings"", ""emt"", ""conector"", ""1-1/4 emt compression connector""]",true
bad8a1a5-1ee9-558b-a957-c0b54b7d181d,Fittings,EMT,"1-1/4"" EMT Compression Connector - Zinc Die Cast",1-1/4 EMT COMP CONN ZINC DIE CAST,"1-1/4""",,,,,,,EA,"[""1-1/4\"" emt compression connector - zinc die cast"", ""1-1/4 emt comp conn zinc die cast"", ""fittings"", ""emt"", ""conector"", ""1-1/4 emt compression connector""]",true
7098eeec-e101-5015-8a06-50585d8ad9b0,Fittings,EMT,"1-1/4"" EMT Compression Coupling - Steel",1-1/4 EMT COMP CPLG STEEL,"1-1/4""",,,,,,,EA,"[""1-1/4\"" emt compression coupling - steel"", ""1-1/4 emt comp cplg steel"", ""fittings"", ""emt"", ""union"", ""1-1/4 emt compression coupling""]",true
d4ac1bb6-a08a-503f-a128-8aebb4d767d5,Fittings,EMT,"1-1/4"" EMT Compression Coupling - Zinc Die Cast",1-1/4 EMT COMP CPLG ZINC DIE CAST,"1-1/4""",,,,,,,EA,"[""1-1/4\"" emt compression coupling - zinc die cast"", ""1-1/4 emt comp cplg zinc die cast"", ""fittings"", ""emt"", ""union"", ""1-1/4 emt compression coupling""]",true
ee6f52b9-6796-50a1-b248-657bbfedc610,Fittings,EMT,"1-1/4"" EMT Raintight Compression Connector - Steel",1-1/4 EMT RT COMP CONN STEEL,"1-1/4""",,,,,,,EA,"[""1-1/4\"" emt raintight compression connector - steel"", ""1-1/4 emt rt comp conn steel"", ""fittings"", ""emt"", ""conector"", ""1-1/4 emt raintight compression connector""]",true
55f685c9-96be-56db-95aa-b91742c92e87,Fittings,EMT,"1-1/4"" EMT Raintight Compression Coupling - Steel",1-1/4 EMT RT COMP CPLG STEEL,"1-1/4""",,,,,,,EA,"[""1-1/4\"" emt raintight compression coupling - steel"", ""1-1/4 emt rt comp cplg steel"", ""fittings"", ""emt"", ""union"", ""1-1/4 emt raintight compression coupling""]",true
066d4b46-03d3-5052-b513-44574185ebfc,Fittings,EMT,"1-1/4"" EMT Set Screw Connector - Steel",1-1/4 EMT SS CONN STEEL,"1-1/4""",,,,,,,EA,"[""1-1/4\"" emt set screw connector - steel"", ""1-1/4 emt ss conn steel"", ""fittings"", ""emt"", ""conector"", ""1-1/4 emt set screw connector""]",true
2f908e6c-12a3-5309-9f32-6799106d1f2d,Fittings,EMT,"1-1/4"" EMT Set Screw Connector - Zinc Die Cast",1-1/4 EMT SS CONN ZINC DIE CAST,"1-1/4""",,,,,,,EA,"[""1-1/4\"" emt set screw connector - zinc die cast"", ""1-1/4 emt ss conn zinc die cast"", ""fittings"", ""emt"", ""conector"", ""1-1/4 emt set screw connector""]",true
49b21842-6ee7-5480-beb0-aabf463ce593,Fittings,EMT,"1-1/4"" EMT Set Screw Coupling - Steel",1-1/4 EMT SS CPLG STEEL,"1-1/4""",,,,,,,EA,"[""1-1/4\"" emt set screw coupling - steel"", ""1-1/4 emt ss cplg steel"", ""fittings"", ""emt"", ""union"", ""1-1/4 emt set screw coupling""]",true
4b840b20-143e-58f3-909a-27b0965655d4,Fittings,EMT,"1-1/4"" EMT Set Screw Coupling - Zinc Die Cast",1-1/4 EMT SS CPLG ZINC DIE CAST,"1-1/4""",,,,,,,EA,"[""1-1/4\"" emt set screw coupling - zinc die cast"", ""1-1/4 emt ss cplg zinc die cast"", ""fittings"", ""emt"", ""union"", ""1-1/4 emt set screw coupling""]",true
df15e703-2ae1-5999-8fb5-22ec2c81da75,Fittings,EMT,"1/2"" EMT Compression Connector - Steel",1/2 EMT COMP CONN STEEL,"1/2""",,,,,,,EA,"[""1/2\"" emt compression connector - steel"", ""1/2 emt comp conn steel"", ""fittings"", ""emt"", ""conector"", ""1/2 emt compression connector""]",true
d65a4d70-ad65-5599-9b52-2ce1090de8a7,Fittings,EMT,"1/2"" EMT Compression Connector - Zinc Die Cast",1/2 EMT COMP CONN ZINC DIE CAST,"1/2""",,,,,,,EA,"[""1/2\"" emt compression connector - zinc die cast"", ""1/2 emt comp conn zinc die cast"", ""fittings"", ""emt"", ""conector"", ""1/2 emt compression connector""]",true
f657f4ef-7278-5217-9995-4a7710279a24,Fittings,EMT,"1/2"" EMT Compression Coupling - Steel",1/2 EMT COMP CPLG STEEL,"1/2""",,,,,,,EA,"[""1/2\"" emt compression coupling - steel"", ""1/2 emt comp cplg steel"", ""fittings"", ""emt"", ""union"", ""1/2 emt compression coupling""]",true
dcb95dfb-4a4d-5da8-bcf8-1e3c5705530a,Fittings,EMT,"1/2"" EMT Compression Coupling - Zinc Die Cast",1/2 EMT COMP CPLG ZINC DIE CAST,"1/2""",,,,,,,EA,"[""1/2\"" emt compression coupling - zinc die cast"", ""1/2 emt comp cplg zinc die cast"", ""fittings"", ""emt"", ""union"", ""1/2 emt compression coupling""]",true
93298f25-75db-5295-9faa-04d5df3cba26,Fittings,EMT,"1/2"" EMT Raintight Compression Connector - Steel",1/2 EMT RT COMP CONN STEEL,"1/2""",,,,,,,EA,"[""1/2\"" emt raintight compression connector - steel"", ""1/2 emt rt comp conn steel"", ""fittings"", ""emt"", ""conector"", ""1/2 emt raintight compression connector""]",true
ca1aab0d-529e-514c-baca-eb99122e5a15,Fittings,EMT,"1/2"" EMT Raintight Compression Coupling - Steel",1/2 EMT RT COMP CPLG STEEL,"1/2""",,,,,,,EA,"[""1/2\"" emt raintight compression coupling - steel"", ""1/2 emt rt comp cplg steel"", ""fittings"", ""emt"", ""union"", ""1/2 emt raintight compression coupling""]",true
827095f3-151c-5945-ab8a-ce0113a9a8c3,Fittings,EMT,"1/2"" EMT Set Screw Connector - Steel",1/2 EMT SS CONN STEEL,"1/2""",,,,,,,EA,"[""1/2\"" emt set screw connector - steel"", ""1/2 emt ss conn steel"", ""fittings"", ""emt"", ""conector"", ""1/2 emt set screw connector""]",true
0420b32f-50fc-5a13-be74-23b3fe344af0,Fittings,EMT,"1/2"" EMT Set Screw Connector - Zinc Die Cast",1/2 EMT SS CONN ZINC DIE CAST,"1/2""",,,,,,,EA,"[""1/2\"" emt set screw connector - zinc die cast"", ""1/2 emt ss conn zinc die cast"", ""fittings"", ""emt"", ""conector"", ""1/2 emt set screw connector""]",true
648436e9-78ff-5e97-beb4-6413616deb56,Fittings,EMT,"1/2"" EMT Set Screw Coupling - Steel",1/2 EMT SS CPLG STEEL,"1/2""",,,,,,,EA,"[""1/2\"" emt set screw coupling - steel"", ""1/2 emt ss cplg steel"", ""fittings"", ""emt"", ""union"", ""1/2 emt set screw coupling""]",true
d2d7ddd3-c392-5ab0-b0e8-9e3a65f0c419,Fittings,EMT,"1/2"" EMT Set Screw Coupling - Zinc Die Cast",1/2 EMT SS CPLG ZINC DIE CAST,"1/2""",,,,,,,EA,"[""1/2\"" emt set screw coupling - zinc die cast"", ""1/2 emt ss cplg zinc die cast"", ""fittings"", ""emt"", ""union"", ""1/2 emt set screw coupling""]",true
f213b49a-8304-57a8-954d-86359d64945c,Fittings,EMT,"2"" EMT Compression Connector - Steel",2 EMT COMP CONN STEEL,"2""",,,,,,,EA,"[""2\"" emt compression connector - steel"", ""2 emt comp conn steel"", ""fittings"", ""emt"", ""conector"", ""2 emt compression connector""]",true
99f1877c-442d-5d51-a4eb-09ee5315516f,Fittings,EMT,"2"" EMT Compression Connector - Zinc Die Cast",2 EMT COMP CONN ZINC DIE CAST,"2""",,,,,,,EA,"[""2\"" emt compression connector - zinc die cast"", ""2 emt comp conn zinc die cast"", ""fittings"", ""emt"", ""conector"", ""2 emt compression connector""]",true
d6e442e3-e515-54de-a94c-47ea89dd4c0b,Fittings,EMT,"2"" EMT Compression Coupling - Steel",2 EMT COMP CPLG STEEL,"2""",,,,,,,EA,"[""2\"" emt compression coupling - steel"", ""2 emt comp cplg steel"", ""fittings"", ""emt"", ""union"", ""2 emt compression coupling""]",true
c7de4de7-a4c9-5eb9-88be-a64471f5fe40,Fittings,EMT,"2"" EMT Compression Coupling - Zinc Die Cast",2 EMT COMP CPLG ZINC DIE CAST,"2""",,,,,,,EA,"[""2\"" emt compression coupling - zinc die cast"", ""2 emt comp cplg zinc die cast"", ""fittings"", ""emt"", ""union"", ""2 emt compression coupling""]",true
f856e26e-fcb3-5294-b3ad-9fd8a6328bd6,Fittings,EMT,"2"" EMT Raintight Compression Connector - Steel",2 EMT RT COMP CONN STEEL,"2""",,,,,,,EA,"[""2\"" emt raintight compression connector - steel"", ""2 emt rt comp conn steel"", ""fittings"", ""emt"", ""conector"", ""2 emt raintight compression connector""]",true
bca84cb0-42cb-5eb2-8447-1942f348be88,Fittings,EMT,"2"" EMT Raintight Compression Coupling - Steel",2 EMT RT COMP CPLG STEEL,"2""",,,,,,,EA,"[""2\"" emt raintight compression coupling - steel"", ""2 emt rt comp cplg steel"", ""fittings"", ""emt"", ""union"", ""2 emt raintight compression coupling""]",true
e4ac85ff-0f25-5bec-8792-2ff2bdef188b,Fittings,EMT,"2"" EMT Set Screw Connector - Steel",2 EMT SS CONN STEEL,"2""",,,,,,,EA,"[""2\"" emt set screw connector - steel"", ""2 emt ss conn steel"", ""fittings"", ""emt"", ""conector"", ""2 emt set screw connector""]",true
04ba424c-6a6a-52fc-9b00-752c3fbae373,Fittings,EMT,"2"" EMT Set Screw Connector - Zinc Die Cast",2 EMT SS CONN ZINC DIE CAST,"2""",,,,,,,EA,"[""2\"" emt set screw connector - zinc die cast"", ""2 emt ss conn zinc die cast"", ""fittings"", ""emt"", ""conector"", ""2 emt set screw connector""]",true
0e0b4053-3d00-57f3-a542-3e8350df2e8a,Fittings,EMT,"2"" EMT Set Screw Coupling - Steel",2 EMT SS CPLG STEEL,"2""",,,,,,,EA,"[""2\"" emt set screw coupling - steel"", ""2 emt ss cplg steel"", ""fittings"", ""emt"", ""union"", ""2 emt set screw coupling""]",true
2523e66b-8b71-5b44-a31c-f7b1f1154edb,Fittings,EMT,"2"" EMT Set Screw Coupling - Zinc Die Cast",2 EMT SS CPLG ZINC DIE CAST,"2""",,,,,,,EA,"[""2\"" emt set screw coupling - zinc die cast"", ""2 emt ss cplg zinc die cast"", ""fittings"", ""emt"", ""union"", ""2 emt set screw coupling""]",true
a451759e-68fd-5428-8459-58f76cc08120,Fittings,EMT,"2-1/2"" EMT Compression Connector - Steel",2-1/2 EMT COMP CONN STEEL,"2-1/2""",,,,,,,EA,"[""2-1/2\"" emt compression connector - steel"", ""2-1/2 emt comp conn steel"", ""fittings"", ""emt"", ""conector"", ""2-1/2 emt compression connector""]",true
a742ac6d-cda9-55fe-a310-00a4e24506b4,Fittings,EMT,"2-1/2"" EMT Compression Connector - Zinc Die Cast",2-1/2 EMT COMP CONN ZINC DIE CAST,"2-1/2""",,,,,,,EA,"[""2-1/2\"" emt compression connector - zinc die cast"", ""2-1/2 emt comp conn zinc die cast"", ""fittings"", ""emt"", ""conector"", ""2-1/2 emt compression connector""]",true
68dcc012-c5c1-5af7-a5b2-ba9e48f482da,Fittings,EMT,"2-1/2"" EMT Compression Coupling - Steel",2-1/2 EMT COMP CPLG STEEL,"2-1/2""",,,,,,,EA,"[""2-1/2\"" emt compression coupling - steel"", ""2-1/2 emt comp cplg steel"", ""fittings"", ""emt"", ""union"", ""2-1/2 emt compression coupling""]",true
3122cfb4-ecec-5f3a-a298-3f93f60ff0d7,Fittings,EMT,"2-1/2"" EMT Compression Coupling - Zinc Die Cast",2-1/2 EMT COMP CPLG ZINC DIE CAST,"2-1/2""",,,,,,,EA,"[""2-1/2\"" emt compression coupling - zinc die cast"", ""2-1/2 emt comp cplg zinc die cast"", ""fittings"", ""emt"", ""union"", ""2-1/2 emt compression coupling""]",true
08e4b149-485d-5ce8-8c45-ddd05f9f6c66,Fittings,EMT,"2-1/2"" EMT Raintight Compression Connector - Steel",2-1/2 EMT RT COMP CONN STEEL,"2-1/2""",,,,,,,EA,"[""2-1/2\"" emt raintight compression connector - steel"", ""2-1/2 emt rt comp conn steel"", ""fittings"", ""emt"", ""conector"", ""2-1/2 emt raintight compression connector""]",true
46878368-f9ff-5797-b70f-3c0d10d013a4,Fittings,EMT,"2-1/2"" EMT Raintight Compression Coupling - Steel",2-1/2 EMT RT COMP CPLG STEEL,"2-1/2""",,,,,,,EA,"[""2-1/2\"" emt raintight compression coupling - steel"", ""2-1/2 emt rt comp cplg steel"", ""fittings"", ""emt"", ""union"", ""2-1/2 emt raintight compression coupling""]",true
19e57d2c-8c44-5bd7-980b-6b01d1058409,Fittings,EMT,"2-1/2"" EMT Set Screw Connector - Steel",2-1/2 EMT SS CONN STEEL,"2-1/2""",,,,,,,EA,"[""2-1/2\"" emt set screw connector - steel"", ""2-1/2 emt ss conn steel"", ""fittings"", ""emt"", ""conector"", ""2-1/2 emt set screw connector""]",true
1dca6f14-269b-5c99-963c-1aa914534090,Fittings,EMT,"2-1/2"" EMT Set Screw Connector - Zinc Die Cast",2-1/2 EMT SS CONN ZINC DIE CAST,"2-1/2""",,,,,,,EA,"[""2-1/2\"" emt set screw connector - zinc die cast"", ""2-1/2 emt ss conn zinc die cast"", ""fittings"", ""emt"", ""conector"", ""2-1/2 emt set screw connector""]",true
4a77e232-0aa0-58a1-9365-7c1fb86fe4de,Fittings,EMT,"2-1/2"" EMT Set Screw Coupling - Steel",2-1/2 EMT SS CPLG STEEL,"2-1/2""",,,,,,,EA,"[""2-1/2\"" emt set screw coupling - steel"", ""2-1/2 emt ss cplg steel"", ""fittings"", ""emt"", ""union"", ""2-1/2 emt set screw coupling""]",true
34fdc03a-7759-549d-8d70-fed6bcb925be,Fittings,EMT,"2-1/2"" EMT Set Screw Coupling - Zinc Die Cast",2-1/2 EMT SS CPLG ZINC DIE CAST,"2-1/2""",,,,,,,EA,"[""2-1/2\"" emt set screw coupling - zinc die cast"", ""2-1/2 emt ss cplg zinc die cast"", ""fittings"", ""emt"", ""union"", ""2-1/2 emt set screw coupling""]",true
4ca0783e-6406-5396-b787-c56cd8713235,Fittings,EMT,"3"" EMT Compression Connector - Steel",3 EMT COMP CONN STEEL,"3""",,,,,,,EA,"[""3\"" emt compression connector - steel"", ""3 emt comp conn steel"", ""fittings"", ""emt"", ""conector"", ""3 emt compression connector""]",true
b577cace-3575-5a42-950a-3d9f74c46da6,Fittings,EMT,"3"" EMT Compression Connector - Zinc Die Cast",3 EMT COMP CONN ZINC DIE CAST,"3""",,,,,,,EA,"[""3\"" emt compression connector - zinc die cast"", ""3 emt comp conn zinc die cast"", ""fittings"", ""emt"", ""conector"", ""3 emt compression connector""]",true
622344f2-4b9b-5e93-bf9f-f35fd8debfd8,Fittings,EMT,"3"" EMT Compression Coupling - Steel",3 EMT COMP CPLG STEEL,"3""",,,,,,,EA,"[""3\"" emt compression coupling - steel"", ""3 emt comp cplg steel"", ""fittings"", ""emt"", ""union"", ""3 emt compression coupling""]",true
bb7396a9-292b-591c-8497-1774f56b4d7c,Fittings,EMT,"3"" EMT Compression Coupling - Zinc Die Cast",3 EMT COMP CPLG ZINC DIE CAST,"3""",,,,,,,EA,"[""3\"" emt compression coupling - zinc die cast"", ""3 emt comp cplg zinc die cast"", ""fittings"", ""emt"", ""union"", ""3 emt compression coupling""]",true
c2fe6c5f-bb6c-5649-a01d-f98c1df21d26,Fittings,EMT,"3"" EMT Raintight Compression Connector - Steel",3 EMT RT COMP CONN STEEL,"3""",,,,,,,EA,"[""3\"" emt raintight compression connector - steel"", ""3 emt rt comp conn steel"", ""fittings"", ""emt"", ""conector"", ""3 emt raintight compression connector""]",true
95d7b5ef-ba00-56ed-b04d-cbaef60fa6c7,Fittings,EMT,"3"" EMT Raintight Compression Coupling - Steel",3 EMT RT COMP CPLG STEEL,"3""",,,,,,,EA,"[""3\"" emt raintight compression coupling - steel"", ""3 emt rt comp cplg steel"", ""fittings"", ""emt"", ""union"", ""3 emt raintight compression coupling""]",true
d7e6d283-840b-5e4f-8f20-082760182d1d,Fittings,EMT,"3"" EMT Set Screw Connector - Steel",3 EMT SS CONN STEEL,"3""",,,,,,,EA,"[""3\"" emt set screw connector - steel"", ""3 emt ss conn steel"", ""fittings"", ""emt"", ""conector"", ""3 emt set screw connector""]",true
ac828064-5cdf-55b8-8f61-149bc3984a9a,Fittings,EMT,"3"" EMT Set Screw Connector - Zinc Die Cast",3 EMT SS CONN ZINC DIE CAST,"3""",,,,,,,EA,"[""3\"" emt set screw connector - zinc die cast"", ""3 emt ss conn zinc die cast"", ""fittings"", ""emt"", ""conector"", ""3 emt set screw connector""]",true
f0a11705-eda5-52ec-a8e6-1e9dda2ca778,Fittings,EMT,"3"" EMT Set Screw Coupling - Steel",3 EMT SS CPLG STEEL,"3""",,,,,,,EA,"[""3\"" emt set screw coupling - steel"", ""3 emt ss cplg steel"", ""fittings"", ""emt"", ""union"", ""3 emt set screw coupling""]",true
25c53776-3fd4-529a-b349-ec181f738ec2,Fittings,EMT,"3"" EMT Set Screw Coupling - Zinc Die Cast",3 EMT SS CPLG ZINC DIE CAST,"3""",,,,,,,EA,"[""3\"" emt set screw coupling - zinc die cast"", ""3 emt ss cplg zinc die cast"", ""fittings"", ""emt"", ""union"", ""3 emt set screw coupling""]",true
986ea76a-faef-505d-bd69-65ffff18efa6,Fittings,EMT,"3-1/2"" EMT Compression Connector - Steel",3-1/2 EMT COMP CONN STEEL,"3-1/2""",,,,,,,EA,"[""3-1/2\"" emt compression connector - steel"", ""3-1/2 emt comp conn steel"", ""fittings"", ""emt"", ""conector"", ""3-1/2 emt compression connector""]",true
bf0a424c-c399-57e8-8303-8153aee1c3d1,Fittings,EMT,"3-1/2"" EMT Compression Connector - Zinc Die Cast",3-1/2 EMT COMP CONN ZINC DIE CAST,"3-1/2""",,,,,,,EA,"[""3-1/2\"" emt compression connector - zinc die cast"", ""3-1/2 emt comp conn zinc die cast"", ""fittings"", ""emt"", ""conector"", ""3-1/2 emt compression connector""]",true
b2247aab-fd77-5d50-b6c5-8d1077f917d8,Fittings,EMT,"3-1/2"" EMT Compression Coupling - Steel",3-1/2 EMT COMP CPLG STEEL,"3-1/2""",,,,,,,EA,"[""3-1/2\"" emt compression coupling - steel"", ""3-1/2 emt comp cplg steel"", ""fittings"", ""emt"", ""union"", ""3-1/2 emt compression coupling""]",true
0d795abb-0b67-5df4-84ac-f70be3b6e82e,Fittings,EMT,"3-1/2"" EMT Compression Coupling - Zinc Die Cast",3-1/2 EMT COMP CPLG ZINC DIE CAST,"3-1/2""",,,,,,,EA,"[""3-1/2\"" emt compression coupling - zinc die cast"", ""3-1/2 emt comp cplg zinc die cast"", ""fittings"", ""emt"", ""union"", ""3-1/2 emt compression coupling""]",true
4db04fa3-c7f8-588c-943e-a7e6f29b88ea,Fittings,EMT,"3-1/2"" EMT Raintight Compression Connector - Steel",3-1/2 EMT RT COMP CONN STEEL,"3-1/2""",,,,,,,EA,"[""3-1/2\"" emt raintight compression connector - steel"", ""3-1/2 emt rt comp conn steel"", ""fittings"", ""emt"", ""conector"", ""3-1/2 emt raintight compression connector""]",true
b6027799-3551-5ee7-bd5e-abd9ae856282,Fittings,EMT,"3-1/2"" EMT Raintight Compression Coupling - Steel",3-1/2 EMT RT COMP CPLG STEEL,"3-1/2""",,,,,,,EA,"[""3-1/2\"" emt raintight compression coupling - steel"", ""3-1/2 emt rt comp cplg steel"", ""fittings"", ""emt"", ""union"", ""3-1/2 emt raintight compression coupling""]",true
bdca8ad9-df0c-50cd-a753-2a14c6222a62,Fittings,EMT,"3-1/2"" EMT Set Screw Connector - Steel",3-1/2 EMT SS CONN STEEL,"3-1/2""",,,,,,,EA,"[""3-1/2\"" emt set screw connector - steel"", ""3-1/2 emt ss conn steel"", ""fittings"", ""emt"", ""conector"", ""3-1/2 emt set screw connector""]",true
d485a4fb-78d7-5e99-85ae-f346fd83d730,Fittings,EMT,"3-1/2"" EMT Set Screw Connector - Zinc Die Cast",3-1/2 EMT SS CONN ZINC DIE CAST,"3-1/2""",,,,,,,EA,"[""3-1/2\"" emt set screw connector - zinc die cast"", ""3-1/2 emt ss conn zinc die cast"", ""fittings"", ""emt"", ""conector"", ""3-1/2 emt set screw connector""]",true
87e5e6d7-7d29-506a-a111-dbf54dc66b4d,Fittings,EMT,"3-1/2"" EMT Set Screw Coupling - Steel",3-1/2 EMT SS CPLG STEEL,"3-1/2""",,,,,,,EA,"[""3-1/2\"" emt set screw coupling - steel"", ""3-1/2 emt ss cplg steel"", ""fittings"", ""emt"", ""union"", ""3-1/2 emt set screw coupling""]",true
ecf37c92-39e5-5089-aea5-9a0aba0cb4a1,Fittings,EMT,"3-1/2"" EMT Set Screw Coupling - Zinc Die Cast",3-1/2 EMT SS CPLG ZINC DIE CAST,"3-1/2""",,,,,,,EA,"[""3-1/2\"" emt set screw coupling - zinc die cast"", ""3-1/2 emt ss cplg zinc die cast"", ""fittings"", ""emt"", ""union"", ""3-1/2 emt set screw coupling""]",true
533f0db4-8f68-56fa-8768-0612edc0deba,Fittings,EMT,"3/4"" EMT Compression Connector - Steel",3/4 EMT COMP CONN STEEL,"3/4""",,,,,,,EA,"[""3/4\"" emt compression connector - steel"", ""3/4 emt comp conn steel"", ""fittings"", ""emt"", ""conector"", ""3/4 emt compression connector""]",true
6e13cda3-c86b-5f2d-b7c5-f2efc2b1b120,Fittings,EMT,"3/4"" EMT Compression Connector - Zinc Die Cast",3/4 EMT COMP CONN ZINC DIE CAST,"3/4""",,,,,,,EA,"[""3/4\"" emt compression connector - zinc die cast"", ""3/4 emt comp conn zinc die cast"", ""fittings"", ""emt"", ""conector"", ""3/4 emt compression connector""]",true
061dced5-31cb-52f6-847b-fed444867616,Fittings,EMT,"3/4"" EMT Compression Coupling - Steel",3/4 EMT COMP CPLG STEEL,"3/4""",,,,,,,EA,"[""3/4\"" emt compression coupling - steel"", ""3/4 emt comp cplg steel"", ""fittings"", ""emt"", ""union"", ""3/4 emt compression coupling""]",true
3e6156fe-33f6-5ebd-87d3-da0c7b62e89f,Fittings,EMT,"3/4"" EMT Compression Coupling - Zinc Die Cast",3/4 EMT COMP CPLG ZINC DIE CAST,"3/4""",,,,,,,EA,"[""3/4\"" emt compression coupling - zinc die cast"", ""3/4 emt comp cplg zinc die cast"", ""fittings"", ""emt"", ""union"", ""3/4 emt compression coupling""]",true
403dc070-d572-5da7-94f7-5307ca8e0d65,Fittings,EMT,"3/4"" EMT Raintight Compression Connector - Steel",3/4 EMT RT COMP CONN STEEL,"3/4""",,,,,,,EA,"[""3/4\"" emt raintight compression connector - steel"", ""3/4 emt rt comp conn steel"", ""fittings"", ""emt"", ""conector"", ""3/4 emt raintight compression connector""]",true
db8a0ab6-255b-5950-a401-fb7d1cfbc7b7,Fittings,EMT,"3/4"" EMT Raintight Compression Coupling - Steel",3/4 EMT RT COMP CPLG STEEL,"3/4""",,,,,,,EA,"[""3/4\"" emt raintight compression coupling - steel"", ""3/4 emt rt comp cplg steel"", ""fittings"", ""emt"", ""union"", ""3/4 emt raintight compression coupling""]",true
70dd8c8c-6858-5f81-be12-9e8f689e58c3,Fittings,EMT,"3/4"" EMT Set Screw Connector - Steel",3/4 EMT SS CONN STEEL,"3/4""",,,,,,,EA,"[""3/4\"" emt set screw connector - steel"", ""3/4 emt ss conn steel"", ""fittings"", ""emt"", ""conector"", ""3/4 emt set screw connector""]",true
01b8be4f-6fd4-5889-bf66-da4b6fac3f1f,Fittings,EMT,"3/4"" EMT Set Screw Connector - Zinc Die Cast",3/4 EMT SS CONN ZINC DIE CAST,"3/4""",,,,,,,EA,"[""3/4\"" emt set screw connector - zinc die cast"", ""3/4 emt ss conn zinc die cast"", ""fittings"", ""emt"", ""conector"", ""3/4 emt set screw connector""]",true
1488af0e-f86f-5e1b-b491-2245b5e1cb91,Fittings,EMT,"3/4"" EMT Set Screw Coupling - Steel",3/4 EMT SS CPLG STEEL,"3/4""",,,,,,,EA,"[""3/4\"" emt set screw coupling - steel"", ""3/4 emt ss cplg steel"", ""fittings"", ""emt"", ""union"", ""3/4 emt set screw coupling""]",true
eb0ff3b9-4b8d-5700-af36-cdc6d3d12c0f,Fittings,EMT,"3/4"" EMT Set Screw Coupling - Zinc Die Cast",3/4 EMT SS CPLG ZINC DIE CAST,"3/4""",,,,,,,EA,"[""3/4\"" emt set screw coupling - zinc die cast"", ""3/4 emt ss cplg zinc die cast"", ""fittings"", ""emt"", ""union"", ""3/4 emt set screw coupling""]",true
65114a52-c012-53f9-88bf-7d1884accabe,Fittings,EMT,"4"" EMT Compression Connector - Steel",4 EMT COMP CONN STEEL,"4""",,,,,,,EA,"[""4\"" emt compression connector - steel"", ""4 emt comp conn steel"", ""fittings"", ""emt"", ""conector"", ""4 emt compression connector""]",true
ded91ed0-bd32-5b87-933b-cb0056d3597c,Fittings,EMT,"4"" EMT Compression Connector - Zinc Die Cast",4 EMT COMP CONN ZINC DIE CAST,"4""",,,,,,,EA,"[""4\"" emt compression connector - zinc die cast"", ""4 emt comp conn zinc die cast"", ""fittings"", ""emt"", ""conector"", ""4 emt compression connector""]",true
862320d8-bf4f-5eab-b94c-d2a9ec3d17f3,Fittings,EMT,"4"" EMT Compression Coupling - Steel",4 EMT COMP CPLG STEEL,"4""",,,,,,,EA,"[""4\"" emt compression coupling - steel"", ""4 emt comp cplg steel"", ""fittings"", ""emt"", ""union"", ""4 emt compression coupling""]",true
e389a408-75d6-56c4-9959-e78d30b7b311,Fittings,EMT,"4"" EMT Compression Coupling - Zinc Die Cast",4 EMT COMP CPLG ZINC DIE CAST,"4""",,,,,,,EA,"[""4\"" emt compression coupling - zinc die cast"", ""4 emt comp cplg zinc die cast"", ""fittings"", ""emt"", ""union"", ""4 emt compression coupling""]",true
d970ed93-2a02-5cbc-a744-9b39293f7643,Fittings,EMT,"4"" EMT Raintight Compression Connector - Steel",4 EMT RT COMP CONN STEEL,"4""",,,,,,,EA,"[""4\"" emt raintight compression connector - steel"", ""4 emt rt comp conn steel"", ""fittings"", ""emt"", ""conector"", ""4 emt raintight compression connector""]",true
d0b24a5b-63e9-5f0d-979f-aae68a2ccf9b,Fittings,EMT,"4"" EMT Raintight Compression Coupling - Steel",4 EMT RT COMP CPLG STEEL,"4""",,,,,,,EA,"[""4\"" emt raintight compression coupling - steel"", ""4 emt rt comp cplg steel"", ""fittings"", ""emt"", ""union"", ""4 emt raintight compression coupling""]",true
888aaae6-3de3-587c-81ae-f58d462466e5,Fittings,EMT,"4"" EMT Set Screw Connector - Steel",4 EMT SS CONN STEEL,"4""",,,,,,,EA,"[""4\"" emt set screw connector - steel"", ""4 emt ss conn steel"", ""fittings"", ""emt"", ""conector"", ""4 emt set screw connector""]",true
620815a2-63c5-5ede-9fb8-8595bd3b1220,Fittings,EMT,"4"" EMT Set Screw Connector - Zinc Die Cast",4 EMT SS CONN ZINC DIE CAST,"4""",,,,,,,EA,"[""4\"" emt set screw connector - zinc die cast"", ""4 emt ss conn zinc die cast"", ""fittings"", ""emt"", ""conector"", ""4 emt set screw connector""]",true
bcffed1a-a8c2-5713-984e-94a1d2e5f9e2,Fittings,EMT,"4"" EMT Set Screw Coupling - Steel",4 EMT SS CPLG STEEL,"4""",,,,,,,EA,"[""4\"" emt set screw coupling - steel"", ""4 emt ss cplg steel"", ""fittings"", ""emt"", ""union"", ""4 emt set screw coupling""]",true
7f3d8468-b998-5818-8126-a1496115e867,Fittings,EMT,"4"" EMT Set Screw Coupling - Zinc Die Cast",4 EMT SS CPLG ZINC DIE CAST,"4""",,,,,,,EA,"[""4\"" emt set screw coupling - zinc die cast"", ""4 emt ss cplg zinc die cast"", ""fittings"", ""emt"", ""union"", ""4 emt set screw coupling""]",true
77247c2e-66ad-50ac-a8d4-ab4f5d71498a,Fittings,Flexible Conduit,"1"" FMC Zinc Die Cast 90 Degree Connector",1 FMC 90 DEGREE CONN ZINC DIE CAST,"1""",,,,,,,EA,"[""1\"" fmc zinc die cast 90 degree connector"", ""1 fmc 90 degree conn zinc die cast"", ""fittings"", ""flexible conduit"", ""flex connector"", ""conector flexible"", ""fmc connector""]",true
004dd16e-085f-557c-81b6-dee9c1fc55f5,Fittings,Flexible Conduit,"1"" FMC Zinc Die Cast Straight Connector",1 FMC STRAIGHT CONN ZINC DIE CAST,"1""",,,,,,,EA,"[""1\"" fmc zinc die cast straight connector"", ""1 fmc straight conn zinc die cast"", ""fittings"", ""flexible conduit"", ""flex connector"", ""conector flexible"", ""fmc connector""]",true
85520706-9c8d-5555-8716-d1eeb7902a2d,Fittings,Flexible Conduit,"1"" LFMC Metal 45 Degree Connector",1 LFMC 45 DEGREE CONN METAL,"1""",,,,,,,EA,"[""1\"" lfmc metal 45 degree connector"", ""1 lfmc 45 degree conn metal"", ""fittings"", ""flexible conduit"", ""flex connector"", ""conector flexible"", ""sealtight connector""]",true
7a689ada-f4d4-59e2-b195-e726ec4df5f7,Fittings,Flexible Conduit,"1"" LFMC Metal 90 Degree Connector",1 LFMC 90 DEGREE CONN METAL,"1""",,,,,,,EA,"[""1\"" lfmc metal 90 degree connector"", ""1 lfmc 90 degree conn metal"", ""fittings"", ""flexible conduit"", ""flex connector"", ""conector flexible"", ""sealtight connector""]",true
73ee3ddf-89eb-506c-b649-069e74b8fa7b,Fittings,Flexible Conduit,"1"" LFMC Metal Straight Connector",1 LFMC STRAIGHT CONN METAL,"1""",,,,,,,EA,"[""1\"" lfmc metal straight connector"", ""1 lfmc straight conn metal"", ""fittings"", ""flexible conduit"", ""flex connector"", ""conector flexible"", ""sealtight connector""]",true
5830e88a-469f-5e41-ab32-52c7e0e7204f,Fittings,Flexible Conduit,"1"" LFNC-B Nonmetallic 90 Degree Connector",1 LFNC-B 90 DEGREE CONN NONMETALLIC,"1""",,,,,,,EA,"[""1\"" lfnc-b nonmetallic 90 degree connector"", ""1 lfnc-b 90 degree conn nonmetallic"", ""fittings"", ""flexible conduit"", ""flex connector"", ""conector flexible"", ""sealtight connector""]",true
da346e0f-6893-5e55-94c1-3c266f4a49ea,Fittings,Flexible Conduit,"1"" LFNC-B Nonmetallic Straight Connector",1 LFNC-B STRAIGHT CONN NONMETALLIC,"1""",,,,,,,EA,"[""1\"" lfnc-b nonmetallic straight connector"", ""1 lfnc-b straight conn nonmetallic"", ""fittings"", ""flexible conduit"", ""flex connector"", ""conector flexible"", ""sealtight connector""]",true
ed0b350e-9622-5589-a1dc-90d472d57cdd,Fittings,Flexible Conduit,"1-1/2"" FMC Zinc Die Cast 90 Degree Connector",1-1/2 FMC 90 DEGREE CONN ZINC DIE CAST,"1-1/2""",,,,,,,EA,"[""1-1/2\"" fmc zinc die cast 90 degree connector"", ""1-1/2 fmc 90 degree conn zinc die cast"", ""fittings"", ""flexible conduit"", ""flex connector"", ""conector flexible"", ""fmc connector""]",true
9fede9c2-6128-594b-b329-5d7cde25b1e6,Fittings,Flexible Conduit,"1-1/2"" FMC Zinc Die Cast Straight Connector",1-1/2 FMC STRAIGHT CONN ZINC DIE CAST,"1-1/2""",,,,,,,EA,"[""1-1/2\"" fmc zinc die cast straight connector"", ""1-1/2 fmc straight conn zinc die cast"", ""fittings"", ""flexible conduit"", ""flex connector"", ""conector flexible"", ""fmc connector""]",true
79bc8818-2d97-5910-b43b-c9d72674a398,Fittings,Flexible Conduit,"1-1/2"" LFMC Metal 45 Degree Connector",1-1/2 LFMC 45 DEGREE CONN METAL,"1-1/2""",,,,,,,EA,"[""1-1/2\"" lfmc metal 45 degree connector"", ""1-1/2 lfmc 45 degree conn metal"", ""fittings"", ""flexible conduit"", ""flex connector"", ""conector flexible"", ""sealtight connector""]",true
9ac9d20c-d8e3-582d-989e-b9267e41f47c,Fittings,Flexible Conduit,"1-1/2"" LFMC Metal 90 Degree Connector",1-1/2 LFMC 90 DEGREE CONN METAL,"1-1/2""",,,,,,,EA,"[""1-1/2\"" lfmc metal 90 degree connector"", ""1-1/2 lfmc 90 degree conn metal"", ""fittings"", ""flexible conduit"", ""flex connector"", ""conector flexible"", ""sealtight connector""]",true
65f748ef-a22d-52c9-b4e4-4f9813fe6500,Fittings,Flexible Conduit,"1-1/2"" LFMC Metal Straight Connector",1-1/2 LFMC STRAIGHT CONN METAL,"1-1/2""",,,,,,,EA,"[""1-1/2\"" lfmc metal straight connector"", ""1-1/2 lfmc straight conn metal"", ""fittings"", ""flexible conduit"", ""flex connector"", ""conector flexible"", ""sealtight connector""]",true
2a88444e-61a2-5c59-97f6-a96e55e3c640,Fittings,Flexible Conduit,"1-1/2"" LFNC-B Nonmetallic 90 Degree Connector",1-1/2 LFNC-B 90 DEGREE CONN NONMETALLIC,"1-1/2""",,,,,,,EA,"[""1-1/2\"" lfnc-b nonmetallic 90 degree connector"", ""1-1/2 lfnc-b 90 degree conn nonmetallic"", ""fittings"", ""flexible conduit"", ""flex connector"", ""conector flexible"", ""sealtight connector""]",true
f9701cf4-4042-57ba-b4b2-f7c7fa6472ed,Fittings,Flexible Conduit,"1-1/2"" LFNC-B Nonmetallic Straight Connector",1-1/2 LFNC-B STRAIGHT CONN NONMETALLIC,"1-1/2""",,,,,,,EA,"[""1-1/2\"" lfnc-b nonmetallic straight connector"", ""1-1/2 lfnc-b straight conn nonmetallic"", ""fittings"", ""flexible conduit"", ""flex connector"", ""conector flexible"", ""sealtight connector""]",true
c620aef4-947a-5746-921f-552b6bbe113d,Fittings,Flexible Conduit,"1-1/4"" FMC Zinc Die Cast 90 Degree Connector",1-1/4 FMC 90 DEGREE CONN ZINC DIE CAST,"1-1/4""",,,,,,,EA,"[""1-1/4\"" fmc zinc die cast 90 degree connector"", ""1-1/4 fmc 90 degree conn zinc die cast"", ""fittings"", ""flexible conduit"", ""flex connector"", ""conector flexible"", ""fmc connector""]",true
12bf0f75-445b-5458-9210-e6fed34753dc,Fittings,Flexible Conduit,"1-1/4"" FMC Zinc Die Cast Straight Connector",1-1/4 FMC STRAIGHT CONN ZINC DIE CAST,"1-1/4""",,,,,,,EA,"[""1-1/4\"" fmc zinc die cast straight connector"", ""1-1/4 fmc straight conn zinc die cast"", ""fittings"", ""flexible conduit"", ""flex connector"", ""conector flexible"", ""fmc connector""]",true
28176061-7592-5ba9-a279-76807ccc1bc3,Fittings,Flexible Conduit,"1-1/4"" LFMC Metal 45 Degree Connector",1-1/4 LFMC 45 DEGREE CONN METAL,"1-1/4""",,,,,,,EA,"[""1-1/4\"" lfmc metal 45 degree connector"", ""1-1/4 lfmc 45 degree conn metal"", ""fittings"", ""flexible conduit"", ""flex connector"", ""conector flexible"", ""sealtight connector""]",true
dbfc51fb-3427-59ac-a7c2-b7f66064206b,Fittings,Flexible Conduit,"1-1/4"" LFMC Metal 90 Degree Connector",1-1/4 LFMC 90 DEGREE CONN METAL,"1-1/4""",,,,,,,EA,"[""1-1/4\"" lfmc metal 90 degree connector"", ""1-1/4 lfmc 90 degree conn metal"", ""fittings"", ""flexible conduit"", ""flex connector"", ""conector flexible"", ""sealtight connector""]",true
3bfb71e1-0a76-5f82-900f-48455de13c09,Fittings,Flexible Conduit,"1-1/4"" LFMC Metal Straight Connector",1-1/4 LFMC STRAIGHT CONN METAL,"1-1/4""",,,,,,,EA,"[""1-1/4\"" lfmc metal straight connector"", ""1-1/4 lfmc straight conn metal"", ""fittings"", ""flexible conduit"", ""flex connector"", ""conector flexible"", ""sealtight connector""]",true
29a3abb4-4bd5-5451-b58b-6742789cf80a,Fittings,Flexible Conduit,"1-1/4"" LFNC-B Nonmetallic 90 Degree Connector",1-1/4 LFNC-B 90 DEGREE CONN NONMETALLIC,"1-1/4""",,,,,,,EA,"[""1-1/4\"" lfnc-b nonmetallic 90 degree connector"", ""1-1/4 lfnc-b 90 degree conn nonmetallic"", ""fittings"", ""flexible conduit"", ""flex connector"", ""conector flexible"", ""sealtight connector""]",true
abe7ea75-f227-5b3c-9808-53dc9cf5f9c0,Fittings,Flexible Conduit,"1-1/4"" LFNC-B Nonmetallic Straight Connector",1-1/4 LFNC-B STRAIGHT CONN NONMETALLIC,"1-1/4""",,,,,,,EA,"[""1-1/4\"" lfnc-b nonmetallic straight connector"", ""1-1/4 lfnc-b straight conn nonmetallic"", ""fittings"", ""flexible conduit"", ""flex connector"", ""conector flexible"", ""sealtight connector""]",true
adae5b4b-5ca6-53de-889e-3cbe7b4a71d7,Fittings,Flexible Conduit,"1/2"" FMC Zinc Die Cast 90 Degree Connector",1/2 FMC 90 DEGREE CONN ZINC DIE CAST,"1/2""",,,,,,,EA,"[""1/2\"" fmc zinc die cast 90 degree connector"", ""1/2 fmc 90 degree conn zinc die cast"", ""fittings"", ""flexible conduit"", ""flex connector"", ""conector flexible"", ""fmc connector""]",true
8260b3fd-9970-5935-a2ad-43b12b36e450,Fittings,Flexible Conduit,"1/2"" FMC Zinc Die Cast Straight Connector",1/2 FMC STRAIGHT CONN ZINC DIE CAST,"1/2""",,,,,,,EA,"[""1/2\"" fmc zinc die cast straight connector"", ""1/2 fmc straight conn zinc die cast"", ""fittings"", ""flexible conduit"", ""flex connector"", ""conector flexible"", ""fmc connector""]",true
1cca5f65-6e3f-5386-bcb9-41e9032e53df,Fittings,Flexible Conduit,"1/2"" LFMC Metal 45 Degree Connector",1/2 LFMC 45 DEGREE CONN METAL,"1/2""",,,,,,,EA,"[""1/2\"" lfmc metal 45 degree connector"", ""1/2 lfmc 45 degree conn metal"", ""fittings"", ""flexible conduit"", ""flex connector"", ""conector flexible"", ""sealtight connector""]",true
983523cd-c752-596c-9393-6fe39d3e4fa0,Fittings,Flexible Conduit,"1/2"" LFMC Metal 90 Degree Connector",1/2 LFMC 90 DEGREE CONN METAL,"1/2""",,,,,,,EA,"[""1/2\"" lfmc metal 90 degree connector"", ""1/2 lfmc 90 degree conn metal"", ""fittings"", ""flexible conduit"", ""flex connector"", ""conector flexible"", ""sealtight connector""]",true
068779f4-7750-56eb-9cb9-99a104281cf2,Fittings,Flexible Conduit,"1/2"" LFMC Metal Straight Connector",1/2 LFMC STRAIGHT CONN METAL,"1/2""",,,,,,,EA,"[""1/2\"" lfmc metal straight connector"", ""1/2 lfmc straight conn metal"", ""fittings"", ""flexible conduit"", ""flex connector"", ""conector flexible"", ""sealtight connector""]",true
2fd7af3a-a75f-57a5-a2c9-ce387aa17755,Fittings,Flexible Conduit,"1/2"" LFNC-B Nonmetallic 90 Degree Connector",1/2 LFNC-B 90 DEGREE CONN NONMETALLIC,"1/2""",,,,,,,EA,"[""1/2\"" lfnc-b nonmetallic 90 degree connector"", ""1/2 lfnc-b 90 degree conn nonmetallic"", ""fittings"", ""flexible conduit"", ""flex connector"", ""conector flexible"", ""sealtight connector""]",true
2e882ec0-14b7-5b9f-8605-e861931f9ae9,Fittings,Flexible Conduit,"1/2"" LFNC-B Nonmetallic Straight Connector",1/2 LFNC-B STRAIGHT CONN NONMETALLIC,"1/2""",,,,,,,EA,"[""1/2\"" lfnc-b nonmetallic straight connector"", ""1/2 lfnc-b straight conn nonmetallic"", ""fittings"", ""flexible conduit"", ""flex connector"", ""conector flexible"", ""sealtight connector""]",true
e614c0cc-14fc-5820-829e-48f44d4229c0,Fittings,Flexible Conduit,"2"" FMC Zinc Die Cast 90 Degree Connector",2 FMC 90 DEGREE CONN ZINC DIE CAST,"2""",,,,,,,EA,"[""2\"" fmc zinc die cast 90 degree connector"", ""2 fmc 90 degree conn zinc die cast"", ""fittings"", ""flexible conduit"", ""flex connector"", ""conector flexible"", ""fmc connector""]",true
3068c726-d85b-5e6e-801e-563686527641,Fittings,Flexible Conduit,"2"" FMC Zinc Die Cast Straight Connector",2 FMC STRAIGHT CONN ZINC DIE CAST,"2""",,,,,,,EA,"[""2\"" fmc zinc die cast straight connector"", ""2 fmc straight conn zinc die cast"", ""fittings"", ""flexible conduit"", ""flex connector"", ""conector flexible"", ""fmc connector""]",true
bac7a297-4918-5852-82c1-bd5ab3b08f5b,Fittings,Flexible Conduit,"2"" LFMC Metal 45 Degree Connector",2 LFMC 45 DEGREE CONN METAL,"2""",,,,,,,EA,"[""2\"" lfmc metal 45 degree connector"", ""2 lfmc 45 degree conn metal"", ""fittings"", ""flexible conduit"", ""flex connector"", ""conector flexible"", ""sealtight connector""]",true
1935498f-b354-5323-bec4-347632727966,Fittings,Flexible Conduit,"2"" LFMC Metal 90 Degree Connector",2 LFMC 90 DEGREE CONN METAL,"2""",,,,,,,EA,"[""2\"" lfmc metal 90 degree connector"", ""2 lfmc 90 degree conn metal"", ""fittings"", ""flexible conduit"", ""flex connector"", ""conector flexible"", ""sealtight connector""]",true
90edcebb-3630-5655-ae42-ce5c0f75264e,Fittings,Flexible Conduit,"2"" LFMC Metal Straight Connector",2 LFMC STRAIGHT CONN METAL,"2""",,,,,,,EA,"[""2\"" lfmc metal straight connector"", ""2 lfmc straight conn metal"", ""fittings"", ""flexible conduit"", ""flex connector"", ""conector flexible"", ""sealtight connector""]",true
4f976be9-a340-5e63-be16-439748f44162,Fittings,Flexible Conduit,"2"" LFNC-B Nonmetallic 90 Degree Connector",2 LFNC-B 90 DEGREE CONN NONMETALLIC,"2""",,,,,,,EA,"[""2\"" lfnc-b nonmetallic 90 degree connector"", ""2 lfnc-b 90 degree conn nonmetallic"", ""fittings"", ""flexible conduit"", ""flex connector"", ""conector flexible"", ""sealtight connector""]",true
402e8c09-b693-5f27-be31-5ff67fa410b4,Fittings,Flexible Conduit,"2"" LFNC-B Nonmetallic Straight Connector",2 LFNC-B STRAIGHT CONN NONMETALLIC,"2""",,,,,,,EA,"[""2\"" lfnc-b nonmetallic straight connector"", ""2 lfnc-b straight conn nonmetallic"", ""fittings"", ""flexible conduit"", ""flex connector"", ""conector flexible"", ""sealtight connector""]",true
c15bb43d-d59d-56f0-a8e5-4fe4a34799c5,Fittings,Flexible Conduit,"2-1/2"" FMC Zinc Die Cast 90 Degree Connector",2-1/2 FMC 90 DEGREE CONN ZINC DIE CAST,"2-1/2""",,,,,,,EA,"[""2-1/2\"" fmc zinc die cast 90 degree connector"", ""2-1/2 fmc 90 degree conn zinc die cast"", ""fittings"", ""flexible conduit"", ""flex connector"", ""conector flexible"", ""fmc connector""]",true
2656213c-c70b-52d2-8354-d8939867b2ae,Fittings,Flexible Conduit,"2-1/2"" FMC Zinc Die Cast Straight Connector",2-1/2 FMC STRAIGHT CONN ZINC DIE CAST,"2-1/2""",,,,,,,EA,"[""2-1/2\"" fmc zinc die cast straight connector"", ""2-1/2 fmc straight conn zinc die cast"", ""fittings"", ""flexible conduit"", ""flex connector"", ""conector flexible"", ""fmc connector""]",true
dfb67581-7289-535d-b80f-32c10b38ceea,Fittings,Flexible Conduit,"2-1/2"" LFMC Metal 45 Degree Connector",2-1/2 LFMC 45 DEGREE CONN METAL,"2-1/2""",,,,,,,EA,"[""2-1/2\"" lfmc metal 45 degree connector"", ""2-1/2 lfmc 45 degree conn metal"", ""fittings"", ""flexible conduit"", ""flex connector"", ""conector flexible"", ""sealtight connector""]",true
66572a86-bed0-576e-8b3e-e8ba8c3477ca,Fittings,Flexible Conduit,"2-1/2"" LFMC Metal 90 Degree Connector",2-1/2 LFMC 90 DEGREE CONN METAL,"2-1/2""",,,,,,,EA,"[""2-1/2\"" lfmc metal 90 degree connector"", ""2-1/2 lfmc 90 degree conn metal"", ""fittings"", ""flexible conduit"", ""flex connector"", ""conector flexible"", ""sealtight connector""]",true
a58a6d36-da56-5436-ad24-78d8561228da,Fittings,Flexible Conduit,"2-1/2"" LFMC Metal Straight Connector",2-1/2 LFMC STRAIGHT CONN METAL,"2-1/2""",,,,,,,EA,"[""2-1/2\"" lfmc metal straight connector"", ""2-1/2 lfmc straight conn metal"", ""fittings"", ""flexible conduit"", ""flex connector"", ""conector flexible"", ""sealtight connector""]",true
d347ff0b-700c-5828-b928-e8c7d1836e9f,Fittings,Flexible Conduit,"2-1/2"" LFNC-B Nonmetallic 90 Degree Connector",2-1/2 LFNC-B 90 DEGREE CONN NONMETALLIC,"2-1/2""",,,,,,,EA,"[""2-1/2\"" lfnc-b nonmetallic 90 degree connector"", ""2-1/2 lfnc-b 90 degree conn nonmetallic"", ""fittings"", ""flexible conduit"", ""flex connector"", ""conector flexible"", ""sealtight connector""]",true
2986a665-63d5-52e3-b863-73486de9270d,Fittings,Flexible Conduit,"2-1/2"" LFNC-B Nonmetallic Straight Connector",2-1/2 LFNC-B STRAIGHT CONN NONMETALLIC,"2-1/2""",,,,,,,EA,"[""2-1/2\"" lfnc-b nonmetallic straight connector"", ""2-1/2 lfnc-b straight conn nonmetallic"", ""fittings"", ""flexible conduit"", ""flex connector"", ""conector flexible"", ""sealtight connector""]",true
a36fa119-d5b5-51ff-823b-d89739179305,Fittings,Flexible Conduit,"3"" FMC Zinc Die Cast 90 Degree Connector",3 FMC 90 DEGREE CONN ZINC DIE CAST,"3""",,,,,,,EA,"[""3\"" fmc zinc die cast 90 degree connector"", ""3 fmc 90 degree conn zinc die cast"", ""fittings"", ""flexible conduit"", ""flex connector"", ""conector flexible"", ""fmc connector""]",true
6672f426-735b-58ba-9f4f-d05a3ba18206,Fittings,Flexible Conduit,"3"" FMC Zinc Die Cast Straight Connector",3 FMC STRAIGHT CONN ZINC DIE CAST,"3""",,,,,,,EA,"[""3\"" fmc zinc die cast straight connector"", ""3 fmc straight conn zinc die cast"", ""fittings"", ""flexible conduit"", ""flex connector"", ""conector flexible"", ""fmc connector""]",true
cf0e2f59-8238-5a93-bd36-3125badc8525,Fittings,Flexible Conduit,"3"" LFMC Metal 45 Degree Connector",3 LFMC 45 DEGREE CONN METAL,"3""",,,,,,,EA,"[""3\"" lfmc metal 45 degree connector"", ""3 lfmc 45 degree conn metal"", ""fittings"", ""flexible conduit"", ""flex connector"", ""conector flexible"", ""sealtight connector""]",true
e13f12c8-6f63-574a-b2ca-ee0e65015396,Fittings,Flexible Conduit,"3"" LFMC Metal 90 Degree Connector",3 LFMC 90 DEGREE CONN METAL,"3""",,,,,,,EA,"[""3\"" lfmc metal 90 degree connector"", ""3 lfmc 90 degree conn metal"", ""fittings"", ""flexible conduit"", ""flex connector"", ""conector flexible"", ""sealtight connector""]",true
cabfaf46-bfd9-5f0b-a908-c7f72ad4acc6,Fittings,Flexible Conduit,"3"" LFMC Metal Straight Connector",3 LFMC STRAIGHT CONN METAL,"3""",,,,,,,EA,"[""3\"" lfmc metal straight connector"", ""3 lfmc straight conn metal"", ""fittings"", ""flexible conduit"", ""flex connector"", ""conector flexible"", ""sealtight connector""]",true
12c12fdf-fcb4-5a35-bf57-da5f282170a0,Fittings,Flexible Conduit,"3"" LFNC-B Nonmetallic 90 Degree Connector",3 LFNC-B 90 DEGREE CONN NONMETALLIC,"3""",,,,,,,EA,"[""3\"" lfnc-b nonmetallic 90 degree connector"", ""3 lfnc-b 90 degree conn nonmetallic"", ""fittings"", ""flexible conduit"", ""flex connector"", ""conector flexible"", ""sealtight connector""]",true
c7ef73bc-4a76-58a1-a812-f139ecb93312,Fittings,Flexible Conduit,"3"" LFNC-B Nonmetallic Straight Connector",3 LFNC-B STRAIGHT CONN NONMETALLIC,"3""",,,,,,,EA,"[""3\"" lfnc-b nonmetallic straight connector"", ""3 lfnc-b straight conn nonmetallic"", ""fittings"", ""flexible conduit"", ""flex connector"", ""conector flexible"", ""sealtight connector""]",true
0bb3464e-14e8-5821-acf6-1eb54ee415b7,Fittings,Flexible Conduit,"3/4"" FMC Zinc Die Cast 90 Degree Connector",3/4 FMC 90 DEGREE CONN ZINC DIE CAST,"3/4""",,,,,,,EA,"[""3/4\"" fmc zinc die cast 90 degree connector"", ""3/4 fmc 90 degree conn zinc die cast"", ""fittings"", ""flexible conduit"", ""flex connector"", ""conector flexible"", ""fmc connector""]",true
547e10bc-2405-576b-a76a-7fe779f71f57,Fittings,Flexible Conduit,"3/4"" FMC Zinc Die Cast Straight Connector",3/4 FMC STRAIGHT CONN ZINC DIE CAST,"3/4""",,,,,,,EA,"[""3/4\"" fmc zinc die cast straight connector"", ""3/4 fmc straight conn zinc die cast"", ""fittings"", ""flexible conduit"", ""flex connector"", ""conector flexible"", ""fmc connector""]",true
c9a6e29e-1e0d-5d57-8d90-f8ee0c84be6a,Fittings,Flexible Conduit,"3/4"" LFMC Metal 45 Degree Connector",3/4 LFMC 45 DEGREE CONN METAL,"3/4""",,,,,,,EA,"[""3/4\"" lfmc metal 45 degree connector"", ""3/4 lfmc 45 degree conn metal"", ""fittings"", ""flexible conduit"", ""flex connector"", ""conector flexible"", ""sealtight connector""]",true
f4217c9a-26ec-5397-b6c0-23b9ab98a09d,Fittings,Flexible Conduit,"3/4"" LFMC Metal 90 Degree Connector",3/4 LFMC 90 DEGREE CONN METAL,"3/4""",,,,,,,EA,"[""3/4\"" lfmc metal 90 degree connector"", ""3/4 lfmc 90 degree conn metal"", ""fittings"", ""flexible conduit"", ""flex connector"", ""conector flexible"", ""sealtight connector""]",true
62109528-48da-5143-805a-079c844e1501,Fittings,Flexible Conduit,"3/4"" LFMC Metal Straight Connector",3/4 LFMC STRAIGHT CONN METAL,"3/4""",,,,,,,EA,"[""3/4\"" lfmc metal straight connector"", ""3/4 lfmc straight conn metal"", ""fittings"", ""flexible conduit"", ""flex connector"", ""conector flexible"", ""sealtight connector""]",true
6de697e2-0e5f-561d-bbb9-d69b2f9c8c51,Fittings,Flexible Conduit,"3/4"" LFNC-B Nonmetallic 90 Degree Connector",3/4 LFNC-B 90 DEGREE CONN NONMETALLIC,"3/4""",,,,,,,EA,"[""3/4\"" lfnc-b nonmetallic 90 degree connector"", ""3/4 lfnc-b 90 degree conn nonmetallic"", ""fittings"", ""flexible conduit"", ""flex connector"", ""conector flexible"", ""sealtight connector""]",true
860b70ba-b154-5849-a45e-7b7b5c7c0180,Fittings,Flexible Conduit,"3/4"" LFNC-B Nonmetallic Straight Connector",3/4 LFNC-B STRAIGHT CONN NONMETALLIC,"3/4""",,,,,,,EA,"[""3/4\"" lfnc-b nonmetallic straight connector"", ""3/4 lfnc-b straight conn nonmetallic"", ""fittings"", ""flexible conduit"", ""flex connector"", ""conector flexible"", ""sealtight connector""]",true
74b981aa-099f-5e02-8f92-ab2484e62de7,Fittings,PVC,"1"" PVC Coupling",1 PVC COUPLING,"1""",,,,,,,EA,"[""1\"" pvc coupling"", ""1 pvc coupling"", ""fittings"", ""pvc"", ""pvc fitting"", ""accesorio pvc""]",true
06b4e25a-26bb-5ead-8d69-f0a4b9fc6527,Fittings,PVC,"1"" PVC End Cap",1 PVC END CAP,"1""",,,,,,,EA,"[""1\"" pvc end cap"", ""1 pvc end cap"", ""fittings"", ""pvc"", ""pvc fitting"", ""accesorio pvc""]",true
4887b887-fe43-5d2d-b3d9-9593ef6af99a,Fittings,PVC,"1"" PVC Expansion Coupling",1 PVC EXPANSION COUPLING,"1""",,,,,,,EA,"[""1\"" pvc expansion coupling"", ""1 pvc expansion coupling"", ""fittings"", ""pvc"", ""pvc fitting"", ""accesorio pvc""]",true
0dc1b8a6-3e7a-5e29-b6ba-395ce1b3c0c2,Fittings,PVC,"1"" PVC Female Adapter",1 PVC FEMALE ADAPTER,"1""",,,,,,,EA,"[""1\"" pvc female adapter"", ""1 pvc female adapter"", ""fittings"", ""pvc"", ""pvc fitting"", ""accesorio pvc""]",true
824816dc-d1fd-54ad-b188-aa64028c6f3b,Fittings,PVC,"1"" PVC Male Adapter",1 PVC MALE ADAPTER,"1""",,,,,,,EA,"[""1\"" pvc male adapter"", ""1 pvc male adapter"", ""fittings"", ""pvc"", ""pvc fitting"", ""accesorio pvc""]",true
97d33a47-3274-5877-8871-67ab61c83905,Fittings,PVC,"1"" PVC Terminal Bushing",1 PVC TERMINAL BUSHING,"1""",,,,,,,EA,"[""1\"" pvc terminal bushing"", ""1 pvc terminal bushing"", ""fittings"", ""pvc"", ""pvc fitting"", ""accesorio pvc""]",true
b8f507ce-7df6-5121-8776-1a30c70e3d1b,Fittings,PVC,"1-1/2"" PVC Coupling",1-1/2 PVC COUPLING,"1-1/2""",,,,,,,EA,"[""1-1/2\"" pvc coupling"", ""1-1/2 pvc coupling"", ""fittings"", ""pvc"", ""pvc fitting"", ""accesorio pvc""]",true
2832b16f-22c5-5f88-8810-67272d61eb21,Fittings,PVC,"1-1/2"" PVC End Cap",1-1/2 PVC END CAP,"1-1/2""",,,,,,,EA,"[""1-1/2\"" pvc end cap"", ""1-1/2 pvc end cap"", ""fittings"", ""pvc"", ""pvc fitting"", ""accesorio pvc""]",true
50e552ba-3b98-5fbc-816f-d121ac343212,Fittings,PVC,"1-1/2"" PVC Expansion Coupling",1-1/2 PVC EXPANSION COUPLING,"1-1/2""",,,,,,,EA,"[""1-1/2\"" pvc expansion coupling"", ""1-1/2 pvc expansion coupling"", ""fittings"", ""pvc"", ""pvc fitting"", ""accesorio pvc""]",true
61264f43-7551-5429-b6d7-2573508199aa,Fittings,PVC,"1-1/2"" PVC Female Adapter",1-1/2 PVC FEMALE ADAPTER,"1-1/2""",,,,,,,EA,"[""1-1/2\"" pvc female adapter"", ""1-1/2 pvc female adapter"", ""fittings"", ""pvc"", ""pvc fitting"", ""accesorio pvc""]",true
b08cf210-816d-5c2a-9516-cfb408f15713,Fittings,PVC,"1-1/2"" PVC Male Adapter",1-1/2 PVC MALE ADAPTER,"1-1/2""",,,,,,,EA,"[""1-1/2\"" pvc male adapter"", ""1-1/2 pvc male adapter"", ""fittings"", ""pvc"", ""pvc fitting"", ""accesorio pvc""]",true
98dd7b71-d800-52fe-91d5-7abbc06a01a0,Fittings,PVC,"1-1/2"" PVC Terminal Bushing",1-1/2 PVC TERMINAL BUSHING,"1-1/2""",,,,,,,EA,"[""1-1/2\"" pvc terminal bushing"", ""1-1/2 pvc terminal bushing"", ""fittings"", ""pvc"", ""pvc fitting"", ""accesorio pvc""]",true
b376b88c-b6e3-51ad-ae1c-d46ff2cc0cec,Fittings,PVC,"1-1/4"" PVC Coupling",1-1/4 PVC COUPLING,"1-1/4""",,,,,,,EA,"[""1-1/4\"" pvc coupling"", ""1-1/4 pvc coupling"", ""fittings"", ""pvc"", ""pvc fitting"", ""accesorio pvc""]",true
bc4ba868-24fb-501c-97d6-8343b0d1d2a8,Fittings,PVC,"1-1/4"" PVC End Cap",1-1/4 PVC END CAP,"1-1/4""",,,,,,,EA,"[""1-1/4\"" pvc end cap"", ""1-1/4 pvc end cap"", ""fittings"", ""pvc"", ""pvc fitting"", ""accesorio pvc""]",true
6922af0c-801a-5f26-bfd8-ae133d56b396,Fittings,PVC,"1-1/4"" PVC Expansion Coupling",1-1/4 PVC EXPANSION COUPLING,"1-1/4""",,,,,,,EA,"[""1-1/4\"" pvc expansion coupling"", ""1-1/4 pvc expansion coupling"", ""fittings"", ""pvc"", ""pvc fitting"", ""accesorio pvc""]",true
f387242b-8f54-5ebe-85db-038538bd0839,Fittings,PVC,"1-1/4"" PVC Female Adapter",1-1/4 PVC FEMALE ADAPTER,"1-1/4""",,,,,,,EA,"[""1-1/4\"" pvc female adapter"", ""1-1/4 pvc female adapter"", ""fittings"", ""pvc"", ""pvc fitting"", ""accesorio pvc""]",true
876b0ff7-e592-5d95-a683-bd3bc01d3738,Fittings,PVC,"1-1/4"" PVC Male Adapter",1-1/4 PVC MALE ADAPTER,"1-1/4""",,,,,,,EA,"[""1-1/4\"" pvc male adapter"", ""1-1/4 pvc male adapter"", ""fittings"", ""pvc"", ""pvc fitting"", ""accesorio pvc""]",true
4b8ad329-f3e3-5813-b397-7c3542401f4c,Fittings,PVC,"1-1/4"" PVC Terminal Bushing",1-1/4 PVC TERMINAL BUSHING,"1-1/4""",,,,,,,EA,"[""1-1/4\"" pvc terminal bushing"", ""1-1/4 pvc terminal bushing"", ""fittings"", ""pvc"", ""pvc fitting"", ""accesorio pvc""]",true
7e171dbf-f22a-5111-b55d-aafae25da636,Fittings,PVC,"1/2"" PVC Coupling",1/2 PVC COUPLING,"1/2""",,,,,,,EA,"[""1/2\"" pvc coupling"", ""1/2 pvc coupling"", ""fittings"", ""pvc"", ""pvc fitting"", ""accesorio pvc""]",true
2a104444-4b50-59dc-907d-400871b91f9b,Fittings,PVC,"1/2"" PVC End Cap",1/2 PVC END CAP,"1/2""",,,,,,,EA,"[""1/2\"" pvc end cap"", ""1/2 pvc end cap"", ""fittings"", ""pvc"", ""pvc fitting"", ""accesorio pvc""]",true
533d88d5-976e-57c6-a3e5-17b4e415c0e6,Fittings,PVC,"1/2"" PVC Expansion Coupling",1/2 PVC EXPANSION COUPLING,"1/2""",,,,,,,EA,"[""1/2\"" pvc expansion coupling"", ""1/2 pvc expansion coupling"", ""fittings"", ""pvc"", ""pvc fitting"", ""accesorio pvc""]",true
890cf672-a5f9-5c34-9356-75efd561b92b,Fittings,PVC,"1/2"" PVC Female Adapter",1/2 PVC FEMALE ADAPTER,"1/2""",,,,,,,EA,"[""1/2\"" pvc female adapter"", ""1/2 pvc female adapter"", ""fittings"", ""pvc"", ""pvc fitting"", ""accesorio pvc""]",true
f29e42d4-e432-5354-93ac-1920fa9ffdb9,Fittings,PVC,"1/2"" PVC Male Adapter",1/2 PVC MALE ADAPTER,"1/2""",,,,,,,EA,"[""1/2\"" pvc male adapter"", ""1/2 pvc male adapter"", ""fittings"", ""pvc"", ""pvc fitting"", ""accesorio pvc""]",true
5f31ab8c-8900-5a27-96a4-a7d13f1c5ffc,Fittings,PVC,"1/2"" PVC Terminal Bushing",1/2 PVC TERMINAL BUSHING,"1/2""",,,,,,,EA,"[""1/2\"" pvc terminal bushing"", ""1/2 pvc terminal bushing"", ""fittings"", ""pvc"", ""pvc fitting"", ""accesorio pvc""]",true
f8b5cb82-e78b-572b-a962-b32492e3ab86,Fittings,PVC,"2"" PVC Coupling",2 PVC COUPLING,"2""",,,,,,,EA,"[""2\"" pvc coupling"", ""2 pvc coupling"", ""fittings"", ""pvc"", ""pvc fitting"", ""accesorio pvc""]",true
3e2bff3f-4f18-571f-865e-747208298514,Fittings,PVC,"2"" PVC End Cap",2 PVC END CAP,"2""",,,,,,,EA,"[""2\"" pvc end cap"", ""2 pvc end cap"", ""fittings"", ""pvc"", ""pvc fitting"", ""accesorio pvc""]",true
d190b838-53d6-5023-9e71-03866564aa55,Fittings,PVC,"2"" PVC Expansion Coupling",2 PVC EXPANSION COUPLING,"2""",,,,,,,EA,"[""2\"" pvc expansion coupling"", ""2 pvc expansion coupling"", ""fittings"", ""pvc"", ""pvc fitting"", ""accesorio pvc""]",true
b6d54cba-cfa5-5ae7-b6ea-f04f166b9d59,Fittings,PVC,"2"" PVC Female Adapter",2 PVC FEMALE ADAPTER,"2""",,,,,,,EA,"[""2\"" pvc female adapter"", ""2 pvc female adapter"", ""fittings"", ""pvc"", ""pvc fitting"", ""accesorio pvc""]",true
7ea91dcc-2a61-509a-9a26-a9fe19722cfb,Fittings,PVC,"2"" PVC Male Adapter",2 PVC MALE ADAPTER,"2""",,,,,,,EA,"[""2\"" pvc male adapter"", ""2 pvc male adapter"", ""fittings"", ""pvc"", ""pvc fitting"", ""accesorio pvc""]",true
de843464-fcf6-5251-b1c5-96dddd0741e1,Fittings,PVC,"2"" PVC Terminal Bushing",2 PVC TERMINAL BUSHING,"2""",,,,,,,EA,"[""2\"" pvc terminal bushing"", ""2 pvc terminal bushing"", ""fittings"", ""pvc"", ""pvc fitting"", ""accesorio pvc""]",true
c40e1a5e-290a-5296-8170-2e3f593e36c5,Fittings,PVC,"2-1/2"" PVC Coupling",2-1/2 PVC COUPLING,"2-1/2""",,,,,,,EA,"[""2-1/2\"" pvc coupling"", ""2-1/2 pvc coupling"", ""fittings"", ""pvc"", ""pvc fitting"", ""accesorio pvc""]",true
13caae76-8ff9-5ea6-a685-daeb22a68ac1,Fittings,PVC,"2-1/2"" PVC End Cap",2-1/2 PVC END CAP,"2-1/2""",,,,,,,EA,"[""2-1/2\"" pvc end cap"", ""2-1/2 pvc end cap"", ""fittings"", ""pvc"", ""pvc fitting"", ""accesorio pvc""]",true
34792223-ba65-58e9-ae61-063ce6d6cf47,Fittings,PVC,"2-1/2"" PVC Expansion Coupling",2-1/2 PVC EXPANSION COUPLING,"2-1/2""",,,,,,,EA,"[""2-1/2\"" pvc expansion coupling"", ""2-1/2 pvc expansion coupling"", ""fittings"", ""pvc"", ""pvc fitting"", ""accesorio pvc""]",true
251582eb-4921-506a-8dbc-c3c3759d50e3,Fittings,PVC,"2-1/2"" PVC Female Adapter",2-1/2 PVC FEMALE ADAPTER,"2-1/2""",,,,,,,EA,"[""2-1/2\"" pvc female adapter"", ""2-1/2 pvc female adapter"", ""fittings"", ""pvc"", ""pvc fitting"", ""accesorio pvc""]",true
30ade974-18ee-50c8-81df-dd70883882fa,Fittings,PVC,"2-1/2"" PVC Male Adapter",2-1/2 PVC MALE ADAPTER,"2-1/2""",,,,,,,EA,"[""2-1/2\"" pvc male adapter"", ""2-1/2 pvc male adapter"", ""fittings"", ""pvc"", ""pvc fitting"", ""accesorio pvc""]",true
a5ef0475-4b1d-53f1-bb8a-fde5631ec39c,Fittings,PVC,"2-1/2"" PVC Terminal Bushing",2-1/2 PVC TERMINAL BUSHING,"2-1/2""",,,,,,,EA,"[""2-1/2\"" pvc terminal bushing"", ""2-1/2 pvc terminal bushing"", ""fittings"", ""pvc"", ""pvc fitting"", ""accesorio pvc""]",true
17146ad7-5f11-58b9-98a3-3984df653ba5,Fittings,PVC,"3"" PVC Coupling",3 PVC COUPLING,"3""",,,,,,,EA,"[""3\"" pvc coupling"", ""3 pvc coupling"", ""fittings"", ""pvc"", ""pvc fitting"", ""accesorio pvc""]",true
4d469d18-9e87-5755-8b1a-2c1eaaf27aec,Fittings,PVC,"3"" PVC End Cap",3 PVC END CAP,"3""",,,,,,,EA,"[""3\"" pvc end cap"", ""3 pvc end cap"", ""fittings"", ""pvc"", ""pvc fitting"", ""accesorio pvc""]",true
ae0a853d-9da4-57ee-8cd3-9b7535e5fb9a,Fittings,PVC,"3"" PVC Expansion Coupling",3 PVC EXPANSION COUPLING,"3""",,,,,,,EA,"[""3\"" pvc expansion coupling"", ""3 pvc expansion coupling"", ""fittings"", ""pvc"", ""pvc fitting"", ""accesorio pvc""]",true
0b2d5369-3a78-5998-a679-51f9eba05b3d,Fittings,PVC,"3"" PVC Female Adapter",3 PVC FEMALE ADAPTER,"3""",,,,,,,EA,"[""3\"" pvc female adapter"", ""3 pvc female adapter"", ""fittings"", ""pvc"", ""pvc fitting"", ""accesorio pvc""]",true
82fff1c2-5a92-520b-b68f-e7d8adc970be,Fittings,PVC,"3"" PVC Male Adapter",3 PVC MALE ADAPTER,"3""",,,,,,,EA,"[""3\"" pvc male adapter"", ""3 pvc male adapter"", ""fittings"", ""pvc"", ""pvc fitting"", ""accesorio pvc""]",true
17af588b-496e-588a-a334-deb6f2c1a49d,Fittings,PVC,"3"" PVC Terminal Bushing",3 PVC TERMINAL BUSHING,"3""",,,,,,,EA,"[""3\"" pvc terminal bushing"", ""3 pvc terminal bushing"", ""fittings"", ""pvc"", ""pvc fitting"", ""accesorio pvc""]",true
6844c6e6-f54d-5c34-890a-42a72a4502bf,Fittings,PVC,"3-1/2"" PVC Coupling",3-1/2 PVC COUPLING,"3-1/2""",,,,,,,EA,"[""3-1/2\"" pvc coupling"", ""3-1/2 pvc coupling"", ""fittings"", ""pvc"", ""pvc fitting"", ""accesorio pvc""]",true
38dbb4b4-e33a-5d94-a1da-66834d481898,Fittings,PVC,"3-1/2"" PVC End Cap",3-1/2 PVC END CAP,"3-1/2""",,,,,,,EA,"[""3-1/2\"" pvc end cap"", ""3-1/2 pvc end cap"", ""fittings"", ""pvc"", ""pvc fitting"", ""accesorio pvc""]",true
ebc16b33-b4ba-511d-bad3-74c604f0c57f,Fittings,PVC,"3-1/2"" PVC Expansion Coupling",3-1/2 PVC EXPANSION COUPLING,"3-1/2""",,,,,,,EA,"[""3-1/2\"" pvc expansion coupling"", ""3-1/2 pvc expansion coupling"", ""fittings"", ""pvc"", ""pvc fitting"", ""accesorio pvc""]",true
366992fd-d899-5117-b01d-fe1e61845509,Fittings,PVC,"3-1/2"" PVC Female Adapter",3-1/2 PVC FEMALE ADAPTER,"3-1/2""",,,,,,,EA,"[""3-1/2\"" pvc female adapter"", ""3-1/2 pvc female adapter"", ""fittings"", ""pvc"", ""pvc fitting"", ""accesorio pvc""]",true
fda9e5e3-7a30-506f-a1c8-08297b6b333a,Fittings,PVC,"3-1/2"" PVC Male Adapter",3-1/2 PVC MALE ADAPTER,"3-1/2""",,,,,,,EA,"[""3-1/2\"" pvc male adapter"", ""3-1/2 pvc male adapter"", ""fittings"", ""pvc"", ""pvc fitting"", ""accesorio pvc""]",true
747a6fcd-e26b-5543-9be2-1ce221ba19bf,Fittings,PVC,"3-1/2"" PVC Terminal Bushing",3-1/2 PVC TERMINAL BUSHING,"3-1/2""",,,,,,,EA,"[""3-1/2\"" pvc terminal bushing"", ""3-1/2 pvc terminal bushing"", ""fittings"", ""pvc"", ""pvc fitting"", ""accesorio pvc""]",true
3e1f0511-b897-54b1-8457-8e7c722d9d5d,Fittings,PVC,"3/4"" PVC Coupling",3/4 PVC COUPLING,"3/4""",,,,,,,EA,"[""3/4\"" pvc coupling"", ""3/4 pvc coupling"", ""fittings"", ""pvc"", ""pvc fitting"", ""accesorio pvc""]",true
ce4641ba-3f7c-50b4-9126-d2c97b2eef1e,Fittings,PVC,"3/4"" PVC End Cap",3/4 PVC END CAP,"3/4""",,,,,,,EA,"[""3/4\"" pvc end cap"", ""3/4 pvc end cap"", ""fittings"", ""pvc"", ""pvc fitting"", ""accesorio pvc""]",true
abcaca40-c5ed-5462-9e82-7579ee977326,Fittings,PVC,"3/4"" PVC Expansion Coupling",3/4 PVC EXPANSION COUPLING,"3/4""",,,,,,,EA,"[""3/4\"" pvc expansion coupling"", ""3/4 pvc expansion coupling"", ""fittings"", ""pvc"", ""pvc fitting"", ""accesorio pvc""]",true
6c3a3b1f-1c40-5e04-9917-6188e61577f5,Fittings,PVC,"3/4"" PVC Female Adapter",3/4 PVC FEMALE ADAPTER,"3/4""",,,,,,,EA,"[""3/4\"" pvc female adapter"", ""3/4 pvc female adapter"", ""fittings"", ""pvc"", ""pvc fitting"", ""accesorio pvc""]",true
a03eb2dd-9266-5ddf-950c-7531a8a91cb3,Fittings,PVC,"3/4"" PVC Male Adapter",3/4 PVC MALE ADAPTER,"3/4""",,,,,,,EA,"[""3/4\"" pvc male adapter"", ""3/4 pvc male adapter"", ""fittings"", ""pvc"", ""pvc fitting"", ""accesorio pvc""]",true
5cd85f6a-2418-56ba-b8b5-f9fd368c3cb4,Fittings,PVC,"3/4"" PVC Terminal Bushing",3/4 PVC TERMINAL BUSHING,"3/4""",,,,,,,EA,"[""3/4\"" pvc terminal bushing"", ""3/4 pvc terminal bushing"", ""fittings"", ""pvc"", ""pvc fitting"", ""accesorio pvc""]",true
0e16138c-2d8c-5565-a51d-93d7737a113d,Fittings,PVC,"4"" PVC Coupling",4 PVC COUPLING,"4""",,,,,,,EA,"[""4\"" pvc coupling"", ""4 pvc coupling"", ""fittings"", ""pvc"", ""pvc fitting"", ""accesorio pvc""]",true
61ea4909-0a9c-55fe-9f4f-b71565cb0141,Fittings,PVC,"4"" PVC End Cap",4 PVC END CAP,"4""",,,,,,,EA,"[""4\"" pvc end cap"", ""4 pvc end cap"", ""fittings"", ""pvc"", ""pvc fitting"", ""accesorio pvc""]",true
569ef428-adb5-5570-9ae6-c91e1303f0d8,Fittings,PVC,"4"" PVC Expansion Coupling",4 PVC EXPANSION COUPLING,"4""",,,,,,,EA,"[""4\"" pvc expansion coupling"", ""4 pvc expansion coupling"", ""fittings"", ""pvc"", ""pvc fitting"", ""accesorio pvc""]",true
00ddb40f-27ec-59f2-ba42-1ed557f054f0,Fittings,PVC,"4"" PVC Female Adapter",4 PVC FEMALE ADAPTER,"4""",,,,,,,EA,"[""4\"" pvc female adapter"", ""4 pvc female adapter"", ""fittings"", ""pvc"", ""pvc fitting"", ""accesorio pvc""]",true
fbfc6e16-1610-5418-a98e-cf2f1e7536ef,Fittings,PVC,"4"" PVC Male Adapter",4 PVC MALE ADAPTER,"4""",,,,,,,EA,"[""4\"" pvc male adapter"", ""4 pvc male adapter"", ""fittings"", ""pvc"", ""pvc fitting"", ""accesorio pvc""]",true
5a117ef5-0dab-5ca9-8a14-1effb075574d,Fittings,PVC,"4"" PVC Terminal Bushing",4 PVC TERMINAL BUSHING,"4""",,,,,,,EA,"[""4\"" pvc terminal bushing"", ""4 pvc terminal bushing"", ""fittings"", ""pvc"", ""pvc fitting"", ""accesorio pvc""]",true
32fb78ee-4f6c-5352-b8dd-226d77751e13,Fittings,Reducers,"1"" x 1/2"" Galvanized Steel Reducing Bushing",1X1/2 GALVANIZED STEEL RED BUSH,"1"" x 1/2""",,,,,,,EA,"[""1\"" x 1/2\"" galvanized steel reducing bushing"", ""1x1/2 galvanized steel red bush"", ""fittings"", ""reducers"", ""reducer"", ""reduccion"", ""reducing bushing""]",true
cc9cc097-7fbf-560a-88ca-d083528a3713,Fittings,Reducers,"1"" x 1/2"" PVC Reducing Bushing",1X1/2 PVC RED BUSH,"1"" x 1/2""",,,,,,,EA,"[""1\"" x 1/2\"" pvc reducing bushing"", ""1x1/2 pvc red bush"", ""fittings"", ""reducers"", ""reducer"", ""reduccion"", ""reducing bushing""]",true
232edf72-96c9-5c70-a04d-c7cf710d1e08,Fittings,Reducers,"1"" x 1/2"" Steel Reducing Washer - Single Washer",1X1/2 RED WASHER EA,"1"" x 1/2""",,,,,,,EA,"[""1\"" x 1/2\"" steel reducing washer - single washer"", ""1x1/2 red washer ea"", ""fittings"", ""reducers"", ""reducing washer"", ""arandela reductora""]",true
c9f299d5-5a4d-5073-8713-e8b98fe26fad,Fittings,Reducers,"1"" x 3/4"" Galvanized Steel Reducing Bushing",1X3/4 GALVANIZED STEEL RED BUSH,"1"" x 3/4""",,,,,,,EA,"[""1\"" x 3/4\"" galvanized steel reducing bushing"", ""1x3/4 galvanized steel red bush"", ""fittings"", ""reducers"", ""reducer"", ""reduccion"", ""reducing bushing""]",true
1e8f1e86-4b2b-5aaf-a03e-2e78c3e5f120,Fittings,Reducers,"1"" x 3/4"" PVC Reducing Bushing",1X3/4 PVC RED BUSH,"1"" x 3/4""",,,,,,,EA,"[""1\"" x 3/4\"" pvc reducing bushing"", ""1x3/4 pvc red bush"", ""fittings"", ""reducers"", ""reducer"", ""reduccion"", ""reducing bushing""]",true
92e07b72-41a0-5ef1-bba0-6c7aac202134,Fittings,Reducers,"1"" x 3/4"" Steel Reducing Washer - Single Washer",1X3/4 RED WASHER EA,"1"" x 3/4""",,,,,,,EA,"[""1\"" x 3/4\"" steel reducing washer - single washer"", ""1x3/4 red washer ea"", ""fittings"", ""reducers"", ""reducing washer"", ""arandela reductora""]",true
5f9e455c-343d-50cd-adbc-94a3b951ba5c,Fittings,Reducers,"1-1/2"" x 1"" Galvanized Steel Reducing Bushing",1-1/2X1 GALVANIZED STEEL RED BUSH,"1-1/2"" x 1""",,,,,,,EA,"[""1-1/2\"" x 1\"" galvanized steel reducing bushing"", ""1-1/2x1 galvanized steel red bush"", ""fittings"", ""reducers"", ""reducer"", ""reduccion"", ""reducing bushing""]",true
936ff2da-06ea-5c2b-971e-4895b728ddf0,Fittings,Reducers,"1-1/2"" x 1"" PVC Reducing Bushing",1-1/2X1 PVC RED BUSH,"1-1/2"" x 1""",,,,,,,EA,"[""1-1/2\"" x 1\"" pvc reducing bushing"", ""1-1/2x1 pvc red bush"", ""fittings"", ""reducers"", ""reducer"", ""reduccion"", ""reducing bushing""]",true
9d52cd06-eb3e-5a7a-b272-cb7f1d1c4f3b,Fittings,Reducers,"1-1/2"" x 1"" Steel Reducing Washer - Single Washer",1-1/2X1 RED WASHER EA,"1-1/2"" x 1""",,,,,,,EA,"[""1-1/2\"" x 1\"" steel reducing washer - single washer"", ""1-1/2x1 red washer ea"", ""fittings"", ""reducers"", ""reducing washer"", ""arandela reductora""]",true
5765eeb1-4186-5c99-a892-d19416230e88,Fittings,Reducers,"1-1/2"" x 1-1/4"" Galvanized Steel Reducing Bushing",1-1/2X1-1/4 GALVANIZED STEEL RED BUSH,"1-1/2"" x 1-1/4""",,,,,,,EA,"[""1-1/2\"" x 1-1/4\"" galvanized steel reducing bushing"", ""1-1/2x1-1/4 galvanized steel red bush"", ""fittings"", ""reducers"", ""reducer"", ""reduccion"", ""reducing bushing""]",true
bfabb9da-8910-5ac3-b54f-a42854852244,Fittings,Reducers,"1-1/2"" x 1-1/4"" PVC Reducing Bushing",1-1/2X1-1/4 PVC RED BUSH,"1-1/2"" x 1-1/4""",,,,,,,EA,"[""1-1/2\"" x 1-1/4\"" pvc reducing bushing"", ""1-1/2x1-1/4 pvc red bush"", ""fittings"", ""reducers"", ""reducer"", ""reduccion"", ""reducing bushing""]",true
ca2badf0-3e7c-5af7-8bcb-61756bd4172e,Fittings,Reducers,"1-1/2"" x 1-1/4"" Steel Reducing Washer - Single Washer",1-1/2X1-1/4 RED WASHER EA,"1-1/2"" x 1-1/4""",,,,,,,EA,"[""1-1/2\"" x 1-1/4\"" steel reducing washer - single washer"", ""1-1/2x1-1/4 red washer ea"", ""fittings"", ""reducers"", ""reducing washer"", ""arandela reductora""]",true
0c95ba01-aa39-50a2-9c5e-6272e1a8ce59,Fittings,Reducers,"1-1/2"" x 1/2"" Galvanized Steel Reducing Bushing",1-1/2X1/2 GALVANIZED STEEL RED BUSH,"1-1/2"" x 1/2""",,,,,,,EA,"[""1-1/2\"" x 1/2\"" galvanized steel reducing bushing"", ""1-1/2x1/2 galvanized steel red bush"", ""fittings"", ""reducers"", ""reducer"", ""reduccion"", ""reducing bushing""]",true
684bc72d-450a-569b-9945-5363c3213ac2,Fittings,Reducers,"1-1/2"" x 1/2"" PVC Reducing Bushing",1-1/2X1/2 PVC RED BUSH,"1-1/2"" x 1/2""",,,,,,,EA,"[""1-1/2\"" x 1/2\"" pvc reducing bushing"", ""1-1/2x1/2 pvc red bush"", ""fittings"", ""reducers"", ""reducer"", ""reduccion"", ""reducing bushing""]",true
a0e872f3-d5d0-57b0-9500-48886a733799,Fittings,Reducers,"1-1/2"" x 1/2"" Steel Reducing Washer - Single Washer",1-1/2X1/2 RED WASHER EA,"1-1/2"" x 1/2""",,,,,,,EA,"[""1-1/2\"" x 1/2\"" steel reducing washer - single washer"", ""1-1/2x1/2 red washer ea"", ""fittings"", ""reducers"", ""reducing washer"", ""arandela reductora""]",true
e2bcce3d-858a-5d1f-b9af-f539f9845daf,Fittings,Reducers,"1-1/2"" x 3/4"" Galvanized Steel Reducing Bushing",1-1/2X3/4 GALVANIZED STEEL RED BUSH,"1-1/2"" x 3/4""",,,,,,,EA,"[""1-1/2\"" x 3/4\"" galvanized steel reducing bushing"", ""1-1/2x3/4 galvanized steel red bush"", ""fittings"", ""reducers"", ""reducer"", ""reduccion"", ""reducing bushing""]",true
102f56b4-7373-50b5-9a5e-7dc4c07618f1,Fittings,Reducers,"1-1/2"" x 3/4"" PVC Reducing Bushing",1-1/2X3/4 PVC RED BUSH,"1-1/2"" x 3/4""",,,,,,,EA,"[""1-1/2\"" x 3/4\"" pvc reducing bushing"", ""1-1/2x3/4 pvc red bush"", ""fittings"", ""reducers"", ""reducer"", ""reduccion"", ""reducing bushing""]",true
b9bebd2e-1933-52c6-8b33-fd8ce8edc41f,Fittings,Reducers,"1-1/2"" x 3/4"" Steel Reducing Washer - Single Washer",1-1/2X3/4 RED WASHER EA,"1-1/2"" x 3/4""",,,,,,,EA,"[""1-1/2\"" x 3/4\"" steel reducing washer - single washer"", ""1-1/2x3/4 red washer ea"", ""fittings"", ""reducers"", ""reducing washer"", ""arandela reductora""]",true
f097ecda-30ad-5446-8497-158c6c0f0d28,Fittings,Reducers,"1-1/4"" x 1"" Galvanized Steel Reducing Bushing",1-1/4X1 GALVANIZED STEEL RED BUSH,"1-1/4"" x 1""",,,,,,,EA,"[""1-1/4\"" x 1\"" galvanized steel reducing bushing"", ""1-1/4x1 galvanized steel red bush"", ""fittings"", ""reducers"", ""reducer"", ""reduccion"", ""reducing bushing""]",true
08182756-7175-5cc7-b5ad-da508433e9f0,Fittings,Reducers,"1-1/4"" x 1"" PVC Reducing Bushing",1-1/4X1 PVC RED BUSH,"1-1/4"" x 1""",,,,,,,EA,"[""1-1/4\"" x 1\"" pvc reducing bushing"", ""1-1/4x1 pvc red bush"", ""fittings"", ""reducers"", ""reducer"", ""reduccion"", ""reducing bushing""]",true
c35d07ee-27ee-5351-9e16-ef855875248c,Fittings,Reducers,"1-1/4"" x 1"" Steel Reducing Washer - Single Washer",1-1/4X1 RED WASHER EA,"1-1/4"" x 1""",,,,,,,EA,"[""1-1/4\"" x 1\"" steel reducing washer - single washer"", ""1-1/4x1 red washer ea"", ""fittings"", ""reducers"", ""reducing washer"", ""arandela reductora""]",true
bddb3679-c2c7-5e48-a502-2850c90dcbe9,Fittings,Reducers,"1-1/4"" x 1/2"" Galvanized Steel Reducing Bushing",1-1/4X1/2 GALVANIZED STEEL RED BUSH,"1-1/4"" x 1/2""",,,,,,,EA,"[""1-1/4\"" x 1/2\"" galvanized steel reducing bushing"", ""1-1/4x1/2 galvanized steel red bush"", ""fittings"", ""reducers"", ""reducer"", ""reduccion"", ""reducing bushing""]",true
d1afccaa-67f1-5403-873e-3e38b8d03e3c,Fittings,Reducers,"1-1/4"" x 1/2"" PVC Reducing Bushing",1-1/4X1/2 PVC RED BUSH,"1-1/4"" x 1/2""",,,,,,,EA,"[""1-1/4\"" x 1/2\"" pvc reducing bushing"", ""1-1/4x1/2 pvc red bush"", ""fittings"", ""reducers"", ""reducer"", ""reduccion"", ""reducing bushing""]",true
87857127-30a2-53b6-9be0-e9a15af51948,Fittings,Reducers,"1-1/4"" x 1/2"" Steel Reducing Washer - Single Washer",1-1/4X1/2 RED WASHER EA,"1-1/4"" x 1/2""",,,,,,,EA,"[""1-1/4\"" x 1/2\"" steel reducing washer - single washer"", ""1-1/4x1/2 red washer ea"", ""fittings"", ""reducers"", ""reducing washer"", ""arandela reductora""]",true
da768188-e499-539e-9f11-482be2b5142a,Fittings,Reducers,"1-1/4"" x 3/4"" Galvanized Steel Reducing Bushing",1-1/4X3/4 GALVANIZED STEEL RED BUSH,"1-1/4"" x 3/4""",,,,,,,EA,"[""1-1/4\"" x 3/4\"" galvanized steel reducing bushing"", ""1-1/4x3/4 galvanized steel red bush"", ""fittings"", ""reducers"", ""reducer"", ""reduccion"", ""reducing bushing""]",true
c2572caf-464c-56e6-81c7-e0a4f43dc699,Fittings,Reducers,"1-1/4"" x 3/4"" PVC Reducing Bushing",1-1/4X3/4 PVC RED BUSH,"1-1/4"" x 3/4""",,,,,,,EA,"[""1-1/4\"" x 3/4\"" pvc reducing bushing"", ""1-1/4x3/4 pvc red bush"", ""fittings"", ""reducers"", ""reducer"", ""reduccion"", ""reducing bushing""]",true
71bb248a-fcd7-58e3-9a86-cf2137480bbb,Fittings,Reducers,"1-1/4"" x 3/4"" Steel Reducing Washer - Single Washer",1-1/4X3/4 RED WASHER EA,"1-1/4"" x 3/4""",,,,,,,EA,"[""1-1/4\"" x 3/4\"" steel reducing washer - single washer"", ""1-1/4x3/4 red washer ea"", ""fittings"", ""reducers"", ""reducing washer"", ""arandela reductora""]",true
6aab79be-abf7-5c4c-a71f-f2ae10e24df4,Fittings,Reducers,"2"" x 1"" Galvanized Steel Reducing Bushing",2X1 GALVANIZED STEEL RED BUSH,"2"" x 1""",,,,,,,EA,"[""2\"" x 1\"" galvanized steel reducing bushing"", ""2x1 galvanized steel red bush"", ""fittings"", ""reducers"", ""reducer"", ""reduccion"", ""reducing bushing""]",true
10266cef-df9e-5bea-9353-2c8301c323c1,Fittings,Reducers,"2"" x 1"" PVC Reducing Bushing",2X1 PVC RED BUSH,"2"" x 1""",,,,,,,EA,"[""2\"" x 1\"" pvc reducing bushing"", ""2x1 pvc red bush"", ""fittings"", ""reducers"", ""reducer"", ""reduccion"", ""reducing bushing""]",true
a2346605-a7e4-5056-a7db-c5ed66b0da14,Fittings,Reducers,"2"" x 1"" Steel Reducing Washer - Single Washer",2X1 RED WASHER EA,"2"" x 1""",,,,,,,EA,"[""2\"" x 1\"" steel reducing washer - single washer"", ""2x1 red washer ea"", ""fittings"", ""reducers"", ""reducing washer"", ""arandela reductora""]",true
c3c47464-3124-5e75-bfc2-b958c8d46ba4,Fittings,Reducers,"2"" x 1-1/2"" Galvanized Steel Reducing Bushing",2X1-1/2 GALVANIZED STEEL RED BUSH,"2"" x 1-1/2""",,,,,,,EA,"[""2\"" x 1-1/2\"" galvanized steel reducing bushing"", ""2x1-1/2 galvanized steel red bush"", ""fittings"", ""reducers"", ""reducer"", ""reduccion"", ""reducing bushing""]",true
2dc67c45-2cbd-548d-bd20-df03d4f293f4,Fittings,Reducers,"2"" x 1-1/2"" PVC Reducing Bushing",2X1-1/2 PVC RED BUSH,"2"" x 1-1/2""",,,,,,,EA,"[""2\"" x 1-1/2\"" pvc reducing bushing"", ""2x1-1/2 pvc red bush"", ""fittings"", ""reducers"", ""reducer"", ""reduccion"", ""reducing bushing""]",true
07ac0c2d-8ccf-5dd5-b8bb-dac63fc660c0,Fittings,Reducers,"2"" x 1-1/2"" Steel Reducing Washer - Single Washer",2X1-1/2 RED WASHER EA,"2"" x 1-1/2""",,,,,,,EA,"[""2\"" x 1-1/2\"" steel reducing washer - single washer"", ""2x1-1/2 red washer ea"", ""fittings"", ""reducers"", ""reducing washer"", ""arandela reductora""]",true
cd8f500c-ccbe-52b3-b25d-d1e5f43ed444,Fittings,Reducers,"2"" x 1-1/4"" Galvanized Steel Reducing Bushing",2X1-1/4 GALVANIZED STEEL RED BUSH,"2"" x 1-1/4""",,,,,,,EA,"[""2\"" x 1-1/4\"" galvanized steel reducing bushing"", ""2x1-1/4 galvanized steel red bush"", ""fittings"", ""reducers"", ""reducer"", ""reduccion"", ""reducing bushing""]",true
27a8c266-0e5f-57bb-b3b3-94dcc63c3ebd,Fittings,Reducers,"2"" x 1-1/4"" PVC Reducing Bushing",2X1-1/4 PVC RED BUSH,"2"" x 1-1/4""",,,,,,,EA,"[""2\"" x 1-1/4\"" pvc reducing bushing"", ""2x1-1/4 pvc red bush"", ""fittings"", ""reducers"", ""reducer"", ""reduccion"", ""reducing bushing""]",true
4828a28a-1db4-5535-afff-27da697b3666,Fittings,Reducers,"2"" x 1-1/4"" Steel Reducing Washer - Single Washer",2X1-1/4 RED WASHER EA,"2"" x 1-1/4""",,,,,,,EA,"[""2\"" x 1-1/4\"" steel reducing washer - single washer"", ""2x1-1/4 red washer ea"", ""fittings"", ""reducers"", ""reducing washer"", ""arandela reductora""]",true
02336445-16dd-5ea7-8347-452cda95021b,Fittings,Reducers,"2"" x 1/2"" Galvanized Steel Reducing Bushing",2X1/2 GALVANIZED STEEL RED BUSH,"2"" x 1/2""",,,,,,,EA,"[""2\"" x 1/2\"" galvanized steel reducing bushing"", ""2x1/2 galvanized steel red bush"", ""fittings"", ""reducers"", ""reducer"", ""reduccion"", ""reducing bushing""]",true
105daf07-1ede-521b-a5f2-e59a6b9b3f1b,Fittings,Reducers,"2"" x 1/2"" PVC Reducing Bushing",2X1/2 PVC RED BUSH,"2"" x 1/2""",,,,,,,EA,"[""2\"" x 1/2\"" pvc reducing bushing"", ""2x1/2 pvc red bush"", ""fittings"", ""reducers"", ""reducer"", ""reduccion"", ""reducing bushing""]",true
c470767b-6727-5d99-a3c6-1167b098fd03,Fittings,Reducers,"2"" x 1/2"" Steel Reducing Washer - Single Washer",2X1/2 RED WASHER EA,"2"" x 1/2""",,,,,,,EA,"[""2\"" x 1/2\"" steel reducing washer - single washer"", ""2x1/2 red washer ea"", ""fittings"", ""reducers"", ""reducing washer"", ""arandela reductora""]",true
74833a6b-c6d1-552f-a1ef-6ce69daead35,Fittings,Reducers,"2"" x 3/4"" Galvanized Steel Reducing Bushing",2X3/4 GALVANIZED STEEL RED BUSH,"2"" x 3/4""",,,,,,,EA,"[""2\"" x 3/4\"" galvanized steel reducing bushing"", ""2x3/4 galvanized steel red bush"", ""fittings"", ""reducers"", ""reducer"", ""reduccion"", ""reducing bushing""]",true
eaa5c8d7-ac0c-5edc-a76c-4d51b1e754c7,Fittings,Reducers,"2"" x 3/4"" PVC Reducing Bushing",2X3/4 PVC RED BUSH,"2"" x 3/4""",,,,,,,EA,"[""2\"" x 3/4\"" pvc reducing bushing"", ""2x3/4 pvc red bush"", ""fittings"", ""reducers"", ""reducer"", ""reduccion"", ""reducing bushing""]",true
8f94994e-5688-54e3-a599-21b8f7db2d06,Fittings,Reducers,"2"" x 3/4"" Steel Reducing Washer - Single Washer",2X3/4 RED WASHER EA,"2"" x 3/4""",,,,,,,EA,"[""2\"" x 3/4\"" steel reducing washer - single washer"", ""2x3/4 red washer ea"", ""fittings"", ""reducers"", ""reducing washer"", ""arandela reductora""]",true
44c4d535-9825-5e78-858d-c1260fbf566c,Fittings,Reducers,"2-1/2"" x 1"" Galvanized Steel Reducing Bushing",2-1/2X1 GALVANIZED STEEL RED BUSH,"2-1/2"" x 1""",,,,,,,EA,"[""2-1/2\"" x 1\"" galvanized steel reducing bushing"", ""2-1/2x1 galvanized steel red bush"", ""fittings"", ""reducers"", ""reducer"", ""reduccion"", ""reducing bushing""]",true
2b655811-829f-5b1e-987b-ac76d426aa49,Fittings,Reducers,"2-1/2"" x 1"" PVC Reducing Bushing",2-1/2X1 PVC RED BUSH,"2-1/2"" x 1""",,,,,,,EA,"[""2-1/2\"" x 1\"" pvc reducing bushing"", ""2-1/2x1 pvc red bush"", ""fittings"", ""reducers"", ""reducer"", ""reduccion"", ""reducing bushing""]",true
4cbdd5e2-a301-5e5d-bc17-09d023ccf697,Fittings,Reducers,"2-1/2"" x 1"" Steel Reducing Washer - Single Washer",2-1/2X1 RED WASHER EA,"2-1/2"" x 1""",,,,,,,EA,"[""2-1/2\"" x 1\"" steel reducing washer - single washer"", ""2-1/2x1 red washer ea"", ""fittings"", ""reducers"", ""reducing washer"", ""arandela reductora""]",true
d930462c-c320-5fc2-97c1-4119b5829dec,Fittings,Reducers,"2-1/2"" x 1-1/2"" Galvanized Steel Reducing Bushing",2-1/2X1-1/2 GALVANIZED STEEL RED BUSH,"2-1/2"" x 1-1/2""",,,,,,,EA,"[""2-1/2\"" x 1-1/2\"" galvanized steel reducing bushing"", ""2-1/2x1-1/2 galvanized steel red bush"", ""fittings"", ""reducers"", ""reducer"", ""reduccion"", ""reducing bushing""]",true
00207c63-0b1a-5284-b269-ed0b3402ac6c,Fittings,Reducers,"2-1/2"" x 1-1/2"" PVC Reducing Bushing",2-1/2X1-1/2 PVC RED BUSH,"2-1/2"" x 1-1/2""",,,,,,,EA,"[""2-1/2\"" x 1-1/2\"" pvc reducing bushing"", ""2-1/2x1-1/2 pvc red bush"", ""fittings"", ""reducers"", ""reducer"", ""reduccion"", ""reducing bushing""]",true
774b7ace-1d48-556b-88b5-5386821e798d,Fittings,Reducers,"2-1/2"" x 1-1/2"" Steel Reducing Washer - Single Washer",2-1/2X1-1/2 RED WASHER EA,"2-1/2"" x 1-1/2""",,,,,,,EA,"[""2-1/2\"" x 1-1/2\"" steel reducing washer - single washer"", ""2-1/2x1-1/2 red washer ea"", ""fittings"", ""reducers"", ""reducing washer"", ""arandela reductora""]",true
c1a769f1-acc1-511a-be8a-21f8da6b513d,Fittings,Reducers,"2-1/2"" x 1-1/4"" Galvanized Steel Reducing Bushing",2-1/2X1-1/4 GALVANIZED STEEL RED BUSH,"2-1/2"" x 1-1/4""",,,,,,,EA,"[""2-1/2\"" x 1-1/4\"" galvanized steel reducing bushing"", ""2-1/2x1-1/4 galvanized steel red bush"", ""fittings"", ""reducers"", ""reducer"", ""reduccion"", ""reducing bushing""]",true
24a3b36d-6278-5d32-9c17-1a60f8ffe008,Fittings,Reducers,"2-1/2"" x 1-1/4"" PVC Reducing Bushing",2-1/2X1-1/4 PVC RED BUSH,"2-1/2"" x 1-1/4""",,,,,,,EA,"[""2-1/2\"" x 1-1/4\"" pvc reducing bushing"", ""2-1/2x1-1/4 pvc red bush"", ""fittings"", ""reducers"", ""reducer"", ""reduccion"", ""reducing bushing""]",true
36621747-bdea-594c-b8a0-d2a8eac9bbda,Fittings,Reducers,"2-1/2"" x 1-1/4"" Steel Reducing Washer - Single Washer",2-1/2X1-1/4 RED WASHER EA,"2-1/2"" x 1-1/4""",,,,,,,EA,"[""2-1/2\"" x 1-1/4\"" steel reducing washer - single washer"", ""2-1/2x1-1/4 red washer ea"", ""fittings"", ""reducers"", ""reducing washer"", ""arandela reductora""]",true
6462d023-741c-50d0-a0da-09917819742a,Fittings,Reducers,"2-1/2"" x 1/2"" Galvanized Steel Reducing Bushing",2-1/2X1/2 GALVANIZED STEEL RED BUSH,"2-1/2"" x 1/2""",,,,,,,EA,"[""2-1/2\"" x 1/2\"" galvanized steel reducing bushing"", ""2-1/2x1/2 galvanized steel red bush"", ""fittings"", ""reducers"", ""reducer"", ""reduccion"", ""reducing bushing""]",true
bbe9de6c-adb2-5f53-b396-7cc9668512ed,Fittings,Reducers,"2-1/2"" x 1/2"" PVC Reducing Bushing",2-1/2X1/2 PVC RED BUSH,"2-1/2"" x 1/2""",,,,,,,EA,"[""2-1/2\"" x 1/2\"" pvc reducing bushing"", ""2-1/2x1/2 pvc red bush"", ""fittings"", ""reducers"", ""reducer"", ""reduccion"", ""reducing bushing""]",true
13c0c535-dba4-5b41-9900-255627663b18,Fittings,Reducers,"2-1/2"" x 1/2"" Steel Reducing Washer - Single Washer",2-1/2X1/2 RED WASHER EA,"2-1/2"" x 1/2""",,,,,,,EA,"[""2-1/2\"" x 1/2\"" steel reducing washer - single washer"", ""2-1/2x1/2 red washer ea"", ""fittings"", ""reducers"", ""reducing washer"", ""arandela reductora""]",true
9439a052-5ef0-58ad-ba82-549786239649,Fittings,Reducers,"2-1/2"" x 2"" Galvanized Steel Reducing Bushing",2-1/2X2 GALVANIZED STEEL RED BUSH,"2-1/2"" x 2""",,,,,,,EA,"[""2-1/2\"" x 2\"" galvanized steel reducing bushing"", ""2-1/2x2 galvanized steel red bush"", ""fittings"", ""reducers"", ""reducer"", ""reduccion"", ""reducing bushing""]",true
80798fbf-2386-5e09-87c9-fc6670cd3cf7,Fittings,Reducers,"2-1/2"" x 2"" PVC Reducing Bushing",2-1/2X2 PVC RED BUSH,"2-1/2"" x 2""",,,,,,,EA,"[""2-1/2\"" x 2\"" pvc reducing bushing"", ""2-1/2x2 pvc red bush"", ""fittings"", ""reducers"", ""reducer"", ""reduccion"", ""reducing bushing""]",true
f07a4fe5-da75-55e4-aef3-f916fdb70052,Fittings,Reducers,"2-1/2"" x 2"" Steel Reducing Washer - Single Washer",2-1/2X2 RED WASHER EA,"2-1/2"" x 2""",,,,,,,EA,"[""2-1/2\"" x 2\"" steel reducing washer - single washer"", ""2-1/2x2 red washer ea"", ""fittings"", ""reducers"", ""reducing washer"", ""arandela reductora""]",true
a30cc362-89ee-5ac1-8fe2-37bc365b5913,Fittings,Reducers,"2-1/2"" x 3/4"" Galvanized Steel Reducing Bushing",2-1/2X3/4 GALVANIZED STEEL RED BUSH,"2-1/2"" x 3/4""",,,,,,,EA,"[""2-1/2\"" x 3/4\"" galvanized steel reducing bushing"", ""2-1/2x3/4 galvanized steel red bush"", ""fittings"", ""reducers"", ""reducer"", ""reduccion"", ""reducing bushing""]",true
dea3b9e9-fde3-57d6-af3a-718eb97ad029,Fittings,Reducers,"2-1/2"" x 3/4"" PVC Reducing Bushing",2-1/2X3/4 PVC RED BUSH,"2-1/2"" x 3/4""",,,,,,,EA,"[""2-1/2\"" x 3/4\"" pvc reducing bushing"", ""2-1/2x3/4 pvc red bush"", ""fittings"", ""reducers"", ""reducer"", ""reduccion"", ""reducing bushing""]",true
133ca778-fe04-5c24-b2c8-2212696a87f9,Fittings,Reducers,"2-1/2"" x 3/4"" Steel Reducing Washer - Single Washer",2-1/2X3/4 RED WASHER EA,"2-1/2"" x 3/4""",,,,,,,EA,"[""2-1/2\"" x 3/4\"" steel reducing washer - single washer"", ""2-1/2x3/4 red washer ea"", ""fittings"", ""reducers"", ""reducing washer"", ""arandela reductora""]",true
21256fa0-0a3c-52f1-9ef9-1dba7f45a68b,Fittings,Reducers,"3"" x 1"" Galvanized Steel Reducing Bushing",3X1 GALVANIZED STEEL RED BUSH,"3"" x 1""",,,,,,,EA,"[""3\"" x 1\"" galvanized steel reducing bushing"", ""3x1 galvanized steel red bush"", ""fittings"", ""reducers"", ""reducer"", ""reduccion"", ""reducing bushing""]",true
37ec9aca-078f-5d99-917f-beefea64f195,Fittings,Reducers,"3"" x 1"" PVC Reducing Bushing",3X1 PVC RED BUSH,"3"" x 1""",,,,,,,EA,"[""3\"" x 1\"" pvc reducing bushing"", ""3x1 pvc red bush"", ""fittings"", ""reducers"", ""reducer"", ""reduccion"", ""reducing bushing""]",true
ac119e5a-c369-5682-94f6-10bab003789a,Fittings,Reducers,"3"" x 1"" Steel Reducing Washer - Single Washer",3X1 RED WASHER EA,"3"" x 1""",,,,,,,EA,"[""3\"" x 1\"" steel reducing washer - single washer"", ""3x1 red washer ea"", ""fittings"", ""reducers"", ""reducing washer"", ""arandela reductora""]",true
7c18df7f-1845-5dbc-b4e6-a2580023aa38,Fittings,Reducers,"3"" x 1-1/2"" Galvanized Steel Reducing Bushing",3X1-1/2 GALVANIZED STEEL RED BUSH,"3"" x 1-1/2""",,,,,,,EA,"[""3\"" x 1-1/2\"" galvanized steel reducing bushing"", ""3x1-1/2 galvanized steel red bush"", ""fittings"", ""reducers"", ""reducer"", ""reduccion"", ""reducing bushing""]",true
d8f4c5b3-5d4d-5206-8def-5e474ecb7c9d,Fittings,Reducers,"3"" x 1-1/2"" PVC Reducing Bushing",3X1-1/2 PVC RED BUSH,"3"" x 1-1/2""",,,,,,,EA,"[""3\"" x 1-1/2\"" pvc reducing bushing"", ""3x1-1/2 pvc red bush"", ""fittings"", ""reducers"", ""reducer"", ""reduccion"", ""reducing bushing""]",true
a0750c0c-fb39-503a-bacc-2e9b8a6b907f,Fittings,Reducers,"3"" x 1-1/2"" Steel Reducing Washer - Single Washer",3X1-1/2 RED WASHER EA,"3"" x 1-1/2""",,,,,,,EA,"[""3\"" x 1-1/2\"" steel reducing washer - single washer"", ""3x1-1/2 red washer ea"", ""fittings"", ""reducers"", ""reducing washer"", ""arandela reductora""]",true
44d88abf-a673-581c-b30b-21a2a98a35dc,Fittings,Reducers,"3"" x 1-1/4"" Galvanized Steel Reducing Bushing",3X1-1/4 GALVANIZED STEEL RED BUSH,"3"" x 1-1/4""",,,,,,,EA,"[""3\"" x 1-1/4\"" galvanized steel reducing bushing"", ""3x1-1/4 galvanized steel red bush"", ""fittings"", ""reducers"", ""reducer"", ""reduccion"", ""reducing bushing""]",true
3b2c2ca4-60bb-5d59-953e-067a1bd08b57,Fittings,Reducers,"3"" x 1-1/4"" PVC Reducing Bushing",3X1-1/4 PVC RED BUSH,"3"" x 1-1/4""",,,,,,,EA,"[""3\"" x 1-1/4\"" pvc reducing bushing"", ""3x1-1/4 pvc red bush"", ""fittings"", ""reducers"", ""reducer"", ""reduccion"", ""reducing bushing""]",true
c5668466-83ff-5337-a4e8-da9106e63887,Fittings,Reducers,"3"" x 1-1/4"" Steel Reducing Washer - Single Washer",3X1-1/4 RED WASHER EA,"3"" x 1-1/4""",,,,,,,EA,"[""3\"" x 1-1/4\"" steel reducing washer - single washer"", ""3x1-1/4 red washer ea"", ""fittings"", ""reducers"", ""reducing washer"", ""arandela reductora""]",true
b323c274-759d-52e3-b4e2-3164ce39bf77,Fittings,Reducers,"3"" x 1/2"" Galvanized Steel Reducing Bushing",3X1/2 GALVANIZED STEEL RED BUSH,"3"" x 1/2""",,,,,,,EA,"[""3\"" x 1/2\"" galvanized steel reducing bushing"", ""3x1/2 galvanized steel red bush"", ""fittings"", ""reducers"", ""reducer"", ""reduccion"", ""reducing bushing""]",true
919211bc-7893-5134-854f-8833ea6769ad,Fittings,Reducers,"3"" x 1/2"" PVC Reducing Bushing",3X1/2 PVC RED BUSH,"3"" x 1/2""",,,,,,,EA,"[""3\"" x 1/2\"" pvc reducing bushing"", ""3x1/2 pvc red bush"", ""fittings"", ""reducers"", ""reducer"", ""reduccion"", ""reducing bushing""]",true
42c701b9-db88-55b3-bd6d-e450234b0246,Fittings,Reducers,"3"" x 1/2"" Steel Reducing Washer - Single Washer",3X1/2 RED WASHER EA,"3"" x 1/2""",,,,,,,EA,"[""3\"" x 1/2\"" steel reducing washer - single washer"", ""3x1/2 red washer ea"", ""fittings"", ""reducers"", ""reducing washer"", ""arandela reductora""]",true
f006c0b3-9543-5999-a3f3-57a080f03bb8,Fittings,Reducers,"3"" x 2"" Galvanized Steel Reducing Bushing",3X2 GALVANIZED STEEL RED BUSH,"3"" x 2""",,,,,,,EA,"[""3\"" x 2\"" galvanized steel reducing bushing"", ""3x2 galvanized steel red bush"", ""fittings"", ""reducers"", ""reducer"", ""reduccion"", ""reducing bushing""]",true
1d143252-f6fc-50ed-a11f-1ac62feab09b,Fittings,Reducers,"3"" x 2"" PVC Reducing Bushing",3X2 PVC RED BUSH,"3"" x 2""",,,,,,,EA,"[""3\"" x 2\"" pvc reducing bushing"", ""3x2 pvc red bush"", ""fittings"", ""reducers"", ""reducer"", ""reduccion"", ""reducing bushing""]",true
81c9c8cc-20a7-5b0d-abb7-2816357aa65c,Fittings,Reducers,"3"" x 2"" Steel Reducing Washer - Single Washer",3X2 RED WASHER EA,"3"" x 2""",,,,,,,EA,"[""3\"" x 2\"" steel reducing washer - single washer"", ""3x2 red washer ea"", ""fittings"", ""reducers"", ""reducing washer"", ""arandela reductora""]",true
93b204e6-f699-5a97-8388-ef1b88ecd375,Fittings,Reducers,"3"" x 2-1/2"" Galvanized Steel Reducing Bushing",3X2-1/2 GALVANIZED STEEL RED BUSH,"3"" x 2-1/2""",,,,,,,EA,"[""3\"" x 2-1/2\"" galvanized steel reducing bushing"", ""3x2-1/2 galvanized steel red bush"", ""fittings"", ""reducers"", ""reducer"", ""reduccion"", ""reducing bushing""]",true
b60b3bb8-0754-509e-b938-a0d35e10ffbe,Fittings,Reducers,"3"" x 2-1/2"" PVC Reducing Bushing",3X2-1/2 PVC RED BUSH,"3"" x 2-1/2""",,,,,,,EA,"[""3\"" x 2-1/2\"" pvc reducing bushing"", ""3x2-1/2 pvc red bush"", ""fittings"", ""reducers"", ""reducer"", ""reduccion"", ""reducing bushing""]",true
708cb2d5-da68-5bca-abb3-975e6192253a,Fittings,Reducers,"3"" x 2-1/2"" Steel Reducing Washer - Single Washer",3X2-1/2 RED WASHER EA,"3"" x 2-1/2""",,,,,,,EA,"[""3\"" x 2-1/2\"" steel reducing washer - single washer"", ""3x2-1/2 red washer ea"", ""fittings"", ""reducers"", ""reducing washer"", ""arandela reductora""]",true
656308fa-fdca-5716-b624-997d3957576e,Fittings,Reducers,"3"" x 3/4"" Galvanized Steel Reducing Bushing",3X3/4 GALVANIZED STEEL RED BUSH,"3"" x 3/4""",,,,,,,EA,"[""3\"" x 3/4\"" galvanized steel reducing bushing"", ""3x3/4 galvanized steel red bush"", ""fittings"", ""reducers"", ""reducer"", ""reduccion"", ""reducing bushing""]",true
f34369b4-ea6e-5d89-bef4-b12b3fa91db4,Fittings,Reducers,"3"" x 3/4"" PVC Reducing Bushing",3X3/4 PVC RED BUSH,"3"" x 3/4""",,,,,,,EA,"[""3\"" x 3/4\"" pvc reducing bushing"", ""3x3/4 pvc red bush"", ""fittings"", ""reducers"", ""reducer"", ""reduccion"", ""reducing bushing""]",true
8c641b21-5eec-5239-beb7-f1a194d4f0c8,Fittings,Reducers,"3"" x 3/4"" Steel Reducing Washer - Single Washer",3X3/4 RED WASHER EA,"3"" x 3/4""",,,,,,,EA,"[""3\"" x 3/4\"" steel reducing washer - single washer"", ""3x3/4 red washer ea"", ""fittings"", ""reducers"", ""reducing washer"", ""arandela reductora""]",true
5689462e-3831-5f60-946a-70069828b244,Fittings,Reducers,"3-1/2"" x 1"" Galvanized Steel Reducing Bushing",3-1/2X1 GALVANIZED STEEL RED BUSH,"3-1/2"" x 1""",,,,,,,EA,"[""3-1/2\"" x 1\"" galvanized steel reducing bushing"", ""3-1/2x1 galvanized steel red bush"", ""fittings"", ""reducers"", ""reducer"", ""reduccion"", ""reducing bushing""]",true
f87f1db3-3be9-5db9-a869-f0a9983c8dc5,Fittings,Reducers,"3-1/2"" x 1"" PVC Reducing Bushing",3-1/2X1 PVC RED BUSH,"3-1/2"" x 1""",,,,,,,EA,"[""3-1/2\"" x 1\"" pvc reducing bushing"", ""3-1/2x1 pvc red bush"", ""fittings"", ""reducers"", ""reducer"", ""reduccion"", ""reducing bushing""]",true
0165e1a3-9ec9-58d6-b3c8-43148c84cb59,Fittings,Reducers,"3-1/2"" x 1"" Steel Reducing Washer - Single Washer",3-1/2X1 RED WASHER EA,"3-1/2"" x 1""",,,,,,,EA,"[""3-1/2\"" x 1\"" steel reducing washer - single washer"", ""3-1/2x1 red washer ea"", ""fittings"", ""reducers"", ""reducing washer"", ""arandela reductora""]",true
b249e76b-48ea-5779-b932-aceb3ec01330,Fittings,Reducers,"3-1/2"" x 1-1/2"" Galvanized Steel Reducing Bushing",3-1/2X1-1/2 GALVANIZED STEEL RED BUSH,"3-1/2"" x 1-1/2""",,,,,,,EA,"[""3-1/2\"" x 1-1/2\"" galvanized steel reducing bushing"", ""3-1/2x1-1/2 galvanized steel red bush"", ""fittings"", ""reducers"", ""reducer"", ""reduccion"", ""reducing bushing""]",true
6e2577b7-1df4-5667-8a62-2c02646ef3d5,Fittings,Reducers,"3-1/2"" x 1-1/2"" PVC Reducing Bushing",3-1/2X1-1/2 PVC RED BUSH,"3-1/2"" x 1-1/2""",,,,,,,EA,"[""3-1/2\"" x 1-1/2\"" pvc reducing bushing"", ""3-1/2x1-1/2 pvc red bush"", ""fittings"", ""reducers"", ""reducer"", ""reduccion"", ""reducing bushing""]",true
568f1d16-0ab2-550e-9c42-764efb9883c8,Fittings,Reducers,"3-1/2"" x 1-1/2"" Steel Reducing Washer - Single Washer",3-1/2X1-1/2 RED WASHER EA,"3-1/2"" x 1-1/2""",,,,,,,EA,"[""3-1/2\"" x 1-1/2\"" steel reducing washer - single washer"", ""3-1/2x1-1/2 red washer ea"", ""fittings"", ""reducers"", ""reducing washer"", ""arandela reductora""]",true
0a9d97b6-0a65-53f6-9d8d-c0570f16bb10,Fittings,Reducers,"3-1/2"" x 1-1/4"" Galvanized Steel Reducing Bushing",3-1/2X1-1/4 GALVANIZED STEEL RED BUSH,"3-1/2"" x 1-1/4""",,,,,,,EA,"[""3-1/2\"" x 1-1/4\"" galvanized steel reducing bushing"", ""3-1/2x1-1/4 galvanized steel red bush"", ""fittings"", ""reducers"", ""reducer"", ""reduccion"", ""reducing bushing""]",true
97712b45-25aa-5dd6-b8aa-0ed342e71aa0,Fittings,Reducers,"3-1/2"" x 1-1/4"" PVC Reducing Bushing",3-1/2X1-1/4 PVC RED BUSH,"3-1/2"" x 1-1/4""",,,,,,,EA,"[""3-1/2\"" x 1-1/4\"" pvc reducing bushing"", ""3-1/2x1-1/4 pvc red bush"", ""fittings"", ""reducers"", ""reducer"", ""reduccion"", ""reducing bushing""]",true
622830c8-e392-5f63-9cde-3b8a6186738e,Fittings,Reducers,"3-1/2"" x 1-1/4"" Steel Reducing Washer - Single Washer",3-1/2X1-1/4 RED WASHER EA,"3-1/2"" x 1-1/4""",,,,,,,EA,"[""3-1/2\"" x 1-1/4\"" steel reducing washer - single washer"", ""3-1/2x1-1/4 red washer ea"", ""fittings"", ""reducers"", ""reducing washer"", ""arandela reductora""]",true
24414f1b-dd6b-5a0b-a411-ecf244f76e2f,Fittings,Reducers,"3-1/2"" x 1/2"" Galvanized Steel Reducing Bushing",3-1/2X1/2 GALVANIZED STEEL RED BUSH,"3-1/2"" x 1/2""",,,,,,,EA,"[""3-1/2\"" x 1/2\"" galvanized steel reducing bushing"", ""3-1/2x1/2 galvanized steel red bush"", ""fittings"", ""reducers"", ""reducer"", ""reduccion"", ""reducing bushing""]",true
7ca354dc-5864-595a-b002-97a6554fa42c,Fittings,Reducers,"3-1/2"" x 1/2"" PVC Reducing Bushing",3-1/2X1/2 PVC RED BUSH,"3-1/2"" x 1/2""",,,,,,,EA,"[""3-1/2\"" x 1/2\"" pvc reducing bushing"", ""3-1/2x1/2 pvc red bush"", ""fittings"", ""reducers"", ""reducer"", ""reduccion"", ""reducing bushing""]",true
ee192b1a-3e20-5d58-bba8-464a8284f0d0,Fittings,Reducers,"3-1/2"" x 1/2"" Steel Reducing Washer - Single Washer",3-1/2X1/2 RED WASHER EA,"3-1/2"" x 1/2""",,,,,,,EA,"[""3-1/2\"" x 1/2\"" steel reducing washer - single washer"", ""3-1/2x1/2 red washer ea"", ""fittings"", ""reducers"", ""reducing washer"", ""arandela reductora""]",true
4735d6ec-c956-534b-9995-f3cc6cacdb1d,Fittings,Reducers,"3-1/2"" x 2"" Galvanized Steel Reducing Bushing",3-1/2X2 GALVANIZED STEEL RED BUSH,"3-1/2"" x 2""",,,,,,,EA,"[""3-1/2\"" x 2\"" galvanized steel reducing bushing"", ""3-1/2x2 galvanized steel red bush"", ""fittings"", ""reducers"", ""reducer"", ""reduccion"", ""reducing bushing""]",true
91cbd9fb-4d5f-5a6c-8c76-84da7b1cb456,Fittings,Reducers,"3-1/2"" x 2"" PVC Reducing Bushing",3-1/2X2 PVC RED BUSH,"3-1/2"" x 2""",,,,,,,EA,"[""3-1/2\"" x 2\"" pvc reducing bushing"", ""3-1/2x2 pvc red bush"", ""fittings"", ""reducers"", ""reducer"", ""reduccion"", ""reducing bushing""]",true
d71a6c25-5e7d-5649-b440-83103825f472,Fittings,Reducers,"3-1/2"" x 2"" Steel Reducing Washer - Single Washer",3-1/2X2 RED WASHER EA,"3-1/2"" x 2""",,,,,,,EA,"[""3-1/2\"" x 2\"" steel reducing washer - single washer"", ""3-1/2x2 red washer ea"", ""fittings"", ""reducers"", ""reducing washer"", ""arandela reductora""]",true
414a6003-bee2-5cad-8ca2-1b1c8951f32a,Fittings,Reducers,"3-1/2"" x 2-1/2"" Galvanized Steel Reducing Bushing",3-1/2X2-1/2 GALVANIZED STEEL RED BUSH,"3-1/2"" x 2-1/2""",,,,,,,EA,"[""3-1/2\"" x 2-1/2\"" galvanized steel reducing bushing"", ""3-1/2x2-1/2 galvanized steel red bush"", ""fittings"", ""reducers"", ""reducer"", ""reduccion"", ""reducing bushing""]",true
6cea2ce4-2e34-51e6-849e-afd9158602f9,Fittings,Reducers,"3-1/2"" x 2-1/2"" PVC Reducing Bushing",3-1/2X2-1/2 PVC RED BUSH,"3-1/2"" x 2-1/2""",,,,,,,EA,"[""3-1/2\"" x 2-1/2\"" pvc reducing bushing"", ""3-1/2x2-1/2 pvc red bush"", ""fittings"", ""reducers"", ""reducer"", ""reduccion"", ""reducing bushing""]",true
20ea2f47-3f35-5fa2-abba-a35862b3ce87,Fittings,Reducers,"3-1/2"" x 2-1/2"" Steel Reducing Washer - Single Washer",3-1/2X2-1/2 RED WASHER EA,"3-1/2"" x 2-1/2""",,,,,,,EA,"[""3-1/2\"" x 2-1/2\"" steel reducing washer - single washer"", ""3-1/2x2-1/2 red washer ea"", ""fittings"", ""reducers"", ""reducing washer"", ""arandela reductora""]",true
2536b134-7eb0-5924-9ca8-87f3b77218fb,Fittings,Reducers,"3-1/2"" x 3"" Galvanized Steel Reducing Bushing",3-1/2X3 GALVANIZED STEEL RED BUSH,"3-1/2"" x 3""",,,,,,,EA,"[""3-1/2\"" x 3\"" galvanized steel reducing bushing"", ""3-1/2x3 galvanized steel red bush"", ""fittings"", ""reducers"", ""reducer"", ""reduccion"", ""reducing bushing""]",true
1dff13a8-8fc0-5a2e-b5e8-2b48d8867066,Fittings,Reducers,"3-1/2"" x 3"" PVC Reducing Bushing",3-1/2X3 PVC RED BUSH,"3-1/2"" x 3""",,,,,,,EA,"[""3-1/2\"" x 3\"" pvc reducing bushing"", ""3-1/2x3 pvc red bush"", ""fittings"", ""reducers"", ""reducer"", ""reduccion"", ""reducing bushing""]",true
e9fa1bc3-9c38-505d-ae82-2fcc613db460,Fittings,Reducers,"3-1/2"" x 3"" Steel Reducing Washer - Single Washer",3-1/2X3 RED WASHER EA,"3-1/2"" x 3""",,,,,,,EA,"[""3-1/2\"" x 3\"" steel reducing washer - single washer"", ""3-1/2x3 red washer ea"", ""fittings"", ""reducers"", ""reducing washer"", ""arandela reductora""]",true
af4e2327-aaea-53a3-8381-20f6daac8e44,Fittings,Reducers,"3-1/2"" x 3/4"" Galvanized Steel Reducing Bushing",3-1/2X3/4 GALVANIZED STEEL RED BUSH,"3-1/2"" x 3/4""",,,,,,,EA,"[""3-1/2\"" x 3/4\"" galvanized steel reducing bushing"", ""3-1/2x3/4 galvanized steel red bush"", ""fittings"", ""reducers"", ""reducer"", ""reduccion"", ""reducing bushing""]",true
5b8cf3d5-9434-5239-9fa9-0a32db240663,Fittings,Reducers,"3-1/2"" x 3/4"" PVC Reducing Bushing",3-1/2X3/4 PVC RED BUSH,"3-1/2"" x 3/4""",,,,,,,EA,"[""3-1/2\"" x 3/4\"" pvc reducing bushing"", ""3-1/2x3/4 pvc red bush"", ""fittings"", ""reducers"", ""reducer"", ""reduccion"", ""reducing bushing""]",true
8098b2c2-955a-5c4b-ab66-6580f48f719f,Fittings,Reducers,"3-1/2"" x 3/4"" Steel Reducing Washer - Single Washer",3-1/2X3/4 RED WASHER EA,"3-1/2"" x 3/4""",,,,,,,EA,"[""3-1/2\"" x 3/4\"" steel reducing washer - single washer"", ""3-1/2x3/4 red washer ea"", ""fittings"", ""reducers"", ""reducing washer"", ""arandela reductora""]",true
c43f2d3e-8848-56b6-87fc-4db24a64a918,Fittings,Reducers,"3/4"" x 1/2"" Galvanized Steel Reducing Bushing",3/4X1/2 GALVANIZED STEEL RED BUSH,"3/4"" x 1/2""",,,,,,,EA,"[""3/4\"" x 1/2\"" galvanized steel reducing bushing"", ""3/4x1/2 galvanized steel red bush"", ""fittings"", ""reducers"", ""reducer"", ""reduccion"", ""reducing bushing""]",true
e8fed341-2ba6-55b5-8a12-3bcf4f2167e1,Fittings,Reducers,"3/4"" x 1/2"" PVC Reducing Bushing",3/4X1/2 PVC RED BUSH,"3/4"" x 1/2""",,,,,,,EA,"[""3/4\"" x 1/2\"" pvc reducing bushing"", ""3/4x1/2 pvc red bush"", ""fittings"", ""reducers"", ""reducer"", ""reduccion"", ""reducing bushing""]",true
ac336149-841d-5c7f-91ab-9762e99ea231,Fittings,Reducers,"3/4"" x 1/2"" Steel Reducing Washer - Single Washer",3/4X1/2 RED WASHER EA,"3/4"" x 1/2""",,,,,,,EA,"[""3/4\"" x 1/2\"" steel reducing washer - single washer"", ""3/4x1/2 red washer ea"", ""fittings"", ""reducers"", ""reducing washer"", ""arandela reductora""]",true
83177741-dbfa-5a6f-970e-af9ee94e3d0e,Fittings,Reducers,"4"" x 1"" Galvanized Steel Reducing Bushing",4X1 GALVANIZED STEEL RED BUSH,"4"" x 1""",,,,,,,EA,"[""4\"" x 1\"" galvanized steel reducing bushing"", ""4x1 galvanized steel red bush"", ""fittings"", ""reducers"", ""reducer"", ""reduccion"", ""reducing bushing""]",true
06036a6e-07e0-5394-ae47-e22288f96d18,Fittings,Reducers,"4"" x 1"" PVC Reducing Bushing",4X1 PVC RED BUSH,"4"" x 1""",,,,,,,EA,"[""4\"" x 1\"" pvc reducing bushing"", ""4x1 pvc red bush"", ""fittings"", ""reducers"", ""reducer"", ""reduccion"", ""reducing bushing""]",true
1130f303-0295-554c-8bc5-cd44aa659cd1,Fittings,Reducers,"4"" x 1"" Steel Reducing Washer - Single Washer",4X1 RED WASHER EA,"4"" x 1""",,,,,,,EA,"[""4\"" x 1\"" steel reducing washer - single washer"", ""4x1 red washer ea"", ""fittings"", ""reducers"", ""reducing washer"", ""arandela reductora""]",true
58f553fd-a5f2-5c7b-ab68-1997f7388987,Fittings,Reducers,"4"" x 1-1/2"" Galvanized Steel Reducing Bushing",4X1-1/2 GALVANIZED STEEL RED BUSH,"4"" x 1-1/2""",,,,,,,EA,"[""4\"" x 1-1/2\"" galvanized steel reducing bushing"", ""4x1-1/2 galvanized steel red bush"", ""fittings"", ""reducers"", ""reducer"", ""reduccion"", ""reducing bushing""]",true
bf526d84-b4fe-54db-8a98-53e326287ddf,Fittings,Reducers,"4"" x 1-1/2"" PVC Reducing Bushing",4X1-1/2 PVC RED BUSH,"4"" x 1-1/2""",,,,,,,EA,"[""4\"" x 1-1/2\"" pvc reducing bushing"", ""4x1-1/2 pvc red bush"", ""fittings"", ""reducers"", ""reducer"", ""reduccion"", ""reducing bushing""]",true
b8276cb7-1a1d-534a-8a6b-e3f5496bf062,Fittings,Reducers,"4"" x 1-1/2"" Steel Reducing Washer - Single Washer",4X1-1/2 RED WASHER EA,"4"" x 1-1/2""",,,,,,,EA,"[""4\"" x 1-1/2\"" steel reducing washer - single washer"", ""4x1-1/2 red washer ea"", ""fittings"", ""reducers"", ""reducing washer"", ""arandela reductora""]",true
e0313689-8a7a-5a18-ae21-1e4ca933ee44,Fittings,Reducers,"4"" x 1-1/4"" Galvanized Steel Reducing Bushing",4X1-1/4 GALVANIZED STEEL RED BUSH,"4"" x 1-1/4""",,,,,,,EA,"[""4\"" x 1-1/4\"" galvanized steel reducing bushing"", ""4x1-1/4 galvanized steel red bush"", ""fittings"", ""reducers"", ""reducer"", ""reduccion"", ""reducing bushing""]",true
223c60ec-bd39-5864-ab0a-983c8c9f4c6b,Fittings,Reducers,"4"" x 1-1/4"" PVC Reducing Bushing",4X1-1/4 PVC RED BUSH,"4"" x 1-1/4""",,,,,,,EA,"[""4\"" x 1-1/4\"" pvc reducing bushing"", ""4x1-1/4 pvc red bush"", ""fittings"", ""reducers"", ""reducer"", ""reduccion"", ""reducing bushing""]",true
7c52108e-61d6-583c-b346-0bd9b3b6467a,Fittings,Reducers,"4"" x 1-1/4"" Steel Reducing Washer - Single Washer",4X1-1/4 RED WASHER EA,"4"" x 1-1/4""",,,,,,,EA,"[""4\"" x 1-1/4\"" steel reducing washer - single washer"", ""4x1-1/4 red washer ea"", ""fittings"", ""reducers"", ""reducing washer"", ""arandela reductora""]",true
e42b7edb-88e1-591e-bd1a-c6d1a9bfbafa,Fittings,Reducers,"4"" x 1/2"" Galvanized Steel Reducing Bushing",4X1/2 GALVANIZED STEEL RED BUSH,"4"" x 1/2""",,,,,,,EA,"[""4\"" x 1/2\"" galvanized steel reducing bushing"", ""4x1/2 galvanized steel red bush"", ""fittings"", ""reducers"", ""reducer"", ""reduccion"", ""reducing bushing""]",true
79e94467-1ab7-56f6-8ecd-cefe547cd81c,Fittings,Reducers,"4"" x 1/2"" PVC Reducing Bushing",4X1/2 PVC RED BUSH,"4"" x 1/2""",,,,,,,EA,"[""4\"" x 1/2\"" pvc reducing bushing"", ""4x1/2 pvc red bush"", ""fittings"", ""reducers"", ""reducer"", ""reduccion"", ""reducing bushing""]",true
c92083d1-7593-54d1-9272-6740b11181f9,Fittings,Reducers,"4"" x 1/2"" Steel Reducing Washer - Single Washer",4X1/2 RED WASHER EA,"4"" x 1/2""",,,,,,,EA,"[""4\"" x 1/2\"" steel reducing washer - single washer"", ""4x1/2 red washer ea"", ""fittings"", ""reducers"", ""reducing washer"", ""arandela reductora""]",true
53c79436-d3af-5b75-8646-3ae54cacab4a,Fittings,Reducers,"4"" x 2"" Galvanized Steel Reducing Bushing",4X2 GALVANIZED STEEL RED BUSH,"4"" x 2""",,,,,,,EA,"[""4\"" x 2\"" galvanized steel reducing bushing"", ""4x2 galvanized steel red bush"", ""fittings"", ""reducers"", ""reducer"", ""reduccion"", ""reducing bushing""]",true
3ca243eb-e694-5df0-b041-23adb0b93951,Fittings,Reducers,"4"" x 2"" PVC Reducing Bushing",4X2 PVC RED BUSH,"4"" x 2""",,,,,,,EA,"[""4\"" x 2\"" pvc reducing bushing"", ""4x2 pvc red bush"", ""fittings"", ""reducers"", ""reducer"", ""reduccion"", ""reducing bushing""]",true
cc33d9b5-f544-5fc5-919d-37c99562ebea,Fittings,Reducers,"4"" x 2"" Steel Reducing Washer - Single Washer",4X2 RED WASHER EA,"4"" x 2""",,,,,,,EA,"[""4\"" x 2\"" steel reducing washer - single washer"", ""4x2 red washer ea"", ""fittings"", ""reducers"", ""reducing washer"", ""arandela reductora""]",true
f4110618-3e92-5934-9098-d2fa19543554,Fittings,Reducers,"4"" x 2-1/2"" Galvanized Steel Reducing Bushing",4X2-1/2 GALVANIZED STEEL RED BUSH,"4"" x 2-1/2""",,,,,,,EA,"[""4\"" x 2-1/2\"" galvanized steel reducing bushing"", ""4x2-1/2 galvanized steel red bush"", ""fittings"", ""reducers"", ""reducer"", ""reduccion"", ""reducing bushing""]",true
c5313f22-208c-5272-939e-513bff6af68a,Fittings,Reducers,"4"" x 2-1/2"" PVC Reducing Bushing",4X2-1/2 PVC RED BUSH,"4"" x 2-1/2""",,,,,,,EA,"[""4\"" x 2-1/2\"" pvc reducing bushing"", ""4x2-1/2 pvc red bush"", ""fittings"", ""reducers"", ""reducer"", ""reduccion"", ""reducing bushing""]",true
1b70c533-cd31-52ae-8562-86329d324e63,Fittings,Reducers,"4"" x 2-1/2"" Steel Reducing Washer - Single Washer",4X2-1/2 RED WASHER EA,"4"" x 2-1/2""",,,,,,,EA,"[""4\"" x 2-1/2\"" steel reducing washer - single washer"", ""4x2-1/2 red washer ea"", ""fittings"", ""reducers"", ""reducing washer"", ""arandela reductora""]",true
58f2510c-a5b0-5b35-8ab0-0919f9565ca7,Fittings,Reducers,"4"" x 3"" Galvanized Steel Reducing Bushing",4X3 GALVANIZED STEEL RED BUSH,"4"" x 3""",,,,,,,EA,"[""4\"" x 3\"" galvanized steel reducing bushing"", ""4x3 galvanized steel red bush"", ""fittings"", ""reducers"", ""reducer"", ""reduccion"", ""reducing bushing""]",true
89f53588-e2c7-5b4e-b2e0-17529cc557c6,Fittings,Reducers,"4"" x 3"" PVC Reducing Bushing",4X3 PVC RED BUSH,"4"" x 3""",,,,,,,EA,"[""4\"" x 3\"" pvc reducing bushing"", ""4x3 pvc red bush"", ""fittings"", ""reducers"", ""reducer"", ""reduccion"", ""reducing bushing""]",true
1253c99b-ef90-5c55-822e-2879185066d2,Fittings,Reducers,"4"" x 3"" Steel Reducing Washer - Single Washer",4X3 RED WASHER EA,"4"" x 3""",,,,,,,EA,"[""4\"" x 3\"" steel reducing washer - single washer"", ""4x3 red washer ea"", ""fittings"", ""reducers"", ""reducing washer"", ""arandela reductora""]",true
d28ea386-608a-5eaf-9028-9e0842a92083,Fittings,Reducers,"4"" x 3-1/2"" Galvanized Steel Reducing Bushing",4X3-1/2 GALVANIZED STEEL RED BUSH,"4"" x 3-1/2""",,,,,,,EA,"[""4\"" x 3-1/2\"" galvanized steel reducing bushing"", ""4x3-1/2 galvanized steel red bush"", ""fittings"", ""reducers"", ""reducer"", ""reduccion"", ""reducing bushing""]",true
2450caf1-cf53-5175-9425-2069156f90dc,Fittings,Reducers,"4"" x 3-1/2"" PVC Reducing Bushing",4X3-1/2 PVC RED BUSH,"4"" x 3-1/2""",,,,,,,EA,"[""4\"" x 3-1/2\"" pvc reducing bushing"", ""4x3-1/2 pvc red bush"", ""fittings"", ""reducers"", ""reducer"", ""reduccion"", ""reducing bushing""]",true
cfae0f57-3ef2-5ac0-bbf0-675458a180f7,Fittings,Reducers,"4"" x 3-1/2"" Steel Reducing Washer - Single Washer",4X3-1/2 RED WASHER EA,"4"" x 3-1/2""",,,,,,,EA,"[""4\"" x 3-1/2\"" steel reducing washer - single washer"", ""4x3-1/2 red washer ea"", ""fittings"", ""reducers"", ""reducing washer"", ""arandela reductora""]",true
24eb1220-16f9-5ff2-b7a0-ca36f21af842,Fittings,Reducers,"4"" x 3/4"" Galvanized Steel Reducing Bushing",4X3/4 GALVANIZED STEEL RED BUSH,"4"" x 3/4""",,,,,,,EA,"[""4\"" x 3/4\"" galvanized steel reducing bushing"", ""4x3/4 galvanized steel red bush"", ""fittings"", ""reducers"", ""reducer"", ""reduccion"", ""reducing bushing""]",true
3a1489e6-035a-55ce-bcab-e0112aa0f2f3,Fittings,Reducers,"4"" x 3/4"" PVC Reducing Bushing",4X3/4 PVC RED BUSH,"4"" x 3/4""",,,,,,,EA,"[""4\"" x 3/4\"" pvc reducing bushing"", ""4x3/4 pvc red bush"", ""fittings"", ""reducers"", ""reducer"", ""reduccion"", ""reducing bushing""]",true
2ea0e5df-2c77-5a9e-ad40-e2bc0a7d25b7,Fittings,Reducers,"4"" x 3/4"" Steel Reducing Washer - Single Washer",4X3/4 RED WASHER EA,"4"" x 3/4""",,,,,,,EA,"[""4\"" x 3/4\"" steel reducing washer - single washer"", ""4x3/4 red washer ea"", ""fittings"", ""reducers"", ""reducing washer"", ""arandela reductora""]",true
f0b04151-da46-5f1b-a65a-fd19cb483ff2,Fittings,Rigid / IMC,"1"" Bonding Locknut",1 BONDING LOCKNUT,"1""",,,,,,,EA,"[""1\"" bonding locknut"", ""1 bonding locknut"", ""fittings"", ""rigid / imc"", ""rigid fitting"", ""accesorio rigid""]",true
708a8ac2-bf8d-5f2d-8c32-18033aaca011,Fittings,Rigid / IMC,"1"" Die Cast Locknut",1 DIE CAST LOCKNUT,"1""",,,,,,,EA,"[""1\"" die cast locknut"", ""1 die cast locknut"", ""fittings"", ""rigid / imc"", ""rigid fitting"", ""accesorio rigid""]",true
02c0bdac-6fc6-51ee-a7d1-16db9be0a40e,Fittings,Rigid / IMC,"1"" Grounding Bushing",1 GROUNDING BUSHING,"1""",,,,,,,EA,"[""1\"" grounding bushing"", ""1 grounding bushing"", ""fittings"", ""rigid / imc"", ""rigid fitting"", ""accesorio rigid""]",true
950113a0-1679-5ae4-8463-18bf044832b9,Fittings,Rigid / IMC,"1"" Insulated Metal Bushing",1 INSULATED METAL BUSHING,"1""",,,,,,,EA,"[""1\"" insulated metal bushing"", ""1 insulated metal bushing"", ""fittings"", ""rigid / imc"", ""rigid fitting"", ""accesorio rigid""]",true
c953e2e4-60fe-5ab6-b830-7e6cca4bec6a,Fittings,Rigid / IMC,"1"" Plastic Bushing",1 PLASTIC BUSHING,"1""",,,,,,,EA,"[""1\"" plastic bushing"", ""1 plastic bushing"", ""fittings"", ""rigid / imc"", ""rigid fitting"", ""accesorio rigid""]",true
1b6bc000-c929-54a5-8e1b-0ca96f023848,Fittings,Rigid / IMC,"1"" Raintight Hub",1 RAINTIGHT HUB,"1""",,,,,,,EA,"[""1\"" raintight hub"", ""1 raintight hub"", ""fittings"", ""rigid / imc"", ""rigid fitting"", ""accesorio rigid""]",true
b47ee916-eca7-56c9-8367-9ffa85ec23b1,Fittings,Rigid / IMC,"1"" Sealing Locknut",1 SEALING LOCKNUT,"1""",,,,,,,EA,"[""1\"" sealing locknut"", ""1 sealing locknut"", ""fittings"", ""rigid / imc"", ""rigid fitting"", ""accesorio rigid""]",true
a9473238-ff11-51ef-a2d8-29785e7715e8,Fittings,Rigid / IMC,"1"" Steel Locknut",1 STEEL LOCKNUT,"1""",,,,,,,EA,"[""1\"" steel locknut"", ""1 steel locknut"", ""fittings"", ""rigid / imc"", ""rigid fitting"", ""accesorio rigid""]",true
e2044376-fbda-5069-a52f-261fb406ef64,Fittings,Rigid / IMC,"1"" Threaded Coupling",1 THREADED COUPLING,"1""",,,,,,,EA,"[""1\"" threaded coupling"", ""1 threaded coupling"", ""fittings"", ""rigid / imc"", ""rigid fitting"", ""accesorio rigid""]",true
81eca07d-a56f-5e1f-983a-eafc59a2faee,Fittings,Rigid / IMC,"1"" Threaded Three-Piece Coupling",1 THREADED THREE-PIECE COUPLING,"1""",,,,,,,EA,"[""1\"" threaded three-piece coupling"", ""1 threaded three-piece coupling"", ""fittings"", ""rigid / imc"", ""rigid fitting"", ""accesorio rigid""]",true
6689021f-944c-50b6-99d3-dd988bae7958,Fittings,Rigid / IMC,"1-1/2"" Bonding Locknut",1-1/2 BONDING LOCKNUT,"1-1/2""",,,,,,,EA,"[""1-1/2\"" bonding locknut"", ""1-1/2 bonding locknut"", ""fittings"", ""rigid / imc"", ""rigid fitting"", ""accesorio rigid""]",true
91a39b27-be3d-5573-8a44-6b59d9421a60,Fittings,Rigid / IMC,"1-1/2"" Die Cast Locknut",1-1/2 DIE CAST LOCKNUT,"1-1/2""",,,,,,,EA,"[""1-1/2\"" die cast locknut"", ""1-1/2 die cast locknut"", ""fittings"", ""rigid / imc"", ""rigid fitting"", ""accesorio rigid""]",true
20ee34f6-4c9f-579b-b146-4c1bada3e8ae,Fittings,Rigid / IMC,"1-1/2"" Grounding Bushing",1-1/2 GROUNDING BUSHING,"1-1/2""",,,,,,,EA,"[""1-1/2\"" grounding bushing"", ""1-1/2 grounding bushing"", ""fittings"", ""rigid / imc"", ""rigid fitting"", ""accesorio rigid""]",true
7f0f903c-6ef0-5ea9-ab18-2bd0a16b7e53,Fittings,Rigid / IMC,"1-1/2"" Insulated Metal Bushing",1-1/2 INSULATED METAL BUSHING,"1-1/2""",,,,,,,EA,"[""1-1/2\"" insulated metal bushing"", ""1-1/2 insulated metal bushing"", ""fittings"", ""rigid / imc"", ""rigid fitting"", ""accesorio rigid""]",true
152de110-9561-590e-8458-b18a2aafced0,Fittings,Rigid / IMC,"1-1/2"" Plastic Bushing",1-1/2 PLASTIC BUSHING,"1-1/2""",,,,,,,EA,"[""1-1/2\"" plastic bushing"", ""1-1/2 plastic bushing"", ""fittings"", ""rigid / imc"", ""rigid fitting"", ""accesorio rigid""]",true
08219cbf-7113-5d8f-9ab9-466751c23004,Fittings,Rigid / IMC,"1-1/2"" Raintight Hub",1-1/2 RAINTIGHT HUB,"1-1/2""",,,,,,,EA,"[""1-1/2\"" raintight hub"", ""1-1/2 raintight hub"", ""fittings"", ""rigid / imc"", ""rigid fitting"", ""accesorio rigid""]",true
09dc1a99-6b21-56aa-92a2-97d40736854b,Fittings,Rigid / IMC,"1-1/2"" Sealing Locknut",1-1/2 SEALING LOCKNUT,"1-1/2""",,,,,,,EA,"[""1-1/2\"" sealing locknut"", ""1-1/2 sealing locknut"", ""fittings"", ""rigid / imc"", ""rigid fitting"", ""accesorio rigid""]",true
ff1edc99-a048-5e12-af8d-1c2c797244e9,Fittings,Rigid / IMC,"1-1/2"" Steel Locknut",1-1/2 STEEL LOCKNUT,"1-1/2""",,,,,,,EA,"[""1-1/2\"" steel locknut"", ""1-1/2 steel locknut"", ""fittings"", ""rigid / imc"", ""rigid fitting"", ""accesorio rigid""]",true
28f6ba00-57db-53d2-80a6-bbe051a70cc4,Fittings,Rigid / IMC,"1-1/2"" Threaded Coupling",1-1/2 THREADED COUPLING,"1-1/2""",,,,,,,EA,"[""1-1/2\"" threaded coupling"", ""1-1/2 threaded coupling"", ""fittings"", ""rigid / imc"", ""rigid fitting"", ""accesorio rigid""]",true
a4c8f3ec-0adb-556a-a27d-ed2b6b5f738b,Fittings,Rigid / IMC,"1-1/2"" Threaded Three-Piece Coupling",1-1/2 THREADED THREE-PIECE COUPLING,"1-1/2""",,,,,,,EA,"[""1-1/2\"" threaded three-piece coupling"", ""1-1/2 threaded three-piece coupling"", ""fittings"", ""rigid / imc"", ""rigid fitting"", ""accesorio rigid""]",true
9d50f211-396e-55f3-a6c1-9779abb50fbf,Fittings,Rigid / IMC,"1-1/4"" Bonding Locknut",1-1/4 BONDING LOCKNUT,"1-1/4""",,,,,,,EA,"[""1-1/4\"" bonding locknut"", ""1-1/4 bonding locknut"", ""fittings"", ""rigid / imc"", ""rigid fitting"", ""accesorio rigid""]",true
3852fb2f-1258-5bd0-bf84-88968d9094df,Fittings,Rigid / IMC,"1-1/4"" Die Cast Locknut",1-1/4 DIE CAST LOCKNUT,"1-1/4""",,,,,,,EA,"[""1-1/4\"" die cast locknut"", ""1-1/4 die cast locknut"", ""fittings"", ""rigid / imc"", ""rigid fitting"", ""accesorio rigid""]",true
6715610a-915d-58a3-b7fc-427b5fd64080,Fittings,Rigid / IMC,"1-1/4"" Grounding Bushing",1-1/4 GROUNDING BUSHING,"1-1/4""",,,,,,,EA,"[""1-1/4\"" grounding bushing"", ""1-1/4 grounding bushing"", ""fittings"", ""rigid / imc"", ""rigid fitting"", ""accesorio rigid""]",true
525c57dc-9de3-54f0-abac-ba56491bf5c2,Fittings,Rigid / IMC,"1-1/4"" Insulated Metal Bushing",1-1/4 INSULATED METAL BUSHING,"1-1/4""",,,,,,,EA,"[""1-1/4\"" insulated metal bushing"", ""1-1/4 insulated metal bushing"", ""fittings"", ""rigid / imc"", ""rigid fitting"", ""accesorio rigid""]",true
3491689c-dd57-5fc7-b85b-b6587748f123,Fittings,Rigid / IMC,"1-1/4"" Plastic Bushing",1-1/4 PLASTIC BUSHING,"1-1/4""",,,,,,,EA,"[""1-1/4\"" plastic bushing"", ""1-1/4 plastic bushing"", ""fittings"", ""rigid / imc"", ""rigid fitting"", ""accesorio rigid""]",true
d750bbd2-3f86-59c6-8634-bf0959ab6e8f,Fittings,Rigid / IMC,"1-1/4"" Raintight Hub",1-1/4 RAINTIGHT HUB,"1-1/4""",,,,,,,EA,"[""1-1/4\"" raintight hub"", ""1-1/4 raintight hub"", ""fittings"", ""rigid / imc"", ""rigid fitting"", ""accesorio rigid""]",true
43474c41-16dd-53a8-838b-ec864d6aeea2,Fittings,Rigid / IMC,"1-1/4"" Sealing Locknut",1-1/4 SEALING LOCKNUT,"1-1/4""",,,,,,,EA,"[""1-1/4\"" sealing locknut"", ""1-1/4 sealing locknut"", ""fittings"", ""rigid / imc"", ""rigid fitting"", ""accesorio rigid""]",true
818cb66f-73b5-5362-afa9-9e4de17e6610,Fittings,Rigid / IMC,"1-1/4"" Steel Locknut",1-1/4 STEEL LOCKNUT,"1-1/4""",,,,,,,EA,"[""1-1/4\"" steel locknut"", ""1-1/4 steel locknut"", ""fittings"", ""rigid / imc"", ""rigid fitting"", ""accesorio rigid""]",true
3e7e5f3e-4a3e-544a-a51a-ad20df17fc7f,Fittings,Rigid / IMC,"1-1/4"" Threaded Coupling",1-1/4 THREADED COUPLING,"1-1/4""",,,,,,,EA,"[""1-1/4\"" threaded coupling"", ""1-1/4 threaded coupling"", ""fittings"", ""rigid / imc"", ""rigid fitting"", ""accesorio rigid""]",true
6ebe3c82-64da-5561-a6aa-d17c708600b0,Fittings,Rigid / IMC,"1-1/4"" Threaded Three-Piece Coupling",1-1/4 THREADED THREE-PIECE COUPLING,"1-1/4""",,,,,,,EA,"[""1-1/4\"" threaded three-piece coupling"", ""1-1/4 threaded three-piece coupling"", ""fittings"", ""rigid / imc"", ""rigid fitting"", ""accesorio rigid""]",true
42c97edc-0bfa-5852-a0d9-a2b4fa34f965,Fittings,Rigid / IMC,"1/2"" Bonding Locknut",1/2 BONDING LOCKNUT,"1/2""",,,,,,,EA,"[""1/2\"" bonding locknut"", ""1/2 bonding locknut"", ""fittings"", ""rigid / imc"", ""rigid fitting"", ""accesorio rigid""]",true
2b8f9f37-df94-5917-924b-27cf4e9d3acb,Fittings,Rigid / IMC,"1/2"" Die Cast Locknut",1/2 DIE CAST LOCKNUT,"1/2""",,,,,,,EA,"[""1/2\"" die cast locknut"", ""1/2 die cast locknut"", ""fittings"", ""rigid / imc"", ""rigid fitting"", ""accesorio rigid""]",true
d5a77736-cf76-58a7-a973-902be3e118c6,Fittings,Rigid / IMC,"1/2"" Grounding Bushing",1/2 GROUNDING BUSHING,"1/2""",,,,,,,EA,"[""1/2\"" grounding bushing"", ""1/2 grounding bushing"", ""fittings"", ""rigid / imc"", ""rigid fitting"", ""accesorio rigid""]",true
b6ef1259-f48d-56ba-9a05-84e67c0d0d23,Fittings,Rigid / IMC,"1/2"" Insulated Metal Bushing",1/2 INSULATED METAL BUSHING,"1/2""",,,,,,,EA,"[""1/2\"" insulated metal bushing"", ""1/2 insulated metal bushing"", ""fittings"", ""rigid / imc"", ""rigid fitting"", ""accesorio rigid""]",true
437d8418-6346-5ac6-8278-b0dd9157bf8e,Fittings,Rigid / IMC,"1/2"" Plastic Bushing",1/2 PLASTIC BUSHING,"1/2""",,,,,,,EA,"[""1/2\"" plastic bushing"", ""1/2 plastic bushing"", ""fittings"", ""rigid / imc"", ""rigid fitting"", ""accesorio rigid""]",true
df4467e3-50aa-53ce-934e-66a54c3f2b38,Fittings,Rigid / IMC,"1/2"" Raintight Hub",1/2 RAINTIGHT HUB,"1/2""",,,,,,,EA,"[""1/2\"" raintight hub"", ""1/2 raintight hub"", ""fittings"", ""rigid / imc"", ""rigid fitting"", ""accesorio rigid""]",true
561e5aaf-73d2-5f64-92e3-ba0ba3821966,Fittings,Rigid / IMC,"1/2"" Sealing Locknut",1/2 SEALING LOCKNUT,"1/2""",,,,,,,EA,"[""1/2\"" sealing locknut"", ""1/2 sealing locknut"", ""fittings"", ""rigid / imc"", ""rigid fitting"", ""accesorio rigid""]",true
53c6b5ff-1cda-5789-acad-9218fba7909c,Fittings,Rigid / IMC,"1/2"" Steel Locknut",1/2 STEEL LOCKNUT,"1/2""",,,,,,,EA,"[""1/2\"" steel locknut"", ""1/2 steel locknut"", ""fittings"", ""rigid / imc"", ""rigid fitting"", ""accesorio rigid""]",true
329b5572-7e08-54dc-a044-b84ad1d4be84,Fittings,Rigid / IMC,"1/2"" Threaded Coupling",1/2 THREADED COUPLING,"1/2""",,,,,,,EA,"[""1/2\"" threaded coupling"", ""1/2 threaded coupling"", ""fittings"", ""rigid / imc"", ""rigid fitting"", ""accesorio rigid""]",true
a7991609-954a-503c-aecf-df89f019ff7b,Fittings,Rigid / IMC,"1/2"" Threaded Three-Piece Coupling",1/2 THREADED THREE-PIECE COUPLING,"1/2""",,,,,,,EA,"[""1/2\"" threaded three-piece coupling"", ""1/2 threaded three-piece coupling"", ""fittings"", ""rigid / imc"", ""rigid fitting"", ""accesorio rigid""]",true
dc444a0b-9b78-573e-8d22-a54249fe0644,Fittings,Rigid / IMC,"2"" Bonding Locknut",2 BONDING LOCKNUT,"2""",,,,,,,EA,"[""2\"" bonding locknut"", ""2 bonding locknut"", ""fittings"", ""rigid / imc"", ""rigid fitting"", ""accesorio rigid""]",true
2fc45dc7-c441-5703-8567-5d3800994192,Fittings,Rigid / IMC,"2"" Die Cast Locknut",2 DIE CAST LOCKNUT,"2""",,,,,,,EA,"[""2\"" die cast locknut"", ""2 die cast locknut"", ""fittings"", ""rigid / imc"", ""rigid fitting"", ""accesorio rigid""]",true
141c9340-3093-53c1-96a1-3bf25a3a7147,Fittings,Rigid / IMC,"2"" Grounding Bushing",2 GROUNDING BUSHING,"2""",,,,,,,EA,"[""2\"" grounding bushing"", ""2 grounding bushing"", ""fittings"", ""rigid / imc"", ""rigid fitting"", ""accesorio rigid""]",true
feec4d15-8f2d-5492-9c4e-d712b329d70b,Fittings,Rigid / IMC,"2"" Insulated Metal Bushing",2 INSULATED METAL BUSHING,"2""",,,,,,,EA,"[""2\"" insulated metal bushing"", ""2 insulated metal bushing"", ""fittings"", ""rigid / imc"", ""rigid fitting"", ""accesorio rigid""]",true
38ba6708-f3eb-5927-909b-9d40423ac60d,Fittings,Rigid / IMC,"2"" Plastic Bushing",2 PLASTIC BUSHING,"2""",,,,,,,EA,"[""2\"" plastic bushing"", ""2 plastic bushing"", ""fittings"", ""rigid / imc"", ""rigid fitting"", ""accesorio rigid""]",true
4aa53621-2316-5430-99c5-73fa1030bb41,Fittings,Rigid / IMC,"2"" Raintight Hub",2 RAINTIGHT HUB,"2""",,,,,,,EA,"[""2\"" raintight hub"", ""2 raintight hub"", ""fittings"", ""rigid / imc"", ""rigid fitting"", ""accesorio rigid""]",true
b1b1bf17-a57a-50db-903a-c9f46f276dfd,Fittings,Rigid / IMC,"2"" Sealing Locknut",2 SEALING LOCKNUT,"2""",,,,,,,EA,"[""2\"" sealing locknut"", ""2 sealing locknut"", ""fittings"", ""rigid / imc"", ""rigid fitting"", ""accesorio rigid""]",true
fd14e6f3-aa8a-526f-91ec-6ebf06ad0050,Fittings,Rigid / IMC,"2"" Steel Locknut",2 STEEL LOCKNUT,"2""",,,,,,,EA,"[""2\"" steel locknut"", ""2 steel locknut"", ""fittings"", ""rigid / imc"", ""rigid fitting"", ""accesorio rigid""]",true
e9a02d33-3812-5f71-96e7-a9df734fb390,Fittings,Rigid / IMC,"2"" Threaded Coupling",2 THREADED COUPLING,"2""",,,,,,,EA,"[""2\"" threaded coupling"", ""2 threaded coupling"", ""fittings"", ""rigid / imc"", ""rigid fitting"", ""accesorio rigid""]",true
8f8c8c5f-1f92-589b-bd86-d1c8b3b6b43f,Fittings,Rigid / IMC,"2"" Threaded Three-Piece Coupling",2 THREADED THREE-PIECE COUPLING,"2""",,,,,,,EA,"[""2\"" threaded three-piece coupling"", ""2 threaded three-piece coupling"", ""fittings"", ""rigid / imc"", ""rigid fitting"", ""accesorio rigid""]",true
dbff8bb8-ab46-5734-92d7-6f6cba81cd42,Fittings,Rigid / IMC,"2-1/2"" Bonding Locknut",2-1/2 BONDING LOCKNUT,"2-1/2""",,,,,,,EA,"[""2-1/2\"" bonding locknut"", ""2-1/2 bonding locknut"", ""fittings"", ""rigid / imc"", ""rigid fitting"", ""accesorio rigid""]",true
7258035a-8d79-580b-a5e9-d3a9eb81d32d,Fittings,Rigid / IMC,"2-1/2"" Die Cast Locknut",2-1/2 DIE CAST LOCKNUT,"2-1/2""",,,,,,,EA,"[""2-1/2\"" die cast locknut"", ""2-1/2 die cast locknut"", ""fittings"", ""rigid / imc"", ""rigid fitting"", ""accesorio rigid""]",true
ba8ece69-2373-5d36-8ded-8e2ce11aba8f,Fittings,Rigid / IMC,"2-1/2"" Grounding Bushing",2-1/2 GROUNDING BUSHING,"2-1/2""",,,,,,,EA,"[""2-1/2\"" grounding bushing"", ""2-1/2 grounding bushing"", ""fittings"", ""rigid / imc"", ""rigid fitting"", ""accesorio rigid""]",true
8415465a-9711-59a6-bced-ea8aaecc94a4,Fittings,Rigid / IMC,"2-1/2"" Insulated Metal Bushing",2-1/2 INSULATED METAL BUSHING,"2-1/2""",,,,,,,EA,"[""2-1/2\"" insulated metal bushing"", ""2-1/2 insulated metal bushing"", ""fittings"", ""rigid / imc"", ""rigid fitting"", ""accesorio rigid""]",true
c07a5dc8-21bb-541d-919e-cd891fc6b9fb,Fittings,Rigid / IMC,"2-1/2"" Plastic Bushing",2-1/2 PLASTIC BUSHING,"2-1/2""",,,,,,,EA,"[""2-1/2\"" plastic bushing"", ""2-1/2 plastic bushing"", ""fittings"", ""rigid / imc"", ""rigid fitting"", ""accesorio rigid""]",true
b8f9f45d-874a-5162-988a-775305e9a547,Fittings,Rigid / IMC,"2-1/2"" Raintight Hub",2-1/2 RAINTIGHT HUB,"2-1/2""",,,,,,,EA,"[""2-1/2\"" raintight hub"", ""2-1/2 raintight hub"", ""fittings"", ""rigid / imc"", ""rigid fitting"", ""accesorio rigid""]",true
0277a403-f1bb-5723-be15-bfd9ba16224d,Fittings,Rigid / IMC,"2-1/2"" Sealing Locknut",2-1/2 SEALING LOCKNUT,"2-1/2""",,,,,,,EA,"[""2-1/2\"" sealing locknut"", ""2-1/2 sealing locknut"", ""fittings"", ""rigid / imc"", ""rigid fitting"", ""accesorio rigid""]",true
d07fe32f-2db5-56c8-8336-b100df727946,Fittings,Rigid / IMC,"2-1/2"" Steel Locknut",2-1/2 STEEL LOCKNUT,"2-1/2""",,,,,,,EA,"[""2-1/2\"" steel locknut"", ""2-1/2 steel locknut"", ""fittings"", ""rigid / imc"", ""rigid fitting"", ""accesorio rigid""]",true
93f4e604-5a74-5846-b13e-40aa49582776,Fittings,Rigid / IMC,"2-1/2"" Threaded Coupling",2-1/2 THREADED COUPLING,"2-1/2""",,,,,,,EA,"[""2-1/2\"" threaded coupling"", ""2-1/2 threaded coupling"", ""fittings"", ""rigid / imc"", ""rigid fitting"", ""accesorio rigid""]",true
0b342e83-3878-5104-8037-6bf57e3fcd81,Fittings,Rigid / IMC,"2-1/2"" Threaded Three-Piece Coupling",2-1/2 THREADED THREE-PIECE COUPLING,"2-1/2""",,,,,,,EA,"[""2-1/2\"" threaded three-piece coupling"", ""2-1/2 threaded three-piece coupling"", ""fittings"", ""rigid / imc"", ""rigid fitting"", ""accesorio rigid""]",true
59f43050-598a-50e3-806a-e18ff65ea623,Fittings,Rigid / IMC,"3"" Bonding Locknut",3 BONDING LOCKNUT,"3""",,,,,,,EA,"[""3\"" bonding locknut"", ""3 bonding locknut"", ""fittings"", ""rigid / imc"", ""rigid fitting"", ""accesorio rigid""]",true
fc0646ea-6f45-559e-a46b-723937d6eed3,Fittings,Rigid / IMC,"3"" Die Cast Locknut",3 DIE CAST LOCKNUT,"3""",,,,,,,EA,"[""3\"" die cast locknut"", ""3 die cast locknut"", ""fittings"", ""rigid / imc"", ""rigid fitting"", ""accesorio rigid""]",true
05f43c8d-b993-50e5-b601-59445d5141f1,Fittings,Rigid / IMC,"3"" Grounding Bushing",3 GROUNDING BUSHING,"3""",,,,,,,EA,"[""3\"" grounding bushing"", ""3 grounding bushing"", ""fittings"", ""rigid / imc"", ""rigid fitting"", ""accesorio rigid""]",true
f87ab0a5-276f-5e70-8909-6fa243f20cf2,Fittings,Rigid / IMC,"3"" Insulated Metal Bushing",3 INSULATED METAL BUSHING,"3""",,,,,,,EA,"[""3\"" insulated metal bushing"", ""3 insulated metal bushing"", ""fittings"", ""rigid / imc"", ""rigid fitting"", ""accesorio rigid""]",true
472683cd-0d60-5170-a225-e7a54a683908,Fittings,Rigid / IMC,"3"" Plastic Bushing",3 PLASTIC BUSHING,"3""",,,,,,,EA,"[""3\"" plastic bushing"", ""3 plastic bushing"", ""fittings"", ""rigid / imc"", ""rigid fitting"", ""accesorio rigid""]",true
2e427400-89fd-5a2a-bce0-6381f2f72459,Fittings,Rigid / IMC,"3"" Raintight Hub",3 RAINTIGHT HUB,"3""",,,,,,,EA,"[""3\"" raintight hub"", ""3 raintight hub"", ""fittings"", ""rigid / imc"", ""rigid fitting"", ""accesorio rigid""]",true
8649f079-0fa9-5e52-bf33-52092835c03c,Fittings,Rigid / IMC,"3"" Sealing Locknut",3 SEALING LOCKNUT,"3""",,,,,,,EA,"[""3\"" sealing locknut"", ""3 sealing locknut"", ""fittings"", ""rigid / imc"", ""rigid fitting"", ""accesorio rigid""]",true
57ac1b83-3e43-5158-8ec6-4783fb8803b2,Fittings,Rigid / IMC,"3"" Steel Locknut",3 STEEL LOCKNUT,"3""",,,,,,,EA,"[""3\"" steel locknut"", ""3 steel locknut"", ""fittings"", ""rigid / imc"", ""rigid fitting"", ""accesorio rigid""]",true
bd09eb4b-39db-5250-97df-fb8f89dee256,Fittings,Rigid / IMC,"3"" Threaded Coupling",3 THREADED COUPLING,"3""",,,,,,,EA,"[""3\"" threaded coupling"", ""3 threaded coupling"", ""fittings"", ""rigid / imc"", ""rigid fitting"", ""accesorio rigid""]",true
b4581da4-78a3-5f0d-a388-10ff28969ba7,Fittings,Rigid / IMC,"3"" Threaded Three-Piece Coupling",3 THREADED THREE-PIECE COUPLING,"3""",,,,,,,EA,"[""3\"" threaded three-piece coupling"", ""3 threaded three-piece coupling"", ""fittings"", ""rigid / imc"", ""rigid fitting"", ""accesorio rigid""]",true
fde32739-bd72-5184-a56f-82313d106e20,Fittings,Rigid / IMC,"3-1/2"" Bonding Locknut",3-1/2 BONDING LOCKNUT,"3-1/2""",,,,,,,EA,"[""3-1/2\"" bonding locknut"", ""3-1/2 bonding locknut"", ""fittings"", ""rigid / imc"", ""rigid fitting"", ""accesorio rigid""]",true
a553a0a9-cdf1-590f-ab49-e0b920e46c4b,Fittings,Rigid / IMC,"3-1/2"" Die Cast Locknut",3-1/2 DIE CAST LOCKNUT,"3-1/2""",,,,,,,EA,"[""3-1/2\"" die cast locknut"", ""3-1/2 die cast locknut"", ""fittings"", ""rigid / imc"", ""rigid fitting"", ""accesorio rigid""]",true
307c8528-5b89-5ff3-8a28-8a088bf20d30,Fittings,Rigid / IMC,"3-1/2"" Grounding Bushing",3-1/2 GROUNDING BUSHING,"3-1/2""",,,,,,,EA,"[""3-1/2\"" grounding bushing"", ""3-1/2 grounding bushing"", ""fittings"", ""rigid / imc"", ""rigid fitting"", ""accesorio rigid""]",true
9e326048-8751-577c-9a00-323bccf871e5,Fittings,Rigid / IMC,"3-1/2"" Insulated Metal Bushing",3-1/2 INSULATED METAL BUSHING,"3-1/2""",,,,,,,EA,"[""3-1/2\"" insulated metal bushing"", ""3-1/2 insulated metal bushing"", ""fittings"", ""rigid / imc"", ""rigid fitting"", ""accesorio rigid""]",true
fde27b91-c72b-5f4e-879d-e931e1871797,Fittings,Rigid / IMC,"3-1/2"" Plastic Bushing",3-1/2 PLASTIC BUSHING,"3-1/2""",,,,,,,EA,"[""3-1/2\"" plastic bushing"", ""3-1/2 plastic bushing"", ""fittings"", ""rigid / imc"", ""rigid fitting"", ""accesorio rigid""]",true
341f8173-81a2-58ca-8104-6b3a54cfd7b8,Fittings,Rigid / IMC,"3-1/2"" Raintight Hub",3-1/2 RAINTIGHT HUB,"3-1/2""",,,,,,,EA,"[""3-1/2\"" raintight hub"", ""3-1/2 raintight hub"", ""fittings"", ""rigid / imc"", ""rigid fitting"", ""accesorio rigid""]",true
d012fa3e-1101-523f-84c9-3ab5ed59089e,Fittings,Rigid / IMC,"3-1/2"" Sealing Locknut",3-1/2 SEALING LOCKNUT,"3-1/2""",,,,,,,EA,"[""3-1/2\"" sealing locknut"", ""3-1/2 sealing locknut"", ""fittings"", ""rigid / imc"", ""rigid fitting"", ""accesorio rigid""]",true
03ca9014-e07f-5528-93d3-5a4c82ff7f26,Fittings,Rigid / IMC,"3-1/2"" Steel Locknut",3-1/2 STEEL LOCKNUT,"3-1/2""",,,,,,,EA,"[""3-1/2\"" steel locknut"", ""3-1/2 steel locknut"", ""fittings"", ""rigid / imc"", ""rigid fitting"", ""accesorio rigid""]",true
27234267-2a27-56a0-8995-edc51dcf5ebb,Fittings,Rigid / IMC,"3-1/2"" Threaded Coupling",3-1/2 THREADED COUPLING,"3-1/2""",,,,,,,EA,"[""3-1/2\"" threaded coupling"", ""3-1/2 threaded coupling"", ""fittings"", ""rigid / imc"", ""rigid fitting"", ""accesorio rigid""]",true
953cb7a0-76fe-53c3-9e53-21fbc72174ea,Fittings,Rigid / IMC,"3-1/2"" Threaded Three-Piece Coupling",3-1/2 THREADED THREE-PIECE COUPLING,"3-1/2""",,,,,,,EA,"[""3-1/2\"" threaded three-piece coupling"", ""3-1/2 threaded three-piece coupling"", ""fittings"", ""rigid / imc"", ""rigid fitting"", ""accesorio rigid""]",true
13e45011-7934-52de-b43a-e316ab21835a,Fittings,Rigid / IMC,"3/4"" Bonding Locknut",3/4 BONDING LOCKNUT,"3/4""",,,,,,,EA,"[""3/4\"" bonding locknut"", ""3/4 bonding locknut"", ""fittings"", ""rigid / imc"", ""rigid fitting"", ""accesorio rigid""]",true
fa400a73-dd75-548a-9977-5648dac850cc,Fittings,Rigid / IMC,"3/4"" Die Cast Locknut",3/4 DIE CAST LOCKNUT,"3/4""",,,,,,,EA,"[""3/4\"" die cast locknut"", ""3/4 die cast locknut"", ""fittings"", ""rigid / imc"", ""rigid fitting"", ""accesorio rigid""]",true
cc9d5a6d-164d-51d8-be21-b70b251bbef8,Fittings,Rigid / IMC,"3/4"" Grounding Bushing",3/4 GROUNDING BUSHING,"3/4""",,,,,,,EA,"[""3/4\"" grounding bushing"", ""3/4 grounding bushing"", ""fittings"", ""rigid / imc"", ""rigid fitting"", ""accesorio rigid""]",true
1ed4e065-1689-50ac-8221-bad01e85abac,Fittings,Rigid / IMC,"3/4"" Insulated Metal Bushing",3/4 INSULATED METAL BUSHING,"3/4""",,,,,,,EA,"[""3/4\"" insulated metal bushing"", ""3/4 insulated metal bushing"", ""fittings"", ""rigid / imc"", ""rigid fitting"", ""accesorio rigid""]",true
f933f014-b25c-5cc3-aa9d-570e3a51fb37,Fittings,Rigid / IMC,"3/4"" Plastic Bushing",3/4 PLASTIC BUSHING,"3/4""",,,,,,,EA,"[""3/4\"" plastic bushing"", ""3/4 plastic bushing"", ""fittings"", ""rigid / imc"", ""rigid fitting"", ""accesorio rigid""]",true
479d10e6-9cd6-55f8-9672-1e3049808f3c,Fittings,Rigid / IMC,"3/4"" Raintight Hub",3/4 RAINTIGHT HUB,"3/4""",,,,,,,EA,"[""3/4\"" raintight hub"", ""3/4 raintight hub"", ""fittings"", ""rigid / imc"", ""rigid fitting"", ""accesorio rigid""]",true
e2f50444-d5a2-5267-b8c1-836bcb12cb79,Fittings,Rigid / IMC,"3/4"" Sealing Locknut",3/4 SEALING LOCKNUT,"3/4""",,,,,,,EA,"[""3/4\"" sealing locknut"", ""3/4 sealing locknut"", ""fittings"", ""rigid / imc"", ""rigid fitting"", ""accesorio rigid""]",true
cf89fb92-2d1f-578d-8ec3-9317084cf265,Fittings,Rigid / IMC,"3/4"" Steel Locknut",3/4 STEEL LOCKNUT,"3/4""",,,,,,,EA,"[""3/4\"" steel locknut"", ""3/4 steel locknut"", ""fittings"", ""rigid / imc"", ""rigid fitting"", ""accesorio rigid""]",true
bdaae00d-c814-5bc0-bc97-2d8e0b85a3a9,Fittings,Rigid / IMC,"3/4"" Threaded Coupling",3/4 THREADED COUPLING,"3/4""",,,,,,,EA,"[""3/4\"" threaded coupling"", ""3/4 threaded coupling"", ""fittings"", ""rigid / imc"", ""rigid fitting"", ""accesorio rigid""]",true
b2356300-b0c4-5e6d-adee-81e07c61792b,Fittings,Rigid / IMC,"3/4"" Threaded Three-Piece Coupling",3/4 THREADED THREE-PIECE COUPLING,"3/4""",,,,,,,EA,"[""3/4\"" threaded three-piece coupling"", ""3/4 threaded three-piece coupling"", ""fittings"", ""rigid / imc"", ""rigid fitting"", ""accesorio rigid""]",true
d00062aa-0ba4-531d-8a4e-68018b29f369,Fittings,Rigid / IMC,"4"" Bonding Locknut",4 BONDING LOCKNUT,"4""",,,,,,,EA,"[""4\"" bonding locknut"", ""4 bonding locknut"", ""fittings"", ""rigid / imc"", ""rigid fitting"", ""accesorio rigid""]",true
14e53136-2fab-54ad-9fee-ed688082bb85,Fittings,Rigid / IMC,"4"" Die Cast Locknut",4 DIE CAST LOCKNUT,"4""",,,,,,,EA,"[""4\"" die cast locknut"", ""4 die cast locknut"", ""fittings"", ""rigid / imc"", ""rigid fitting"", ""accesorio rigid""]",true
b97e4e7a-3d47-54eb-81a7-34b5606d3a20,Fittings,Rigid / IMC,"4"" Grounding Bushing",4 GROUNDING BUSHING,"4""",,,,,,,EA,"[""4\"" grounding bushing"", ""4 grounding bushing"", ""fittings"", ""rigid / imc"", ""rigid fitting"", ""accesorio rigid""]",true
e95b7c96-ba80-5b92-808d-3ba42717a716,Fittings,Rigid / IMC,"4"" Insulated Metal Bushing",4 INSULATED METAL BUSHING,"4""",,,,,,,EA,"[""4\"" insulated metal bushing"", ""4 insulated metal bushing"", ""fittings"", ""rigid / imc"", ""rigid fitting"", ""accesorio rigid""]",true
7b3c64a4-c76d-5572-9035-ffd443a2a94d,Fittings,Rigid / IMC,"4"" Plastic Bushing",4 PLASTIC BUSHING,"4""",,,,,,,EA,"[""4\"" plastic bushing"", ""4 plastic bushing"", ""fittings"", ""rigid / imc"", ""rigid fitting"", ""accesorio rigid""]",true
7f4823bd-bc3e-533b-b168-bdd92de725cf,Fittings,Rigid / IMC,"4"" Raintight Hub",4 RAINTIGHT HUB,"4""",,,,,,,EA,"[""4\"" raintight hub"", ""4 raintight hub"", ""fittings"", ""rigid / imc"", ""rigid fitting"", ""accesorio rigid""]",true
b6aafd94-f1f3-5cf6-bb45-709c9e5308b2,Fittings,Rigid / IMC,"4"" Sealing Locknut",4 SEALING LOCKNUT,"4""",,,,,,,EA,"[""4\"" sealing locknut"", ""4 sealing locknut"", ""fittings"", ""rigid / imc"", ""rigid fitting"", ""accesorio rigid""]",true
d26bfef6-3c78-5f03-bbac-5ac7fed6d8c5,Fittings,Rigid / IMC,"4"" Steel Locknut",4 STEEL LOCKNUT,"4""",,,,,,,EA,"[""4\"" steel locknut"", ""4 steel locknut"", ""fittings"", ""rigid / imc"", ""rigid fitting"", ""accesorio rigid""]",true
11aea6d2-d211-5d08-b549-7c5aba60f9b3,Fittings,Rigid / IMC,"4"" Threaded Coupling",4 THREADED COUPLING,"4""",,,,,,,EA,"[""4\"" threaded coupling"", ""4 threaded coupling"", ""fittings"", ""rigid / imc"", ""rigid fitting"", ""accesorio rigid""]",true
b5b77df1-c634-5b89-b86d-20427d12faca,Fittings,Rigid / IMC,"4"" Threaded Three-Piece Coupling",4 THREADED THREE-PIECE COUPLING,"4""",,,,,,,EA,"[""4\"" threaded three-piece coupling"", ""4 threaded three-piece coupling"", ""fittings"", ""rigid / imc"", ""rigid fitting"", ""accesorio rigid""]",true
f8eccb08-7025-5f18-90f3-a1db4f2ab201,Fittings,Threaded Nipples,"1"" Aluminum Threaded Conduit Nipple - 10"" Long",1 ALUMINUM NIP 10,"1"" x 10"" Long",,,,,,,EA,"[""1\"" aluminum threaded conduit nipple - 10\"" long"", ""1 aluminum nip 10"", ""fittings"", ""threaded nipples"", ""nipple"", ""niple"", ""threaded conduit nipple""]",true
1a87e80a-034c-55f6-aed2-138ba2ef2a51,Fittings,Threaded Nipples,"1"" Aluminum Threaded Conduit Nipple - 12"" Long",1 ALUMINUM NIP 12,"1"" x 12"" Long",,,,,,,EA,"[""1\"" aluminum threaded conduit nipple - 12\"" long"", ""1 aluminum nip 12"", ""fittings"", ""threaded nipples"", ""nipple"", ""niple"", ""threaded conduit nipple""]",true
5173867f-15f0-59ab-a626-a320119577c6,Fittings,Threaded Nipples,"1"" Aluminum Threaded Conduit Nipple - 2"" Long",1 ALUMINUM NIP 2,"1"" x 2"" Long",,,,,,,EA,"[""1\"" aluminum threaded conduit nipple - 2\"" long"", ""1 aluminum nip 2"", ""fittings"", ""threaded nipples"", ""nipple"", ""niple"", ""threaded conduit nipple""]",true
b34cceda-1d5c-500f-83da-c0c3e9cafdbc,Fittings,Threaded Nipples,"1"" Aluminum Threaded Conduit Nipple - 2-1/2"" Long",1 ALUMINUM NIP 2-1/2,"1"" x 2-1/2"" Long",,,,,,,EA,"[""1\"" aluminum threaded conduit nipple - 2-1/2\"" long"", ""1 aluminum nip 2-1/2"", ""fittings"", ""threaded nipples"", ""nipple"", ""niple"", ""threaded conduit nipple""]",true
a0719d35-1776-5b31-a317-b43218fc1ba6,Fittings,Threaded Nipples,"1"" Aluminum Threaded Conduit Nipple - 3"" Long",1 ALUMINUM NIP 3,"1"" x 3"" Long",,,,,,,EA,"[""1\"" aluminum threaded conduit nipple - 3\"" long"", ""1 aluminum nip 3"", ""fittings"", ""threaded nipples"", ""nipple"", ""niple"", ""threaded conduit nipple""]",true
490336de-9dcf-532d-b103-0f7508b4a172,Fittings,Threaded Nipples,"1"" Aluminum Threaded Conduit Nipple - 3-1/2"" Long",1 ALUMINUM NIP 3-1/2,"1"" x 3-1/2"" Long",,,,,,,EA,"[""1\"" aluminum threaded conduit nipple - 3-1/2\"" long"", ""1 aluminum nip 3-1/2"", ""fittings"", ""threaded nipples"", ""nipple"", ""niple"", ""threaded conduit nipple""]",true
239577a4-0b0d-5abd-afce-1d4f8c780cca,Fittings,Threaded Nipples,"1"" Aluminum Threaded Conduit Nipple - 4"" Long",1 ALUMINUM NIP 4,"1"" x 4"" Long",,,,,,,EA,"[""1\"" aluminum threaded conduit nipple - 4\"" long"", ""1 aluminum nip 4"", ""fittings"", ""threaded nipples"", ""nipple"", ""niple"", ""threaded conduit nipple""]",true
bfd5fad9-3d51-5457-a946-d1509893136f,Fittings,Threaded Nipples,"1"" Aluminum Threaded Conduit Nipple - 5"" Long",1 ALUMINUM NIP 5,"1"" x 5"" Long",,,,,,,EA,"[""1\"" aluminum threaded conduit nipple - 5\"" long"", ""1 aluminum nip 5"", ""fittings"", ""threaded nipples"", ""nipple"", ""niple"", ""threaded conduit nipple""]",true
52242eb0-f872-5413-98bd-e3e5e05b8764,Fittings,Threaded Nipples,"1"" Aluminum Threaded Conduit Nipple - 6"" Long",1 ALUMINUM NIP 6,"1"" x 6"" Long",,,,,,,EA,"[""1\"" aluminum threaded conduit nipple - 6\"" long"", ""1 aluminum nip 6"", ""fittings"", ""threaded nipples"", ""nipple"", ""niple"", ""threaded conduit nipple""]",true
e955db36-ab16-51a9-b8c3-8996eb08f058,Fittings,Threaded Nipples,"1"" Aluminum Threaded Conduit Nipple - 8"" Long",1 ALUMINUM NIP 8,"1"" x 8"" Long",,,,,,,EA,"[""1\"" aluminum threaded conduit nipple - 8\"" long"", ""1 aluminum nip 8"", ""fittings"", ""threaded nipples"", ""nipple"", ""niple"", ""threaded conduit nipple""]",true
328084f8-48ea-5088-8321-c104eb249b96,Fittings,Threaded Nipples,"1"" Aluminum Threaded Conduit Nipple - Close",1 ALUMINUM NIP Close,"1"" x Close",,,,,,,EA,"[""1\"" aluminum threaded conduit nipple - close"", ""1 aluminum nip close"", ""fittings"", ""threaded nipples"", ""nipple"", ""niple"", ""threaded conduit nipple""]",true
38f6c921-9ae4-5a95-8cea-f1208c8851fa,Fittings,Threaded Nipples,"1"" Galvanized Steel Threaded Conduit Nipple - 10"" Long",1 GALVANIZED STEEL NIP 10,"1"" x 10"" Long",,,,,,,EA,"[""1\"" galvanized steel threaded conduit nipple - 10\"" long"", ""1 galvanized steel nip 10"", ""fittings"", ""threaded nipples"", ""nipple"", ""niple"", ""threaded conduit nipple""]",true
47d31c04-e65c-57dd-b5f8-abcf96920b82,Fittings,Threaded Nipples,"1"" Galvanized Steel Threaded Conduit Nipple - 12"" Long",1 GALVANIZED STEEL NIP 12,"1"" x 12"" Long",,,,,,,EA,"[""1\"" galvanized steel threaded conduit nipple - 12\"" long"", ""1 galvanized steel nip 12"", ""fittings"", ""threaded nipples"", ""nipple"", ""niple"", ""threaded conduit nipple""]",true
c4b32d82-18e5-57fb-a27b-ddede21ea841,Fittings,Threaded Nipples,"1"" Galvanized Steel Threaded Conduit Nipple - 2"" Long",1 GALVANIZED STEEL NIP 2,"1"" x 2"" Long",,,,,,,EA,"[""1\"" galvanized steel threaded conduit nipple - 2\"" long"", ""1 galvanized steel nip 2"", ""fittings"", ""threaded nipples"", ""nipple"", ""niple"", ""threaded conduit nipple""]",true
7f4b7ba3-9510-5179-bf69-370d3ee6df86,Fittings,Threaded Nipples,"1"" Galvanized Steel Threaded Conduit Nipple - 2-1/2"" Long",1 GALVANIZED STEEL NIP 2-1/2,"1"" x 2-1/2"" Long",,,,,,,EA,"[""1\"" galvanized steel threaded conduit nipple - 2-1/2\"" long"", ""1 galvanized steel nip 2-1/2"", ""fittings"", ""threaded nipples"", ""nipple"", ""niple"", ""threaded conduit nipple""]",true
f49a25e1-f68a-5a62-aa94-700911a23455,Fittings,Threaded Nipples,"1"" Galvanized Steel Threaded Conduit Nipple - 3"" Long",1 GALVANIZED STEEL NIP 3,"1"" x 3"" Long",,,,,,,EA,"[""1\"" galvanized steel threaded conduit nipple - 3\"" long"", ""1 galvanized steel nip 3"", ""fittings"", ""threaded nipples"", ""nipple"", ""niple"", ""threaded conduit nipple""]",true
27f4ad4a-7e20-5aff-a045-a3e9fa54b09c,Fittings,Threaded Nipples,"1"" Galvanized Steel Threaded Conduit Nipple - 3-1/2"" Long",1 GALVANIZED STEEL NIP 3-1/2,"1"" x 3-1/2"" Long",,,,,,,EA,"[""1\"" galvanized steel threaded conduit nipple - 3-1/2\"" long"", ""1 galvanized steel nip 3-1/2"", ""fittings"", ""threaded nipples"", ""nipple"", ""niple"", ""threaded conduit nipple""]",true
dabb2efd-3c65-5a42-ba71-7d847ef1e10f,Fittings,Threaded Nipples,"1"" Galvanized Steel Threaded Conduit Nipple - 4"" Long",1 GALVANIZED STEEL NIP 4,"1"" x 4"" Long",,,,,,,EA,"[""1\"" galvanized steel threaded conduit nipple - 4\"" long"", ""1 galvanized steel nip 4"", ""fittings"", ""threaded nipples"", ""nipple"", ""niple"", ""threaded conduit nipple""]",true
d700716e-2a66-5bb3-ab68-47ea7b8d5de4,Fittings,Threaded Nipples,"1"" Galvanized Steel Threaded Conduit Nipple - 5"" Long",1 GALVANIZED STEEL NIP 5,"1"" x 5"" Long",,,,,,,EA,"[""1\"" galvanized steel threaded conduit nipple - 5\"" long"", ""1 galvanized steel nip 5"", ""fittings"", ""threaded nipples"", ""nipple"", ""niple"", ""threaded conduit nipple""]",true
b0a20641-63dc-5829-890b-91d2e0201765,Fittings,Threaded Nipples,"1"" Galvanized Steel Threaded Conduit Nipple - 6"" Long",1 GALVANIZED STEEL NIP 6,"1"" x 6"" Long",,,,,,,EA,"[""1\"" galvanized steel threaded conduit nipple - 6\"" long"", ""1 galvanized steel nip 6"", ""fittings"", ""threaded nipples"", ""nipple"", ""niple"", ""threaded conduit nipple""]",true
3b950e6b-ba62-54ae-9660-2d734e6988ff,Fittings,Threaded Nipples,"1"" Galvanized Steel Threaded Conduit Nipple - 8"" Long",1 GALVANIZED STEEL NIP 8,"1"" x 8"" Long",,,,,,,EA,"[""1\"" galvanized steel threaded conduit nipple - 8\"" long"", ""1 galvanized steel nip 8"", ""fittings"", ""threaded nipples"", ""nipple"", ""niple"", ""threaded conduit nipple""]",true
dfade2ed-c19e-5e44-be74-753a89d97be9,Fittings,Threaded Nipples,"1"" Galvanized Steel Threaded Conduit Nipple - Close",1 GALVANIZED STEEL NIP Close,"1"" x Close",,,,,,,EA,"[""1\"" galvanized steel threaded conduit nipple - close"", ""1 galvanized steel nip close"", ""fittings"", ""threaded nipples"", ""nipple"", ""niple"", ""threaded conduit nipple""]",true
d494e618-38bb-5219-82ff-4dc302ab5516,Fittings,Threaded Nipples,"1-1/2"" Aluminum Threaded Conduit Nipple - 10"" Long",1-1/2 ALUMINUM NIP 10,"1-1/2"" x 10"" Long",,,,,,,EA,"[""1-1/2\"" aluminum threaded conduit nipple - 10\"" long"", ""1-1/2 aluminum nip 10"", ""fittings"", ""threaded nipples"", ""nipple"", ""niple"", ""threaded conduit nipple""]",true
8825c46f-9d8a-5066-8d75-41f95ddbf11e,Fittings,Threaded Nipples,"1-1/2"" Aluminum Threaded Conduit Nipple - 12"" Long",1-1/2 ALUMINUM NIP 12,"1-1/2"" x 12"" Long",,,,,,,EA,"[""1-1/2\"" aluminum threaded conduit nipple - 12\"" long"", ""1-1/2 aluminum nip 12"", ""fittings"", ""threaded nipples"", ""nipple"", ""niple"", ""threaded conduit nipple""]",true
28b3bd0e-8e0a-5bc6-a4af-2c1ccffa86bf,Fittings,Threaded Nipples,"1-1/2"" Aluminum Threaded Conduit Nipple - 2-1/2"" Long",1-1/2 ALUMINUM NIP 2-1/2,"1-1/2"" x 2-1/2"" Long",,,,,,,EA,"[""1-1/2\"" aluminum threaded conduit nipple - 2-1/2\"" long"", ""1-1/2 aluminum nip 2-1/2"", ""fittings"", ""threaded nipples"", ""nipple"", ""niple"", ""threaded conduit nipple""]",true
55361aff-d6be-5c42-bf51-2c0acad0b5bf,Fittings,Threaded Nipples,"1-1/2"" Aluminum Threaded Conduit Nipple - 3"" Long",1-1/2 ALUMINUM NIP 3,"1-1/2"" x 3"" Long",,,,,,,EA,"[""1-1/2\"" aluminum threaded conduit nipple - 3\"" long"", ""1-1/2 aluminum nip 3"", ""fittings"", ""threaded nipples"", ""nipple"", ""niple"", ""threaded conduit nipple""]",true
8645049f-47f5-5c6b-9081-f5bb392abac5,Fittings,Threaded Nipples,"1-1/2"" Aluminum Threaded Conduit Nipple - 3-1/2"" Long",1-1/2 ALUMINUM NIP 3-1/2,"1-1/2"" x 3-1/2"" Long",,,,,,,EA,"[""1-1/2\"" aluminum threaded conduit nipple - 3-1/2\"" long"", ""1-1/2 aluminum nip 3-1/2"", ""fittings"", ""threaded nipples"", ""nipple"", ""niple"", ""threaded conduit nipple""]",true
f49b4125-2f84-507b-ade9-164b578534c1,Fittings,Threaded Nipples,"1-1/2"" Aluminum Threaded Conduit Nipple - 4"" Long",1-1/2 ALUMINUM NIP 4,"1-1/2"" x 4"" Long",,,,,,,EA,"[""1-1/2\"" aluminum threaded conduit nipple - 4\"" long"", ""1-1/2 aluminum nip 4"", ""fittings"", ""threaded nipples"", ""nipple"", ""niple"", ""threaded conduit nipple""]",true
dc81c8b7-cb77-57eb-888e-ab57c9805e4b,Fittings,Threaded Nipples,"1-1/2"" Aluminum Threaded Conduit Nipple - 5"" Long",1-1/2 ALUMINUM NIP 5,"1-1/2"" x 5"" Long",,,,,,,EA,"[""1-1/2\"" aluminum threaded conduit nipple - 5\"" long"", ""1-1/2 aluminum nip 5"", ""fittings"", ""threaded nipples"", ""nipple"", ""niple"", ""threaded conduit nipple""]",true
ec3f943c-1bbb-5d27-a5b0-72b2ce0958de,Fittings,Threaded Nipples,"1-1/2"" Aluminum Threaded Conduit Nipple - 6"" Long",1-1/2 ALUMINUM NIP 6,"1-1/2"" x 6"" Long",,,,,,,EA,"[""1-1/2\"" aluminum threaded conduit nipple - 6\"" long"", ""1-1/2 aluminum nip 6"", ""fittings"", ""threaded nipples"", ""nipple"", ""niple"", ""threaded conduit nipple""]",true
3de00cdf-7e9e-5746-ab4e-2bb03d3b3dc2,Fittings,Threaded Nipples,"1-1/2"" Aluminum Threaded Conduit Nipple - 8"" Long",1-1/2 ALUMINUM NIP 8,"1-1/2"" x 8"" Long",,,,,,,EA,"[""1-1/2\"" aluminum threaded conduit nipple - 8\"" long"", ""1-1/2 aluminum nip 8"", ""fittings"", ""threaded nipples"", ""nipple"", ""niple"", ""threaded conduit nipple""]",true
d2efa949-16f7-56a6-8089-74126a0bf258,Fittings,Threaded Nipples,"1-1/2"" Aluminum Threaded Conduit Nipple - Close",1-1/2 ALUMINUM NIP Close,"1-1/2"" x Close",,,,,,,EA,"[""1-1/2\"" aluminum threaded conduit nipple - close"", ""1-1/2 aluminum nip close"", ""fittings"", ""threaded nipples"", ""nipple"", ""niple"", ""threaded conduit nipple""]",true
c83b6598-57eb-52aa-b785-9a000c0bb959,Fittings,Threaded Nipples,"1-1/2"" Galvanized Steel Threaded Conduit Nipple - 10"" Long",1-1/2 GALVANIZED STEEL NIP 10,"1-1/2"" x 10"" Long",,,,,,,EA,"[""1-1/2\"" galvanized steel threaded conduit nipple - 10\"" long"", ""1-1/2 galvanized steel nip 10"", ""fittings"", ""threaded nipples"", ""nipple"", ""niple"", ""threaded conduit nipple""]",true
eba423b4-0d5d-554f-b952-432925ced571,Fittings,Threaded Nipples,"1-1/2"" Galvanized Steel Threaded Conduit Nipple - 12"" Long",1-1/2 GALVANIZED STEEL NIP 12,"1-1/2"" x 12"" Long",,,,,,,EA,"[""1-1/2\"" galvanized steel threaded conduit nipple - 12\"" long"", ""1-1/2 galvanized steel nip 12"", ""fittings"", ""threaded nipples"", ""nipple"", ""niple"", ""threaded conduit nipple""]",true
21f8fcf8-0f66-5286-8807-027c91affb9d,Fittings,Threaded Nipples,"1-1/2"" Galvanized Steel Threaded Conduit Nipple - 2-1/2"" Long",1-1/2 GALVANIZED STEEL NIP 2-1/2,"1-1/2"" x 2-1/2"" Long",,,,,,,EA,"[""1-1/2\"" galvanized steel threaded conduit nipple - 2-1/2\"" long"", ""1-1/2 galvanized steel nip 2-1/2"", ""fittings"", ""threaded nipples"", ""nipple"", ""niple"", ""threaded conduit nipple""]",true
e61c5a83-7159-55e5-8659-1727768f34cd,Fittings,Threaded Nipples,"1-1/2"" Galvanized Steel Threaded Conduit Nipple - 3"" Long",1-1/2 GALVANIZED STEEL NIP 3,"1-1/2"" x 3"" Long",,,,,,,EA,"[""1-1/2\"" galvanized steel threaded conduit nipple - 3\"" long"", ""1-1/2 galvanized steel nip 3"", ""fittings"", ""threaded nipples"", ""nipple"", ""niple"", ""threaded conduit nipple""]",true
a081e5f6-2166-5dc9-9969-f47fd3eb7a70,Fittings,Threaded Nipples,"1-1/2"" Galvanized Steel Threaded Conduit Nipple - 3-1/2"" Long",1-1/2 GALVANIZED STEEL NIP 3-1/2,"1-1/2"" x 3-1/2"" Long",,,,,,,EA,"[""1-1/2\"" galvanized steel threaded conduit nipple - 3-1/2\"" long"", ""1-1/2 galvanized steel nip 3-1/2"", ""fittings"", ""threaded nipples"", ""nipple"", ""niple"", ""threaded conduit nipple""]",true
66096716-f2e0-5f1d-ac23-d5366acb9833,Fittings,Threaded Nipples,"1-1/2"" Galvanized Steel Threaded Conduit Nipple - 4"" Long",1-1/2 GALVANIZED STEEL NIP 4,"1-1/2"" x 4"" Long",,,,,,,EA,"[""1-1/2\"" galvanized steel threaded conduit nipple - 4\"" long"", ""1-1/2 galvanized steel nip 4"", ""fittings"", ""threaded nipples"", ""nipple"", ""niple"", ""threaded conduit nipple""]",true
b90d9437-5f87-59c2-8486-e95011ffc47f,Fittings,Threaded Nipples,"1-1/2"" Galvanized Steel Threaded Conduit Nipple - 5"" Long",1-1/2 GALVANIZED STEEL NIP 5,"1-1/2"" x 5"" Long",,,,,,,EA,"[""1-1/2\"" galvanized steel threaded conduit nipple - 5\"" long"", ""1-1/2 galvanized steel nip 5"", ""fittings"", ""threaded nipples"", ""nipple"", ""niple"", ""threaded conduit nipple""]",true
dd78e85a-b0cf-5db5-9db6-07b4371693c2,Fittings,Threaded Nipples,"1-1/2"" Galvanized Steel Threaded Conduit Nipple - 6"" Long",1-1/2 GALVANIZED STEEL NIP 6,"1-1/2"" x 6"" Long",,,,,,,EA,"[""1-1/2\"" galvanized steel threaded conduit nipple - 6\"" long"", ""1-1/2 galvanized steel nip 6"", ""fittings"", ""threaded nipples"", ""nipple"", ""niple"", ""threaded conduit nipple""]",true
4e62abf4-8669-51d9-ac83-769d0c996643,Fittings,Threaded Nipples,"1-1/2"" Galvanized Steel Threaded Conduit Nipple - 8"" Long",1-1/2 GALVANIZED STEEL NIP 8,"1-1/2"" x 8"" Long",,,,,,,EA,"[""1-1/2\"" galvanized steel threaded conduit nipple - 8\"" long"", ""1-1/2 galvanized steel nip 8"", ""fittings"", ""threaded nipples"", ""nipple"", ""niple"", ""threaded conduit nipple""]",true
758a8a1d-52e6-5e5b-94b4-8bfc34178403,Fittings,Threaded Nipples,"1-1/2"" Galvanized Steel Threaded Conduit Nipple - Close",1-1/2 GALVANIZED STEEL NIP Close,"1-1/2"" x Close",,,,,,,EA,"[""1-1/2\"" galvanized steel threaded conduit nipple - close"", ""1-1/2 galvanized steel nip close"", ""fittings"", ""threaded nipples"", ""nipple"", ""niple"", ""threaded conduit nipple""]",true
bb40fb87-661c-5133-8938-58031df0355c,Fittings,Threaded Nipples,"1-1/4"" Aluminum Threaded Conduit Nipple - 10"" Long",1-1/4 ALUMINUM NIP 10,"1-1/4"" x 10"" Long",,,,,,,EA,"[""1-1/4\"" aluminum threaded conduit nipple - 10\"" long"", ""1-1/4 aluminum nip 10"", ""fittings"", ""threaded nipples"", ""nipple"", ""niple"", ""threaded conduit nipple""]",true
8a4d02c9-d7db-5e09-8f69-35264a5b9dcc,Fittings,Threaded Nipples,"1-1/4"" Aluminum Threaded Conduit Nipple - 12"" Long",1-1/4 ALUMINUM NIP 12,"1-1/4"" x 12"" Long",,,,,,,EA,"[""1-1/4\"" aluminum threaded conduit nipple - 12\"" long"", ""1-1/4 aluminum nip 12"", ""fittings"", ""threaded nipples"", ""nipple"", ""niple"", ""threaded conduit nipple""]",true
a3c66c91-283d-532a-8d9d-1651f10db02e,Fittings,Threaded Nipples,"1-1/4"" Aluminum Threaded Conduit Nipple - 2-1/2"" Long",1-1/4 ALUMINUM NIP 2-1/2,"1-1/4"" x 2-1/2"" Long",,,,,,,EA,"[""1-1/4\"" aluminum threaded conduit nipple - 2-1/2\"" long"", ""1-1/4 aluminum nip 2-1/2"", ""fittings"", ""threaded nipples"", ""nipple"", ""niple"", ""threaded conduit nipple""]",true
ba0548e8-e94f-5c7c-8654-f1aaf816bff5,Fittings,Threaded Nipples,"1-1/4"" Aluminum Threaded Conduit Nipple - 3"" Long",1-1/4 ALUMINUM NIP 3,"1-1/4"" x 3"" Long",,,,,,,EA,"[""1-1/4\"" aluminum threaded conduit nipple - 3\"" long"", ""1-1/4 aluminum nip 3"", ""fittings"", ""threaded nipples"", ""nipple"", ""niple"", ""threaded conduit nipple""]",true
00a65edd-c4db-5116-89b4-55d2192579bc,Fittings,Threaded Nipples,"1-1/4"" Aluminum Threaded Conduit Nipple - 3-1/2"" Long",1-1/4 ALUMINUM NIP 3-1/2,"1-1/4"" x 3-1/2"" Long",,,,,,,EA,"[""1-1/4\"" aluminum threaded conduit nipple - 3-1/2\"" long"", ""1-1/4 aluminum nip 3-1/2"", ""fittings"", ""threaded nipples"", ""nipple"", ""niple"", ""threaded conduit nipple""]",true
60e37382-d54a-5ba7-8daf-0c5b465766d0,Fittings,Threaded Nipples,"1-1/4"" Aluminum Threaded Conduit Nipple - 4"" Long",1-1/4 ALUMINUM NIP 4,"1-1/4"" x 4"" Long",,,,,,,EA,"[""1-1/4\"" aluminum threaded conduit nipple - 4\"" long"", ""1-1/4 aluminum nip 4"", ""fittings"", ""threaded nipples"", ""nipple"", ""niple"", ""threaded conduit nipple""]",true
29e07a50-0fb4-59bf-a372-8a9c21714022,Fittings,Threaded Nipples,"1-1/4"" Aluminum Threaded Conduit Nipple - 5"" Long",1-1/4 ALUMINUM NIP 5,"1-1/4"" x 5"" Long",,,,,,,EA,"[""1-1/4\"" aluminum threaded conduit nipple - 5\"" long"", ""1-1/4 aluminum nip 5"", ""fittings"", ""threaded nipples"", ""nipple"", ""niple"", ""threaded conduit nipple""]",true
4277a4ad-905e-5e56-be00-5c366f8168a3,Fittings,Threaded Nipples,"1-1/4"" Aluminum Threaded Conduit Nipple - 6"" Long",1-1/4 ALUMINUM NIP 6,"1-1/4"" x 6"" Long",,,,,,,EA,"[""1-1/4\"" aluminum threaded conduit nipple - 6\"" long"", ""1-1/4 aluminum nip 6"", ""fittings"", ""threaded nipples"", ""nipple"", ""niple"", ""threaded conduit nipple""]",true
d6664661-79f7-5803-a97c-6ecceaf0793e,Fittings,Threaded Nipples,"1-1/4"" Aluminum Threaded Conduit Nipple - 8"" Long",1-1/4 ALUMINUM NIP 8,"1-1/4"" x 8"" Long",,,,,,,EA,"[""1-1/4\"" aluminum threaded conduit nipple - 8\"" long"", ""1-1/4 aluminum nip 8"", ""fittings"", ""threaded nipples"", ""nipple"", ""niple"", ""threaded conduit nipple""]",true
c984d1f6-4cd0-5be7-ba70-ba9e2d4b145b,Fittings,Threaded Nipples,"1-1/4"" Aluminum Threaded Conduit Nipple - Close",1-1/4 ALUMINUM NIP Close,"1-1/4"" x Close",,,,,,,EA,"[""1-1/4\"" aluminum threaded conduit nipple - close"", ""1-1/4 aluminum nip close"", ""fittings"", ""threaded nipples"", ""nipple"", ""niple"", ""threaded conduit nipple""]",true
96493b8b-df07-5960-8d51-ba5edbb4824b,Fittings,Threaded Nipples,"1-1/4"" Galvanized Steel Threaded Conduit Nipple - 10"" Long",1-1/4 GALVANIZED STEEL NIP 10,"1-1/4"" x 10"" Long",,,,,,,EA,"[""1-1/4\"" galvanized steel threaded conduit nipple - 10\"" long"", ""1-1/4 galvanized steel nip 10"", ""fittings"", ""threaded nipples"", ""nipple"", ""niple"", ""threaded conduit nipple""]",true
4d810930-0fbf-5413-8db9-163a93f9ea1c,Fittings,Threaded Nipples,"1-1/4"" Galvanized Steel Threaded Conduit Nipple - 12"" Long",1-1/4 GALVANIZED STEEL NIP 12,"1-1/4"" x 12"" Long",,,,,,,EA,"[""1-1/4\"" galvanized steel threaded conduit nipple - 12\"" long"", ""1-1/4 galvanized steel nip 12"", ""fittings"", ""threaded nipples"", ""nipple"", ""niple"", ""threaded conduit nipple""]",true
f3bfacdf-67c0-593f-9e19-1412cc075788,Fittings,Threaded Nipples,"1-1/4"" Galvanized Steel Threaded Conduit Nipple - 2-1/2"" Long",1-1/4 GALVANIZED STEEL NIP 2-1/2,"1-1/4"" x 2-1/2"" Long",,,,,,,EA,"[""1-1/4\"" galvanized steel threaded conduit nipple - 2-1/2\"" long"", ""1-1/4 galvanized steel nip 2-1/2"", ""fittings"", ""threaded nipples"", ""nipple"", ""niple"", ""threaded conduit nipple""]",true
c112f5e5-6bed-52bc-a2ae-a56047b59f9a,Fittings,Threaded Nipples,"1-1/4"" Galvanized Steel Threaded Conduit Nipple - 3"" Long",1-1/4 GALVANIZED STEEL NIP 3,"1-1/4"" x 3"" Long",,,,,,,EA,"[""1-1/4\"" galvanized steel threaded conduit nipple - 3\"" long"", ""1-1/4 galvanized steel nip 3"", ""fittings"", ""threaded nipples"", ""nipple"", ""niple"", ""threaded conduit nipple""]",true
10c3aa4f-3e99-594d-b413-4e126d671f67,Fittings,Threaded Nipples,"1-1/4"" Galvanized Steel Threaded Conduit Nipple - 3-1/2"" Long",1-1/4 GALVANIZED STEEL NIP 3-1/2,"1-1/4"" x 3-1/2"" Long",,,,,,,EA,"[""1-1/4\"" galvanized steel threaded conduit nipple - 3-1/2\"" long"", ""1-1/4 galvanized steel nip 3-1/2"", ""fittings"", ""threaded nipples"", ""nipple"", ""niple"", ""threaded conduit nipple""]",true
a6ef3067-ed1f-50a5-ab9d-577ec1eab0da,Fittings,Threaded Nipples,"1-1/4"" Galvanized Steel Threaded Conduit Nipple - 4"" Long",1-1/4 GALVANIZED STEEL NIP 4,"1-1/4"" x 4"" Long",,,,,,,EA,"[""1-1/4\"" galvanized steel threaded conduit nipple - 4\"" long"", ""1-1/4 galvanized steel nip 4"", ""fittings"", ""threaded nipples"", ""nipple"", ""niple"", ""threaded conduit nipple""]",true
f88ee3db-7d96-5b04-9b66-da268d9e5e11,Fittings,Threaded Nipples,"1-1/4"" Galvanized Steel Threaded Conduit Nipple - 5"" Long",1-1/4 GALVANIZED STEEL NIP 5,"1-1/4"" x 5"" Long",,,,,,,EA,"[""1-1/4\"" galvanized steel threaded conduit nipple - 5\"" long"", ""1-1/4 galvanized steel nip 5"", ""fittings"", ""threaded nipples"", ""nipple"", ""niple"", ""threaded conduit nipple""]",true
d070d092-a852-520d-b510-773e25b00d7f,Fittings,Threaded Nipples,"1-1/4"" Galvanized Steel Threaded Conduit Nipple - 6"" Long",1-1/4 GALVANIZED STEEL NIP 6,"1-1/4"" x 6"" Long",,,,,,,EA,"[""1-1/4\"" galvanized steel threaded conduit nipple - 6\"" long"", ""1-1/4 galvanized steel nip 6"", ""fittings"", ""threaded nipples"", ""nipple"", ""niple"", ""threaded conduit nipple""]",true
19b5454a-a366-58d3-bcd8-37b960b47833,Fittings,Threaded Nipples,"1-1/4"" Galvanized Steel Threaded Conduit Nipple - 8"" Long",1-1/4 GALVANIZED STEEL NIP 8,"1-1/4"" x 8"" Long",,,,,,,EA,"[""1-1/4\"" galvanized steel threaded conduit nipple - 8\"" long"", ""1-1/4 galvanized steel nip 8"", ""fittings"", ""threaded nipples"", ""nipple"", ""niple"", ""threaded conduit nipple""]",true
fa4cfb56-f58a-5441-bc18-878444efff98,Fittings,Threaded Nipples,"1-1/4"" Galvanized Steel Threaded Conduit Nipple - Close",1-1/4 GALVANIZED STEEL NIP Close,"1-1/4"" x Close",,,,,,,EA,"[""1-1/4\"" galvanized steel threaded conduit nipple - close"", ""1-1/4 galvanized steel nip close"", ""fittings"", ""threaded nipples"", ""nipple"", ""niple"", ""threaded conduit nipple""]",true
19adf15a-3700-5e20-b9eb-c129aaed2273,Fittings,Threaded Nipples,"1/2"" Aluminum Threaded Conduit Nipple - 1-1/2"" Long",1/2 ALUMINUM NIP 1-1/2,"1/2"" x 1-1/2"" Long",,,,,,,EA,"[""1/2\"" aluminum threaded conduit nipple - 1-1/2\"" long"", ""1/2 aluminum nip 1-1/2"", ""fittings"", ""threaded nipples"", ""nipple"", ""niple"", ""threaded conduit nipple""]",true
c223bd34-21dd-5b97-9aa8-e1330fb7e5b3,Fittings,Threaded Nipples,"1/2"" Aluminum Threaded Conduit Nipple - 10"" Long",1/2 ALUMINUM NIP 10,"1/2"" x 10"" Long",,,,,,,EA,"[""1/2\"" aluminum threaded conduit nipple - 10\"" long"", ""1/2 aluminum nip 10"", ""fittings"", ""threaded nipples"", ""nipple"", ""niple"", ""threaded conduit nipple""]",true
52b2d445-0ff0-5963-b723-304cd91c5dbf,Fittings,Threaded Nipples,"1/2"" Aluminum Threaded Conduit Nipple - 12"" Long",1/2 ALUMINUM NIP 12,"1/2"" x 12"" Long",,,,,,,EA,"[""1/2\"" aluminum threaded conduit nipple - 12\"" long"", ""1/2 aluminum nip 12"", ""fittings"", ""threaded nipples"", ""nipple"", ""niple"", ""threaded conduit nipple""]",true
e305be76-7065-5eb9-8268-baf46e6dcfc5,Fittings,Threaded Nipples,"1/2"" Aluminum Threaded Conduit Nipple - 2"" Long",1/2 ALUMINUM NIP 2,"1/2"" x 2"" Long",,,,,,,EA,"[""1/2\"" aluminum threaded conduit nipple - 2\"" long"", ""1/2 aluminum nip 2"", ""fittings"", ""threaded nipples"", ""nipple"", ""niple"", ""threaded conduit nipple""]",true
021419ec-ae4b-55f6-94d2-b97c1f58adcf,Fittings,Threaded Nipples,"1/2"" Aluminum Threaded Conduit Nipple - 2-1/2"" Long",1/2 ALUMINUM NIP 2-1/2,"1/2"" x 2-1/2"" Long",,,,,,,EA,"[""1/2\"" aluminum threaded conduit nipple - 2-1/2\"" long"", ""1/2 aluminum nip 2-1/2"", ""fittings"", ""threaded nipples"", ""nipple"", ""niple"", ""threaded conduit nipple""]",true
3a9cde3a-bd9f-56ab-947b-811accc9353f,Fittings,Threaded Nipples,"1/2"" Aluminum Threaded Conduit Nipple - 3"" Long",1/2 ALUMINUM NIP 3,"1/2"" x 3"" Long",,,,,,,EA,"[""1/2\"" aluminum threaded conduit nipple - 3\"" long"", ""1/2 aluminum nip 3"", ""fittings"", ""threaded nipples"", ""nipple"", ""niple"", ""threaded conduit nipple""]",true
0d7b87dc-adaf-5d5a-b2c0-4c7d581a6ede,Fittings,Threaded Nipples,"1/2"" Aluminum Threaded Conduit Nipple - 3-1/2"" Long",1/2 ALUMINUM NIP 3-1/2,"1/2"" x 3-1/2"" Long",,,,,,,EA,"[""1/2\"" aluminum threaded conduit nipple - 3-1/2\"" long"", ""1/2 aluminum nip 3-1/2"", ""fittings"", ""threaded nipples"", ""nipple"", ""niple"", ""threaded conduit nipple""]",true
0c7fd5b8-b5b7-5335-9df0-52107a1b90bd,Fittings,Threaded Nipples,"1/2"" Aluminum Threaded Conduit Nipple - 4"" Long",1/2 ALUMINUM NIP 4,"1/2"" x 4"" Long",,,,,,,EA,"[""1/2\"" aluminum threaded conduit nipple - 4\"" long"", ""1/2 aluminum nip 4"", ""fittings"", ""threaded nipples"", ""nipple"", ""niple"", ""threaded conduit nipple""]",true
8a1f5d89-33f4-595a-8fa2-6f1a292f1466,Fittings,Threaded Nipples,"1/2"" Aluminum Threaded Conduit Nipple - 5"" Long",1/2 ALUMINUM NIP 5,"1/2"" x 5"" Long",,,,,,,EA,"[""1/2\"" aluminum threaded conduit nipple - 5\"" long"", ""1/2 aluminum nip 5"", ""fittings"", ""threaded nipples"", ""nipple"", ""niple"", ""threaded conduit nipple""]",true
8ab42670-3aea-5dfd-b21d-808a3e10ea76,Fittings,Threaded Nipples,"1/2"" Aluminum Threaded Conduit Nipple - 6"" Long",1/2 ALUMINUM NIP 6,"1/2"" x 6"" Long",,,,,,,EA,"[""1/2\"" aluminum threaded conduit nipple - 6\"" long"", ""1/2 aluminum nip 6"", ""fittings"", ""threaded nipples"", ""nipple"", ""niple"", ""threaded conduit nipple""]",true
aa508e1c-933b-5615-8556-1d671f5e6af2,Fittings,Threaded Nipples,"1/2"" Aluminum Threaded Conduit Nipple - 8"" Long",1/2 ALUMINUM NIP 8,"1/2"" x 8"" Long",,,,,,,EA,"[""1/2\"" aluminum threaded conduit nipple - 8\"" long"", ""1/2 aluminum nip 8"", ""fittings"", ""threaded nipples"", ""nipple"", ""niple"", ""threaded conduit nipple""]",true
09eeca08-853e-5d1b-9924-e61052170b42,Fittings,Threaded Nipples,"1/2"" Aluminum Threaded Conduit Nipple - Close",1/2 ALUMINUM NIP Close,"1/2"" x Close",,,,,,,EA,"[""1/2\"" aluminum threaded conduit nipple - close"", ""1/2 aluminum nip close"", ""fittings"", ""threaded nipples"", ""nipple"", ""niple"", ""threaded conduit nipple""]",true
b261cb5f-02e6-5e91-bf7b-4066f3bcc789,Fittings,Threaded Nipples,"1/2"" Galvanized Steel Threaded Conduit Nipple - 1-1/2"" Long",1/2 GALVANIZED STEEL NIP 1-1/2,"1/2"" x 1-1/2"" Long",,,,,,,EA,"[""1/2\"" galvanized steel threaded conduit nipple - 1-1/2\"" long"", ""1/2 galvanized steel nip 1-1/2"", ""fittings"", ""threaded nipples"", ""nipple"", ""niple"", ""threaded conduit nipple""]",true
845745ac-5194-5538-83b1-8bf71c2dc653,Fittings,Threaded Nipples,"1/2"" Galvanized Steel Threaded Conduit Nipple - 10"" Long",1/2 GALVANIZED STEEL NIP 10,"1/2"" x 10"" Long",,,,,,,EA,"[""1/2\"" galvanized steel threaded conduit nipple - 10\"" long"", ""1/2 galvanized steel nip 10"", ""fittings"", ""threaded nipples"", ""nipple"", ""niple"", ""threaded conduit nipple""]",true
d7ab08d7-c070-5e31-a3c6-a898874252f1,Fittings,Threaded Nipples,"1/2"" Galvanized Steel Threaded Conduit Nipple - 12"" Long",1/2 GALVANIZED STEEL NIP 12,"1/2"" x 12"" Long",,,,,,,EA,"[""1/2\"" galvanized steel threaded conduit nipple - 12\"" long"", ""1/2 galvanized steel nip 12"", ""fittings"", ""threaded nipples"", ""nipple"", ""niple"", ""threaded conduit nipple""]",true
a9d13656-2e84-52ab-932a-c460b466c58e,Fittings,Threaded Nipples,"1/2"" Galvanized Steel Threaded Conduit Nipple - 2"" Long",1/2 GALVANIZED STEEL NIP 2,"1/2"" x 2"" Long",,,,,,,EA,"[""1/2\"" galvanized steel threaded conduit nipple - 2\"" long"", ""1/2 galvanized steel nip 2"", ""fittings"", ""threaded nipples"", ""nipple"", ""niple"", ""threaded conduit nipple""]",true
97101b7e-7deb-51ee-8a8f-a4bb361e15c3,Fittings,Threaded Nipples,"1/2"" Galvanized Steel Threaded Conduit Nipple - 2-1/2"" Long",1/2 GALVANIZED STEEL NIP 2-1/2,"1/2"" x 2-1/2"" Long",,,,,,,EA,"[""1/2\"" galvanized steel threaded conduit nipple - 2-1/2\"" long"", ""1/2 galvanized steel nip 2-1/2"", ""fittings"", ""threaded nipples"", ""nipple"", ""niple"", ""threaded conduit nipple""]",true
a710b43b-45c7-51d1-a0f6-b991d1da09c0,Fittings,Threaded Nipples,"1/2"" Galvanized Steel Threaded Conduit Nipple - 3"" Long",1/2 GALVANIZED STEEL NIP 3,"1/2"" x 3"" Long",,,,,,,EA,"[""1/2\"" galvanized steel threaded conduit nipple - 3\"" long"", ""1/2 galvanized steel nip 3"", ""fittings"", ""threaded nipples"", ""nipple"", ""niple"", ""threaded conduit nipple""]",true
e313348c-4943-5d0f-990a-2e7cd2767a86,Fittings,Threaded Nipples,"1/2"" Galvanized Steel Threaded Conduit Nipple - 3-1/2"" Long",1/2 GALVANIZED STEEL NIP 3-1/2,"1/2"" x 3-1/2"" Long",,,,,,,EA,"[""1/2\"" galvanized steel threaded conduit nipple - 3-1/2\"" long"", ""1/2 galvanized steel nip 3-1/2"", ""fittings"", ""threaded nipples"", ""nipple"", ""niple"", ""threaded conduit nipple""]",true
099ba4db-11e2-5831-8d2b-ab3e4d753a7d,Fittings,Threaded Nipples,"1/2"" Galvanized Steel Threaded Conduit Nipple - 4"" Long",1/2 GALVANIZED STEEL NIP 4,"1/2"" x 4"" Long",,,,,,,EA,"[""1/2\"" galvanized steel threaded conduit nipple - 4\"" long"", ""1/2 galvanized steel nip 4"", ""fittings"", ""threaded nipples"", ""nipple"", ""niple"", ""threaded conduit nipple""]",true
e72a29c0-2be5-5524-8d13-0b5a131f1a54,Fittings,Threaded Nipples,"1/2"" Galvanized Steel Threaded Conduit Nipple - 5"" Long",1/2 GALVANIZED STEEL NIP 5,"1/2"" x 5"" Long",,,,,,,EA,"[""1/2\"" galvanized steel threaded conduit nipple - 5\"" long"", ""1/2 galvanized steel nip 5"", ""fittings"", ""threaded nipples"", ""nipple"", ""niple"", ""threaded conduit nipple""]",true
5f3dbe0a-b2c0-5ed5-81cd-901178f135b2,Fittings,Threaded Nipples,"1/2"" Galvanized Steel Threaded Conduit Nipple - 6"" Long",1/2 GALVANIZED STEEL NIP 6,"1/2"" x 6"" Long",,,,,,,EA,"[""1/2\"" galvanized steel threaded conduit nipple - 6\"" long"", ""1/2 galvanized steel nip 6"", ""fittings"", ""threaded nipples"", ""nipple"", ""niple"", ""threaded conduit nipple""]",true
d78b4b38-aee8-567d-a16f-d8b934f971cf,Fittings,Threaded Nipples,"1/2"" Galvanized Steel Threaded Conduit Nipple - 8"" Long",1/2 GALVANIZED STEEL NIP 8,"1/2"" x 8"" Long",,,,,,,EA,"[""1/2\"" galvanized steel threaded conduit nipple - 8\"" long"", ""1/2 galvanized steel nip 8"", ""fittings"", ""threaded nipples"", ""nipple"", ""niple"", ""threaded conduit nipple""]",true
3539c023-cee0-5543-83ce-05c122d343cd,Fittings,Threaded Nipples,"1/2"" Galvanized Steel Threaded Conduit Nipple - Close",1/2 GALVANIZED STEEL NIP Close,"1/2"" x Close",,,,,,,EA,"[""1/2\"" galvanized steel threaded conduit nipple - close"", ""1/2 galvanized steel nip close"", ""fittings"", ""threaded nipples"", ""nipple"", ""niple"", ""threaded conduit nipple""]",true
4581438e-ba28-5436-b86e-ab92c2710459,Fittings,Threaded Nipples,"2"" Aluminum Threaded Conduit Nipple - 10"" Long",2 ALUMINUM NIP 10,"2"" x 10"" Long",,,,,,,EA,"[""2\"" aluminum threaded conduit nipple - 10\"" long"", ""2 aluminum nip 10"", ""fittings"", ""threaded nipples"", ""nipple"", ""niple"", ""threaded conduit nipple""]",true
9a178835-a683-5f08-95db-1c025f5e7420,Fittings,Threaded Nipples,"2"" Aluminum Threaded Conduit Nipple - 12"" Long",2 ALUMINUM NIP 12,"2"" x 12"" Long",,,,,,,EA,"[""2\"" aluminum threaded conduit nipple - 12\"" long"", ""2 aluminum nip 12"", ""fittings"", ""threaded nipples"", ""nipple"", ""niple"", ""threaded conduit nipple""]",true
46fd584e-60ba-5d05-87e6-01b0a1e492e1,Fittings,Threaded Nipples,"2"" Aluminum Threaded Conduit Nipple - 3"" Long",2 ALUMINUM NIP 3,"2"" x 3"" Long",,,,,,,EA,"[""2\"" aluminum threaded conduit nipple - 3\"" long"", ""2 aluminum nip 3"", ""fittings"", ""threaded nipples"", ""nipple"", ""niple"", ""threaded conduit nipple""]",true
86c04fcf-5cf2-5016-b6de-a68e22a2f272,Fittings,Threaded Nipples,"2"" Aluminum Threaded Conduit Nipple - 3-1/2"" Long",2 ALUMINUM NIP 3-1/2,"2"" x 3-1/2"" Long",,,,,,,EA,"[""2\"" aluminum threaded conduit nipple - 3-1/2\"" long"", ""2 aluminum nip 3-1/2"", ""fittings"", ""threaded nipples"", ""nipple"", ""niple"", ""threaded conduit nipple""]",true
c89d6951-53e2-5414-8b3e-4d27c41b855b,Fittings,Threaded Nipples,"2"" Aluminum Threaded Conduit Nipple - 4"" Long",2 ALUMINUM NIP 4,"2"" x 4"" Long",,,,,,,EA,"[""2\"" aluminum threaded conduit nipple - 4\"" long"", ""2 aluminum nip 4"", ""fittings"", ""threaded nipples"", ""nipple"", ""niple"", ""threaded conduit nipple""]",true
12b49c0c-90c1-5c73-890c-e7433128cc4c,Fittings,Threaded Nipples,"2"" Aluminum Threaded Conduit Nipple - 5"" Long",2 ALUMINUM NIP 5,"2"" x 5"" Long",,,,,,,EA,"[""2\"" aluminum threaded conduit nipple - 5\"" long"", ""2 aluminum nip 5"", ""fittings"", ""threaded nipples"", ""nipple"", ""niple"", ""threaded conduit nipple""]",true
3b2da2e6-58ae-59a3-9ce9-18935e1e7d82,Fittings,Threaded Nipples,"2"" Aluminum Threaded Conduit Nipple - 6"" Long",2 ALUMINUM NIP 6,"2"" x 6"" Long",,,,,,,EA,"[""2\"" aluminum threaded conduit nipple - 6\"" long"", ""2 aluminum nip 6"", ""fittings"", ""threaded nipples"", ""nipple"", ""niple"", ""threaded conduit nipple""]",true
41871f90-2aa2-5838-976e-0d1952d63e71,Fittings,Threaded Nipples,"2"" Aluminum Threaded Conduit Nipple - 8"" Long",2 ALUMINUM NIP 8,"2"" x 8"" Long",,,,,,,EA,"[""2\"" aluminum threaded conduit nipple - 8\"" long"", ""2 aluminum nip 8"", ""fittings"", ""threaded nipples"", ""nipple"", ""niple"", ""threaded conduit nipple""]",true
620fd0c7-02fe-5a81-b617-32301ec4239d,Fittings,Threaded Nipples,"2"" Aluminum Threaded Conduit Nipple - Close",2 ALUMINUM NIP Close,"2"" x Close",,,,,,,EA,"[""2\"" aluminum threaded conduit nipple - close"", ""2 aluminum nip close"", ""fittings"", ""threaded nipples"", ""nipple"", ""niple"", ""threaded conduit nipple""]",true
a495325d-af77-5cc8-b06f-c2feb645ff63,Fittings,Threaded Nipples,"2"" Galvanized Steel Threaded Conduit Nipple - 10"" Long",2 GALVANIZED STEEL NIP 10,"2"" x 10"" Long",,,,,,,EA,"[""2\"" galvanized steel threaded conduit nipple - 10\"" long"", ""2 galvanized steel nip 10"", ""fittings"", ""threaded nipples"", ""nipple"", ""niple"", ""threaded conduit nipple""]",true
9cddd9f7-50d9-5444-b1d2-7dea171d6cf5,Fittings,Threaded Nipples,"2"" Galvanized Steel Threaded Conduit Nipple - 12"" Long",2 GALVANIZED STEEL NIP 12,"2"" x 12"" Long",,,,,,,EA,"[""2\"" galvanized steel threaded conduit nipple - 12\"" long"", ""2 galvanized steel nip 12"", ""fittings"", ""threaded nipples"", ""nipple"", ""niple"", ""threaded conduit nipple""]",true
9d170c37-e278-5f93-9f61-dce5b062502c,Fittings,Threaded Nipples,"2"" Galvanized Steel Threaded Conduit Nipple - 3"" Long",2 GALVANIZED STEEL NIP 3,"2"" x 3"" Long",,,,,,,EA,"[""2\"" galvanized steel threaded conduit nipple - 3\"" long"", ""2 galvanized steel nip 3"", ""fittings"", ""threaded nipples"", ""nipple"", ""niple"", ""threaded conduit nipple""]",true
3812559f-66f3-51c5-b0eb-92ae17f7889f,Fittings,Threaded Nipples,"2"" Galvanized Steel Threaded Conduit Nipple - 3-1/2"" Long",2 GALVANIZED STEEL NIP 3-1/2,"2"" x 3-1/2"" Long",,,,,,,EA,"[""2\"" galvanized steel threaded conduit nipple - 3-1/2\"" long"", ""2 galvanized steel nip 3-1/2"", ""fittings"", ""threaded nipples"", ""nipple"", ""niple"", ""threaded conduit nipple""]",true
c78fdd46-4f24-5324-beec-9b8269d94a7f,Fittings,Threaded Nipples,"2"" Galvanized Steel Threaded Conduit Nipple - 4"" Long",2 GALVANIZED STEEL NIP 4,"2"" x 4"" Long",,,,,,,EA,"[""2\"" galvanized steel threaded conduit nipple - 4\"" long"", ""2 galvanized steel nip 4"", ""fittings"", ""threaded nipples"", ""nipple"", ""niple"", ""threaded conduit nipple""]",true
8a9e99ed-cd96-5127-b22c-383428402e54,Fittings,Threaded Nipples,"2"" Galvanized Steel Threaded Conduit Nipple - 5"" Long",2 GALVANIZED STEEL NIP 5,"2"" x 5"" Long",,,,,,,EA,"[""2\"" galvanized steel threaded conduit nipple - 5\"" long"", ""2 galvanized steel nip 5"", ""fittings"", ""threaded nipples"", ""nipple"", ""niple"", ""threaded conduit nipple""]",true
84da4fe9-a4d5-534f-b7fd-60dac0c6aa5a,Fittings,Threaded Nipples,"2"" Galvanized Steel Threaded Conduit Nipple - 6"" Long",2 GALVANIZED STEEL NIP 6,"2"" x 6"" Long",,,,,,,EA,"[""2\"" galvanized steel threaded conduit nipple - 6\"" long"", ""2 galvanized steel nip 6"", ""fittings"", ""threaded nipples"", ""nipple"", ""niple"", ""threaded conduit nipple""]",true
f95434c7-55cd-546d-8f20-29fa3af2fbbf,Fittings,Threaded Nipples,"2"" Galvanized Steel Threaded Conduit Nipple - 8"" Long",2 GALVANIZED STEEL NIP 8,"2"" x 8"" Long",,,,,,,EA,"[""2\"" galvanized steel threaded conduit nipple - 8\"" long"", ""2 galvanized steel nip 8"", ""fittings"", ""threaded nipples"", ""nipple"", ""niple"", ""threaded conduit nipple""]",true
6b259809-b9f1-56a3-95fb-9e9c92df7da3,Fittings,Threaded Nipples,"2"" Galvanized Steel Threaded Conduit Nipple - Close",2 GALVANIZED STEEL NIP Close,"2"" x Close",,,,,,,EA,"[""2\"" galvanized steel threaded conduit nipple - close"", ""2 galvanized steel nip close"", ""fittings"", ""threaded nipples"", ""nipple"", ""niple"", ""threaded conduit nipple""]",true
8b70d594-9f7f-5a9e-b84f-145415e85153,Fittings,Threaded Nipples,"2-1/2"" Aluminum Threaded Conduit Nipple - 10"" Long",2-1/2 ALUMINUM NIP 10,"2-1/2"" x 10"" Long",,,,,,,EA,"[""2-1/2\"" aluminum threaded conduit nipple - 10\"" long"", ""2-1/2 aluminum nip 10"", ""fittings"", ""threaded nipples"", ""nipple"", ""niple"", ""threaded conduit nipple""]",true
1e317443-0cbd-5f79-bf47-ce86e3c995d5,Fittings,Threaded Nipples,"2-1/2"" Aluminum Threaded Conduit Nipple - 12"" Long",2-1/2 ALUMINUM NIP 12,"2-1/2"" x 12"" Long",,,,,,,EA,"[""2-1/2\"" aluminum threaded conduit nipple - 12\"" long"", ""2-1/2 aluminum nip 12"", ""fittings"", ""threaded nipples"", ""nipple"", ""niple"", ""threaded conduit nipple""]",true
63912d48-1c49-54f8-9f09-404af14fc0d6,Fittings,Threaded Nipples,"2-1/2"" Aluminum Threaded Conduit Nipple - 3-1/2"" Long",2-1/2 ALUMINUM NIP 3-1/2,"2-1/2"" x 3-1/2"" Long",,,,,,,EA,"[""2-1/2\"" aluminum threaded conduit nipple - 3-1/2\"" long"", ""2-1/2 aluminum nip 3-1/2"", ""fittings"", ""threaded nipples"", ""nipple"", ""niple"", ""threaded conduit nipple""]",true
37bf80da-82d6-51c1-a5ab-55e07a7b6843,Fittings,Threaded Nipples,"2-1/2"" Aluminum Threaded Conduit Nipple - 4"" Long",2-1/2 ALUMINUM NIP 4,"2-1/2"" x 4"" Long",,,,,,,EA,"[""2-1/2\"" aluminum threaded conduit nipple - 4\"" long"", ""2-1/2 aluminum nip 4"", ""fittings"", ""threaded nipples"", ""nipple"", ""niple"", ""threaded conduit nipple""]",true
e5ace376-8699-5fbe-89b5-094c9c4d2175,Fittings,Threaded Nipples,"2-1/2"" Aluminum Threaded Conduit Nipple - 5"" Long",2-1/2 ALUMINUM NIP 5,"2-1/2"" x 5"" Long",,,,,,,EA,"[""2-1/2\"" aluminum threaded conduit nipple - 5\"" long"", ""2-1/2 aluminum nip 5"", ""fittings"", ""threaded nipples"", ""nipple"", ""niple"", ""threaded conduit nipple""]",true
7e619212-2455-5a41-9a1e-9953ef594e62,Fittings,Threaded Nipples,"2-1/2"" Aluminum Threaded Conduit Nipple - 6"" Long",2-1/2 ALUMINUM NIP 6,"2-1/2"" x 6"" Long",,,,,,,EA,"[""2-1/2\"" aluminum threaded conduit nipple - 6\"" long"", ""2-1/2 aluminum nip 6"", ""fittings"", ""threaded nipples"", ""nipple"", ""niple"", ""threaded conduit nipple""]",true
c858cea0-b73d-50ff-b1da-46bf9d50114c,Fittings,Threaded Nipples,"2-1/2"" Aluminum Threaded Conduit Nipple - 8"" Long",2-1/2 ALUMINUM NIP 8,"2-1/2"" x 8"" Long",,,,,,,EA,"[""2-1/2\"" aluminum threaded conduit nipple - 8\"" long"", ""2-1/2 aluminum nip 8"", ""fittings"", ""threaded nipples"", ""nipple"", ""niple"", ""threaded conduit nipple""]",true
7046d3e7-499c-52b1-b4d3-0236a06890b8,Fittings,Threaded Nipples,"2-1/2"" Aluminum Threaded Conduit Nipple - Close",2-1/2 ALUMINUM NIP Close,"2-1/2"" x Close",,,,,,,EA,"[""2-1/2\"" aluminum threaded conduit nipple - close"", ""2-1/2 aluminum nip close"", ""fittings"", ""threaded nipples"", ""nipple"", ""niple"", ""threaded conduit nipple""]",true
1baf67e9-6482-5c31-86c8-24d8729ab7ad,Fittings,Threaded Nipples,"2-1/2"" Galvanized Steel Threaded Conduit Nipple - 10"" Long",2-1/2 GALVANIZED STEEL NIP 10,"2-1/2"" x 10"" Long",,,,,,,EA,"[""2-1/2\"" galvanized steel threaded conduit nipple - 10\"" long"", ""2-1/2 galvanized steel nip 10"", ""fittings"", ""threaded nipples"", ""nipple"", ""niple"", ""threaded conduit nipple""]",true
bee50e3f-ab32-5e94-b518-614a7c014dea,Fittings,Threaded Nipples,"2-1/2"" Galvanized Steel Threaded Conduit Nipple - 12"" Long",2-1/2 GALVANIZED STEEL NIP 12,"2-1/2"" x 12"" Long",,,,,,,EA,"[""2-1/2\"" galvanized steel threaded conduit nipple - 12\"" long"", ""2-1/2 galvanized steel nip 12"", ""fittings"", ""threaded nipples"", ""nipple"", ""niple"", ""threaded conduit nipple""]",true
fc6667e6-ea0a-5308-a7b7-87f89b161fdd,Fittings,Threaded Nipples,"2-1/2"" Galvanized Steel Threaded Conduit Nipple - 3-1/2"" Long",2-1/2 GALVANIZED STEEL NIP 3-1/2,"2-1/2"" x 3-1/2"" Long",,,,,,,EA,"[""2-1/2\"" galvanized steel threaded conduit nipple - 3-1/2\"" long"", ""2-1/2 galvanized steel nip 3-1/2"", ""fittings"", ""threaded nipples"", ""nipple"", ""niple"", ""threaded conduit nipple""]",true
e0af5f8c-f5f5-534c-9ba6-3e2db8e2fed6,Fittings,Threaded Nipples,"2-1/2"" Galvanized Steel Threaded Conduit Nipple - 4"" Long",2-1/2 GALVANIZED STEEL NIP 4,"2-1/2"" x 4"" Long",,,,,,,EA,"[""2-1/2\"" galvanized steel threaded conduit nipple - 4\"" long"", ""2-1/2 galvanized steel nip 4"", ""fittings"", ""threaded nipples"", ""nipple"", ""niple"", ""threaded conduit nipple""]",true
913ecbe9-4e7f-5620-a32d-e68926804e23,Fittings,Threaded Nipples,"2-1/2"" Galvanized Steel Threaded Conduit Nipple - 5"" Long",2-1/2 GALVANIZED STEEL NIP 5,"2-1/2"" x 5"" Long",,,,,,,EA,"[""2-1/2\"" galvanized steel threaded conduit nipple - 5\"" long"", ""2-1/2 galvanized steel nip 5"", ""fittings"", ""threaded nipples"", ""nipple"", ""niple"", ""threaded conduit nipple""]",true
06549f33-0daf-562b-9e38-990d17cae7dc,Fittings,Threaded Nipples,"2-1/2"" Galvanized Steel Threaded Conduit Nipple - 6"" Long",2-1/2 GALVANIZED STEEL NIP 6,"2-1/2"" x 6"" Long",,,,,,,EA,"[""2-1/2\"" galvanized steel threaded conduit nipple - 6\"" long"", ""2-1/2 galvanized steel nip 6"", ""fittings"", ""threaded nipples"", ""nipple"", ""niple"", ""threaded conduit nipple""]",true
c32c52cd-e967-5485-b9a8-e6ca1d4864e8,Fittings,Threaded Nipples,"2-1/2"" Galvanized Steel Threaded Conduit Nipple - 8"" Long",2-1/2 GALVANIZED STEEL NIP 8,"2-1/2"" x 8"" Long",,,,,,,EA,"[""2-1/2\"" galvanized steel threaded conduit nipple - 8\"" long"", ""2-1/2 galvanized steel nip 8"", ""fittings"", ""threaded nipples"", ""nipple"", ""niple"", ""threaded conduit nipple""]",true
d008fc29-0a10-58b9-b405-cde150f07622,Fittings,Threaded Nipples,"2-1/2"" Galvanized Steel Threaded Conduit Nipple - Close",2-1/2 GALVANIZED STEEL NIP Close,"2-1/2"" x Close",,,,,,,EA,"[""2-1/2\"" galvanized steel threaded conduit nipple - close"", ""2-1/2 galvanized steel nip close"", ""fittings"", ""threaded nipples"", ""nipple"", ""niple"", ""threaded conduit nipple""]",true
1969ec89-2154-58b6-b39e-210205cf5d79,Fittings,Threaded Nipples,"3"" Aluminum Threaded Conduit Nipple - 10"" Long",3 ALUMINUM NIP 10,"3"" x 10"" Long",,,,,,,EA,"[""3\"" aluminum threaded conduit nipple - 10\"" long"", ""3 aluminum nip 10"", ""fittings"", ""threaded nipples"", ""nipple"", ""niple"", ""threaded conduit nipple""]",true
578cd71a-38d3-54b6-96e6-75de5ae2b279,Fittings,Threaded Nipples,"3"" Aluminum Threaded Conduit Nipple - 12"" Long",3 ALUMINUM NIP 12,"3"" x 12"" Long",,,,,,,EA,"[""3\"" aluminum threaded conduit nipple - 12\"" long"", ""3 aluminum nip 12"", ""fittings"", ""threaded nipples"", ""nipple"", ""niple"", ""threaded conduit nipple""]",true
8222bc76-02fe-5245-96fe-dc0ff5165eee,Fittings,Threaded Nipples,"3"" Aluminum Threaded Conduit Nipple - 4"" Long",3 ALUMINUM NIP 4,"3"" x 4"" Long",,,,,,,EA,"[""3\"" aluminum threaded conduit nipple - 4\"" long"", ""3 aluminum nip 4"", ""fittings"", ""threaded nipples"", ""nipple"", ""niple"", ""threaded conduit nipple""]",true
f9d60cca-4f5f-5825-8d33-f1ce13ebd30a,Fittings,Threaded Nipples,"3"" Aluminum Threaded Conduit Nipple - 5"" Long",3 ALUMINUM NIP 5,"3"" x 5"" Long",,,,,,,EA,"[""3\"" aluminum threaded conduit nipple - 5\"" long"", ""3 aluminum nip 5"", ""fittings"", ""threaded nipples"", ""nipple"", ""niple"", ""threaded conduit nipple""]",true
7394ff91-b255-5d04-ab3a-5a02bc09b3b5,Fittings,Threaded Nipples,"3"" Aluminum Threaded Conduit Nipple - 6"" Long",3 ALUMINUM NIP 6,"3"" x 6"" Long",,,,,,,EA,"[""3\"" aluminum threaded conduit nipple - 6\"" long"", ""3 aluminum nip 6"", ""fittings"", ""threaded nipples"", ""nipple"", ""niple"", ""threaded conduit nipple""]",true
3f0a75db-cb84-56b1-8461-0c7dd064860d,Fittings,Threaded Nipples,"3"" Aluminum Threaded Conduit Nipple - 8"" Long",3 ALUMINUM NIP 8,"3"" x 8"" Long",,,,,,,EA,"[""3\"" aluminum threaded conduit nipple - 8\"" long"", ""3 aluminum nip 8"", ""fittings"", ""threaded nipples"", ""nipple"", ""niple"", ""threaded conduit nipple""]",true
d44c89a2-2d13-5fbe-b297-2f44c479e496,Fittings,Threaded Nipples,"3"" Aluminum Threaded Conduit Nipple - Close",3 ALUMINUM NIP Close,"3"" x Close",,,,,,,EA,"[""3\"" aluminum threaded conduit nipple - close"", ""3 aluminum nip close"", ""fittings"", ""threaded nipples"", ""nipple"", ""niple"", ""threaded conduit nipple""]",true
27d67325-d6ac-570f-8aa2-7f05dbe4b519,Fittings,Threaded Nipples,"3"" Galvanized Steel Threaded Conduit Nipple - 10"" Long",3 GALVANIZED STEEL NIP 10,"3"" x 10"" Long",,,,,,,EA,"[""3\"" galvanized steel threaded conduit nipple - 10\"" long"", ""3 galvanized steel nip 10"", ""fittings"", ""threaded nipples"", ""nipple"", ""niple"", ""threaded conduit nipple""]",true
3d11dfa9-9178-521c-8ff6-2d4a42b160fb,Fittings,Threaded Nipples,"3"" Galvanized Steel Threaded Conduit Nipple - 12"" Long",3 GALVANIZED STEEL NIP 12,"3"" x 12"" Long",,,,,,,EA,"[""3\"" galvanized steel threaded conduit nipple - 12\"" long"", ""3 galvanized steel nip 12"", ""fittings"", ""threaded nipples"", ""nipple"", ""niple"", ""threaded conduit nipple""]",true
dd380b7c-74d4-58dd-b7b8-4f4b42ad91e3,Fittings,Threaded Nipples,"3"" Galvanized Steel Threaded Conduit Nipple - 4"" Long",3 GALVANIZED STEEL NIP 4,"3"" x 4"" Long",,,,,,,EA,"[""3\"" galvanized steel threaded conduit nipple - 4\"" long"", ""3 galvanized steel nip 4"", ""fittings"", ""threaded nipples"", ""nipple"", ""niple"", ""threaded conduit nipple""]",true
e91372ef-f18b-5ddf-838d-c970358c4a32,Fittings,Threaded Nipples,"3"" Galvanized Steel Threaded Conduit Nipple - 5"" Long",3 GALVANIZED STEEL NIP 5,"3"" x 5"" Long",,,,,,,EA,"[""3\"" galvanized steel threaded conduit nipple - 5\"" long"", ""3 galvanized steel nip 5"", ""fittings"", ""threaded nipples"", ""nipple"", ""niple"", ""threaded conduit nipple""]",true
1e487703-52af-5082-8a8f-f5492deae89b,Fittings,Threaded Nipples,"3"" Galvanized Steel Threaded Conduit Nipple - 6"" Long",3 GALVANIZED STEEL NIP 6,"3"" x 6"" Long",,,,,,,EA,"[""3\"" galvanized steel threaded conduit nipple - 6\"" long"", ""3 galvanized steel nip 6"", ""fittings"", ""threaded nipples"", ""nipple"", ""niple"", ""threaded conduit nipple""]",true
3d44c138-f966-53fd-9c07-54e43db87c5c,Fittings,Threaded Nipples,"3"" Galvanized Steel Threaded Conduit Nipple - 8"" Long",3 GALVANIZED STEEL NIP 8,"3"" x 8"" Long",,,,,,,EA,"[""3\"" galvanized steel threaded conduit nipple - 8\"" long"", ""3 galvanized steel nip 8"", ""fittings"", ""threaded nipples"", ""nipple"", ""niple"", ""threaded conduit nipple""]",true
20daf7e2-b126-5b0f-acf5-9fe1434db437,Fittings,Threaded Nipples,"3"" Galvanized Steel Threaded Conduit Nipple - Close",3 GALVANIZED STEEL NIP Close,"3"" x Close",,,,,,,EA,"[""3\"" galvanized steel threaded conduit nipple - close"", ""3 galvanized steel nip close"", ""fittings"", ""threaded nipples"", ""nipple"", ""niple"", ""threaded conduit nipple""]",true
45d25958-eb16-59b1-bbd8-0799ab3ed46e,Fittings,Threaded Nipples,"3-1/2"" Aluminum Threaded Conduit Nipple - 10"" Long",3-1/2 ALUMINUM NIP 10,"3-1/2"" x 10"" Long",,,,,,,EA,"[""3-1/2\"" aluminum threaded conduit nipple - 10\"" long"", ""3-1/2 aluminum nip 10"", ""fittings"", ""threaded nipples"", ""nipple"", ""niple"", ""threaded conduit nipple""]",true
1a7c1a2c-7aed-5e8c-8d80-9bbcf6ab82ef,Fittings,Threaded Nipples,"3-1/2"" Aluminum Threaded Conduit Nipple - 12"" Long",3-1/2 ALUMINUM NIP 12,"3-1/2"" x 12"" Long",,,,,,,EA,"[""3-1/2\"" aluminum threaded conduit nipple - 12\"" long"", ""3-1/2 aluminum nip 12"", ""fittings"", ""threaded nipples"", ""nipple"", ""niple"", ""threaded conduit nipple""]",true
11b08edb-ee8e-5bf9-833e-9629763c1b5b,Fittings,Threaded Nipples,"3-1/2"" Aluminum Threaded Conduit Nipple - 5"" Long",3-1/2 ALUMINUM NIP 5,"3-1/2"" x 5"" Long",,,,,,,EA,"[""3-1/2\"" aluminum threaded conduit nipple - 5\"" long"", ""3-1/2 aluminum nip 5"", ""fittings"", ""threaded nipples"", ""nipple"", ""niple"", ""threaded conduit nipple""]",true
1545ca98-2807-5973-a63b-ca15cbb6b50f,Fittings,Threaded Nipples,"3-1/2"" Aluminum Threaded Conduit Nipple - 6"" Long",3-1/2 ALUMINUM NIP 6,"3-1/2"" x 6"" Long",,,,,,,EA,"[""3-1/2\"" aluminum threaded conduit nipple - 6\"" long"", ""3-1/2 aluminum nip 6"", ""fittings"", ""threaded nipples"", ""nipple"", ""niple"", ""threaded conduit nipple""]",true
944afa13-9c79-5630-860b-e44f569d1b5e,Fittings,Threaded Nipples,"3-1/2"" Aluminum Threaded Conduit Nipple - 8"" Long",3-1/2 ALUMINUM NIP 8,"3-1/2"" x 8"" Long",,,,,,,EA,"[""3-1/2\"" aluminum threaded conduit nipple - 8\"" long"", ""3-1/2 aluminum nip 8"", ""fittings"", ""threaded nipples"", ""nipple"", ""niple"", ""threaded conduit nipple""]",true
5b95b420-1174-52f6-8504-136ce81b2d75,Fittings,Threaded Nipples,"3-1/2"" Aluminum Threaded Conduit Nipple - Close",3-1/2 ALUMINUM NIP Close,"3-1/2"" x Close",,,,,,,EA,"[""3-1/2\"" aluminum threaded conduit nipple - close"", ""3-1/2 aluminum nip close"", ""fittings"", ""threaded nipples"", ""nipple"", ""niple"", ""threaded conduit nipple""]",true
749cb453-0681-5a95-b5c0-4481d1204dae,Fittings,Threaded Nipples,"3-1/2"" Galvanized Steel Threaded Conduit Nipple - 10"" Long",3-1/2 GALVANIZED STEEL NIP 10,"3-1/2"" x 10"" Long",,,,,,,EA,"[""3-1/2\"" galvanized steel threaded conduit nipple - 10\"" long"", ""3-1/2 galvanized steel nip 10"", ""fittings"", ""threaded nipples"", ""nipple"", ""niple"", ""threaded conduit nipple""]",true
c39da080-ad9f-58fb-a51a-4350df2a12d8,Fittings,Threaded Nipples,"3-1/2"" Galvanized Steel Threaded Conduit Nipple - 12"" Long",3-1/2 GALVANIZED STEEL NIP 12,"3-1/2"" x 12"" Long",,,,,,,EA,"[""3-1/2\"" galvanized steel threaded conduit nipple - 12\"" long"", ""3-1/2 galvanized steel nip 12"", ""fittings"", ""threaded nipples"", ""nipple"", ""niple"", ""threaded conduit nipple""]",true
7266d1fb-53c5-5824-96f4-da1af8e839f3,Fittings,Threaded Nipples,"3-1/2"" Galvanized Steel Threaded Conduit Nipple - 5"" Long",3-1/2 GALVANIZED STEEL NIP 5,"3-1/2"" x 5"" Long",,,,,,,EA,"[""3-1/2\"" galvanized steel threaded conduit nipple - 5\"" long"", ""3-1/2 galvanized steel nip 5"", ""fittings"", ""threaded nipples"", ""nipple"", ""niple"", ""threaded conduit nipple""]",true
a6d8ac0a-b5fd-5b76-9739-3c4c016aafd0,Fittings,Threaded Nipples,"3-1/2"" Galvanized Steel Threaded Conduit Nipple - 6"" Long",3-1/2 GALVANIZED STEEL NIP 6,"3-1/2"" x 6"" Long",,,,,,,EA,"[""3-1/2\"" galvanized steel threaded conduit nipple - 6\"" long"", ""3-1/2 galvanized steel nip 6"", ""fittings"", ""threaded nipples"", ""nipple"", ""niple"", ""threaded conduit nipple""]",true
6a5da0dc-b9c1-5f02-afba-0a133e347383,Fittings,Threaded Nipples,"3-1/2"" Galvanized Steel Threaded Conduit Nipple - 8"" Long",3-1/2 GALVANIZED STEEL NIP 8,"3-1/2"" x 8"" Long",,,,,,,EA,"[""3-1/2\"" galvanized steel threaded conduit nipple - 8\"" long"", ""3-1/2 galvanized steel nip 8"", ""fittings"", ""threaded nipples"", ""nipple"", ""niple"", ""threaded conduit nipple""]",true
25ca1bea-2957-5159-9781-132dc88b9987,Fittings,Threaded Nipples,"3-1/2"" Galvanized Steel Threaded Conduit Nipple - Close",3-1/2 GALVANIZED STEEL NIP Close,"3-1/2"" x Close",,,,,,,EA,"[""3-1/2\"" galvanized steel threaded conduit nipple - close"", ""3-1/2 galvanized steel nip close"", ""fittings"", ""threaded nipples"", ""nipple"", ""niple"", ""threaded conduit nipple""]",true
6253c492-07fc-5440-abd0-503e5bfee8fd,Fittings,Threaded Nipples,"3/4"" Aluminum Threaded Conduit Nipple - 10"" Long",3/4 ALUMINUM NIP 10,"3/4"" x 10"" Long",,,,,,,EA,"[""3/4\"" aluminum threaded conduit nipple - 10\"" long"", ""3/4 aluminum nip 10"", ""fittings"", ""threaded nipples"", ""nipple"", ""niple"", ""threaded conduit nipple""]",true
5f954085-c0e3-54eb-80fe-e828a2fa49ad,Fittings,Threaded Nipples,"3/4"" Aluminum Threaded Conduit Nipple - 12"" Long",3/4 ALUMINUM NIP 12,"3/4"" x 12"" Long",,,,,,,EA,"[""3/4\"" aluminum threaded conduit nipple - 12\"" long"", ""3/4 aluminum nip 12"", ""fittings"", ""threaded nipples"", ""nipple"", ""niple"", ""threaded conduit nipple""]",true
c98044a9-3a7c-57af-86cf-1aa8180f4789,Fittings,Threaded Nipples,"3/4"" Aluminum Threaded Conduit Nipple - 2"" Long",3/4 ALUMINUM NIP 2,"3/4"" x 2"" Long",,,,,,,EA,"[""3/4\"" aluminum threaded conduit nipple - 2\"" long"", ""3/4 aluminum nip 2"", ""fittings"", ""threaded nipples"", ""nipple"", ""niple"", ""threaded conduit nipple""]",true
7e2cb781-ffa6-5cfc-8f0a-92c9dd447f3e,Fittings,Threaded Nipples,"3/4"" Aluminum Threaded Conduit Nipple - 2-1/2"" Long",3/4 ALUMINUM NIP 2-1/2,"3/4"" x 2-1/2"" Long",,,,,,,EA,"[""3/4\"" aluminum threaded conduit nipple - 2-1/2\"" long"", ""3/4 aluminum nip 2-1/2"", ""fittings"", ""threaded nipples"", ""nipple"", ""niple"", ""threaded conduit nipple""]",true
4850880f-a6dd-57cb-9343-f23bb4af2d92,Fittings,Threaded Nipples,"3/4"" Aluminum Threaded Conduit Nipple - 3"" Long",3/4 ALUMINUM NIP 3,"3/4"" x 3"" Long",,,,,,,EA,"[""3/4\"" aluminum threaded conduit nipple - 3\"" long"", ""3/4 aluminum nip 3"", ""fittings"", ""threaded nipples"", ""nipple"", ""niple"", ""threaded conduit nipple""]",true
31217bb5-a2e3-51ed-8407-a875e8a1dbbb,Fittings,Threaded Nipples,"3/4"" Aluminum Threaded Conduit Nipple - 3-1/2"" Long",3/4 ALUMINUM NIP 3-1/2,"3/4"" x 3-1/2"" Long",,,,,,,EA,"[""3/4\"" aluminum threaded conduit nipple - 3-1/2\"" long"", ""3/4 aluminum nip 3-1/2"", ""fittings"", ""threaded nipples"", ""nipple"", ""niple"", ""threaded conduit nipple""]",true
3733b488-cc29-5de7-af58-db95a5a0cf9f,Fittings,Threaded Nipples,"3/4"" Aluminum Threaded Conduit Nipple - 4"" Long",3/4 ALUMINUM NIP 4,"3/4"" x 4"" Long",,,,,,,EA,"[""3/4\"" aluminum threaded conduit nipple - 4\"" long"", ""3/4 aluminum nip 4"", ""fittings"", ""threaded nipples"", ""nipple"", ""niple"", ""threaded conduit nipple""]",true
a0d0cff7-9fde-5434-a285-942eb7df2b27,Fittings,Threaded Nipples,"3/4"" Aluminum Threaded Conduit Nipple - 5"" Long",3/4 ALUMINUM NIP 5,"3/4"" x 5"" Long",,,,,,,EA,"[""3/4\"" aluminum threaded conduit nipple - 5\"" long"", ""3/4 aluminum nip 5"", ""fittings"", ""threaded nipples"", ""nipple"", ""niple"", ""threaded conduit nipple""]",true
ad7d945f-5056-5d04-b132-f8fef1f3514c,Fittings,Threaded Nipples,"3/4"" Aluminum Threaded Conduit Nipple - 6"" Long",3/4 ALUMINUM NIP 6,"3/4"" x 6"" Long",,,,,,,EA,"[""3/4\"" aluminum threaded conduit nipple - 6\"" long"", ""3/4 aluminum nip 6"", ""fittings"", ""threaded nipples"", ""nipple"", ""niple"", ""threaded conduit nipple""]",true
450b11f7-22f4-5794-94cc-6b8f079db4eb,Fittings,Threaded Nipples,"3/4"" Aluminum Threaded Conduit Nipple - 8"" Long",3/4 ALUMINUM NIP 8,"3/4"" x 8"" Long",,,,,,,EA,"[""3/4\"" aluminum threaded conduit nipple - 8\"" long"", ""3/4 aluminum nip 8"", ""fittings"", ""threaded nipples"", ""nipple"", ""niple"", ""threaded conduit nipple""]",true
ccb7d8c1-ef8b-5f8a-8650-56749905db18,Fittings,Threaded Nipples,"3/4"" Aluminum Threaded Conduit Nipple - Close",3/4 ALUMINUM NIP Close,"3/4"" x Close",,,,,,,EA,"[""3/4\"" aluminum threaded conduit nipple - close"", ""3/4 aluminum nip close"", ""fittings"", ""threaded nipples"", ""nipple"", ""niple"", ""threaded conduit nipple""]",true
4a34aef5-75aa-5fcc-bd81-334fd680eabd,Fittings,Threaded Nipples,"3/4"" Galvanized Steel Threaded Conduit Nipple - 10"" Long",3/4 GALVANIZED STEEL NIP 10,"3/4"" x 10"" Long",,,,,,,EA,"[""3/4\"" galvanized steel threaded conduit nipple - 10\"" long"", ""3/4 galvanized steel nip 10"", ""fittings"", ""threaded nipples"", ""nipple"", ""niple"", ""threaded conduit nipple""]",true
8ffa1539-c19f-5509-91cb-5d39e0896b7a,Fittings,Threaded Nipples,"3/4"" Galvanized Steel Threaded Conduit Nipple - 12"" Long",3/4 GALVANIZED STEEL NIP 12,"3/4"" x 12"" Long",,,,,,,EA,"[""3/4\"" galvanized steel threaded conduit nipple - 12\"" long"", ""3/4 galvanized steel nip 12"", ""fittings"", ""threaded nipples"", ""nipple"", ""niple"", ""threaded conduit nipple""]",true
8d7c325b-79c7-59b9-ab7b-c1b2f40ad4fa,Fittings,Threaded Nipples,"3/4"" Galvanized Steel Threaded Conduit Nipple - 2"" Long",3/4 GALVANIZED STEEL NIP 2,"3/4"" x 2"" Long",,,,,,,EA,"[""3/4\"" galvanized steel threaded conduit nipple - 2\"" long"", ""3/4 galvanized steel nip 2"", ""fittings"", ""threaded nipples"", ""nipple"", ""niple"", ""threaded conduit nipple""]",true
bb8272bd-7987-51cf-b794-95b015282571,Fittings,Threaded Nipples,"3/4"" Galvanized Steel Threaded Conduit Nipple - 2-1/2"" Long",3/4 GALVANIZED STEEL NIP 2-1/2,"3/4"" x 2-1/2"" Long",,,,,,,EA,"[""3/4\"" galvanized steel threaded conduit nipple - 2-1/2\"" long"", ""3/4 galvanized steel nip 2-1/2"", ""fittings"", ""threaded nipples"", ""nipple"", ""niple"", ""threaded conduit nipple""]",true
37c873b2-29d5-5b03-a38d-5601cdf54788,Fittings,Threaded Nipples,"3/4"" Galvanized Steel Threaded Conduit Nipple - 3"" Long",3/4 GALVANIZED STEEL NIP 3,"3/4"" x 3"" Long",,,,,,,EA,"[""3/4\"" galvanized steel threaded conduit nipple - 3\"" long"", ""3/4 galvanized steel nip 3"", ""fittings"", ""threaded nipples"", ""nipple"", ""niple"", ""threaded conduit nipple""]",true
48e76246-f839-5a27-8993-38c901181405,Fittings,Threaded Nipples,"3/4"" Galvanized Steel Threaded Conduit Nipple - 3-1/2"" Long",3/4 GALVANIZED STEEL NIP 3-1/2,"3/4"" x 3-1/2"" Long",,,,,,,EA,"[""3/4\"" galvanized steel threaded conduit nipple - 3-1/2\"" long"", ""3/4 galvanized steel nip 3-1/2"", ""fittings"", ""threaded nipples"", ""nipple"", ""niple"", ""threaded conduit nipple""]",true
aa3aa39e-08da-5c03-82cd-3370fe4a941f,Fittings,Threaded Nipples,"3/4"" Galvanized Steel Threaded Conduit Nipple - 4"" Long",3/4 GALVANIZED STEEL NIP 4,"3/4"" x 4"" Long",,,,,,,EA,"[""3/4\"" galvanized steel threaded conduit nipple - 4\"" long"", ""3/4 galvanized steel nip 4"", ""fittings"", ""threaded nipples"", ""nipple"", ""niple"", ""threaded conduit nipple""]",true
527e6e2e-ea0a-5364-aff6-bcb3e86457d0,Fittings,Threaded Nipples,"3/4"" Galvanized Steel Threaded Conduit Nipple - 5"" Long",3/4 GALVANIZED STEEL NIP 5,"3/4"" x 5"" Long",,,,,,,EA,"[""3/4\"" galvanized steel threaded conduit nipple - 5\"" long"", ""3/4 galvanized steel nip 5"", ""fittings"", ""threaded nipples"", ""nipple"", ""niple"", ""threaded conduit nipple""]",true
ec298e6c-b6bd-5410-8f50-0ad93d90d64a,Fittings,Threaded Nipples,"3/4"" Galvanized Steel Threaded Conduit Nipple - 6"" Long",3/4 GALVANIZED STEEL NIP 6,"3/4"" x 6"" Long",,,,,,,EA,"[""3/4\"" galvanized steel threaded conduit nipple - 6\"" long"", ""3/4 galvanized steel nip 6"", ""fittings"", ""threaded nipples"", ""nipple"", ""niple"", ""threaded conduit nipple""]",true
65884c3b-eec7-5812-9478-667abe673a36,Fittings,Threaded Nipples,"3/4"" Galvanized Steel Threaded Conduit Nipple - 8"" Long",3/4 GALVANIZED STEEL NIP 8,"3/4"" x 8"" Long",,,,,,,EA,"[""3/4\"" galvanized steel threaded conduit nipple - 8\"" long"", ""3/4 galvanized steel nip 8"", ""fittings"", ""threaded nipples"", ""nipple"", ""niple"", ""threaded conduit nipple""]",true
aa210639-9848-52f8-b204-66dbe7a1cffe,Fittings,Threaded Nipples,"3/4"" Galvanized Steel Threaded Conduit Nipple - Close",3/4 GALVANIZED STEEL NIP Close,"3/4"" x Close",,,,,,,EA,"[""3/4\"" galvanized steel threaded conduit nipple - close"", ""3/4 galvanized steel nip close"", ""fittings"", ""threaded nipples"", ""nipple"", ""niple"", ""threaded conduit nipple""]",true
01283857-e4e0-5a84-b141-f4031e839f10,Fittings,Threaded Nipples,"4"" Aluminum Threaded Conduit Nipple - 10"" Long",4 ALUMINUM NIP 10,"4"" x 10"" Long",,,,,,,EA,"[""4\"" aluminum threaded conduit nipple - 10\"" long"", ""4 aluminum nip 10"", ""fittings"", ""threaded nipples"", ""nipple"", ""niple"", ""threaded conduit nipple""]",true
3e40acb7-bc60-5204-8afa-201ebe0dc5d3,Fittings,Threaded Nipples,"4"" Aluminum Threaded Conduit Nipple - 12"" Long",4 ALUMINUM NIP 12,"4"" x 12"" Long",,,,,,,EA,"[""4\"" aluminum threaded conduit nipple - 12\"" long"", ""4 aluminum nip 12"", ""fittings"", ""threaded nipples"", ""nipple"", ""niple"", ""threaded conduit nipple""]",true
a14891f3-f23b-5d61-8717-c69571151faa,Fittings,Threaded Nipples,"4"" Aluminum Threaded Conduit Nipple - 5"" Long",4 ALUMINUM NIP 5,"4"" x 5"" Long",,,,,,,EA,"[""4\"" aluminum threaded conduit nipple - 5\"" long"", ""4 aluminum nip 5"", ""fittings"", ""threaded nipples"", ""nipple"", ""niple"", ""threaded conduit nipple""]",true
fa0b5064-a524-5286-ada4-fcc952ef9687,Fittings,Threaded Nipples,"4"" Aluminum Threaded Conduit Nipple - 6"" Long",4 ALUMINUM NIP 6,"4"" x 6"" Long",,,,,,,EA,"[""4\"" aluminum threaded conduit nipple - 6\"" long"", ""4 aluminum nip 6"", ""fittings"", ""threaded nipples"", ""nipple"", ""niple"", ""threaded conduit nipple""]",true
191e2999-873f-53b6-ab4a-cc6bb16fb5e3,Fittings,Threaded Nipples,"4"" Aluminum Threaded Conduit Nipple - 8"" Long",4 ALUMINUM NIP 8,"4"" x 8"" Long",,,,,,,EA,"[""4\"" aluminum threaded conduit nipple - 8\"" long"", ""4 aluminum nip 8"", ""fittings"", ""threaded nipples"", ""nipple"", ""niple"", ""threaded conduit nipple""]",true
7ab5af1c-9078-5987-8c2e-649d8ef5486a,Fittings,Threaded Nipples,"4"" Aluminum Threaded Conduit Nipple - Close",4 ALUMINUM NIP Close,"4"" x Close",,,,,,,EA,"[""4\"" aluminum threaded conduit nipple - close"", ""4 aluminum nip close"", ""fittings"", ""threaded nipples"", ""nipple"", ""niple"", ""threaded conduit nipple""]",true
650d228f-c5d8-5054-b3ef-4d501af07384,Fittings,Threaded Nipples,"4"" Galvanized Steel Threaded Conduit Nipple - 10"" Long",4 GALVANIZED STEEL NIP 10,"4"" x 10"" Long",,,,,,,EA,"[""4\"" galvanized steel threaded conduit nipple - 10\"" long"", ""4 galvanized steel nip 10"", ""fittings"", ""threaded nipples"", ""nipple"", ""niple"", ""threaded conduit nipple""]",true
f536d657-ae74-5de3-9dea-11d165fdd852,Fittings,Threaded Nipples,"4"" Galvanized Steel Threaded Conduit Nipple - 12"" Long",4 GALVANIZED STEEL NIP 12,"4"" x 12"" Long",,,,,,,EA,"[""4\"" galvanized steel threaded conduit nipple - 12\"" long"", ""4 galvanized steel nip 12"", ""fittings"", ""threaded nipples"", ""nipple"", ""niple"", ""threaded conduit nipple""]",true
eb091cfa-4911-5502-99ca-56a683d2f7b6,Fittings,Threaded Nipples,"4"" Galvanized Steel Threaded Conduit Nipple - 5"" Long",4 GALVANIZED STEEL NIP 5,"4"" x 5"" Long",,,,,,,EA,"[""4\"" galvanized steel threaded conduit nipple - 5\"" long"", ""4 galvanized steel nip 5"", ""fittings"", ""threaded nipples"", ""nipple"", ""niple"", ""threaded conduit nipple""]",true
dbd058b2-8e62-5e76-b748-7299d8f22146,Fittings,Threaded Nipples,"4"" Galvanized Steel Threaded Conduit Nipple - 6"" Long",4 GALVANIZED STEEL NIP 6,"4"" x 6"" Long",,,,,,,EA,"[""4\"" galvanized steel threaded conduit nipple - 6\"" long"", ""4 galvanized steel nip 6"", ""fittings"", ""threaded nipples"", ""nipple"", ""niple"", ""threaded conduit nipple""]",true
8c53d1d1-ee82-5f17-b559-d872be2d97b3,Fittings,Threaded Nipples,"4"" Galvanized Steel Threaded Conduit Nipple - 8"" Long",4 GALVANIZED STEEL NIP 8,"4"" x 8"" Long",,,,,,,EA,"[""4\"" galvanized steel threaded conduit nipple - 8\"" long"", ""4 galvanized steel nip 8"", ""fittings"", ""threaded nipples"", ""nipple"", ""niple"", ""threaded conduit nipple""]",true
77e43bd3-987f-5ba1-986e-b3f5f4285681,Fittings,Threaded Nipples,"4"" Galvanized Steel Threaded Conduit Nipple - Close",4 GALVANIZED STEEL NIP Close,"4"" x Close",,,,,,,EA,"[""4\"" galvanized steel threaded conduit nipple - close"", ""4 galvanized steel nip close"", ""fittings"", ""threaded nipples"", ""nipple"", ""niple"", ""threaded conduit nipple""]",true
0c00e815-4d0e-5c4c-a62d-931104a7a203,Grounding,Bare Copper,Bare Copper #1/0 AWG Stranded,BARE CU 1/0 STR,#1/0 AWG,,,,,,,FT,"[""bare copper #1/0 awg stranded"", ""bare cu 1/0 str"", ""grounding"", ""bare copper"", ""ground wire"", ""tierra cobre desnudo""]",true
84490e30-ad51-598c-a249-d45ad4fc2985,Grounding,Bare Copper,Bare Copper #10 AWG Solid,BARE CU 10 SOL,#10 AWG,,,,,,,FT,"[""bare copper #10 awg solid"", ""bare cu 10 sol"", ""grounding"", ""bare copper"", ""ground wire"", ""tierra cobre desnudo""]",true
198d08c5-485f-5885-900d-dde1ff4f9af5,Grounding,Bare Copper,Bare Copper #10 AWG Stranded,BARE CU 10 STR,#10 AWG,,,,,,,FT,"[""bare copper #10 awg stranded"", ""bare cu 10 str"", ""grounding"", ""bare copper"", ""ground wire"", ""tierra cobre desnudo""]",true
b674b456-0ef4-5e7a-8f26-710bda9189d8,Grounding,Bare Copper,Bare Copper #12 AWG Solid,BARE CU 12 SOL,#12 AWG,,,,,,,FT,"[""bare copper #12 awg solid"", ""bare cu 12 sol"", ""grounding"", ""bare copper"", ""ground wire"", ""tierra cobre desnudo""]",true
da484d25-0cea-5c0c-a155-42614792b584,Grounding,Bare Copper,Bare Copper #12 AWG Stranded,BARE CU 12 STR,#12 AWG,,,,,,,FT,"[""bare copper #12 awg stranded"", ""bare cu 12 str"", ""grounding"", ""bare copper"", ""ground wire"", ""tierra cobre desnudo""]",true
90c46d51-0923-5305-a99e-dae70ab05675,Grounding,Bare Copper,Bare Copper #14 AWG Solid,BARE CU 14 SOL,#14 AWG,,,,,,,FT,"[""bare copper #14 awg solid"", ""bare cu 14 sol"", ""grounding"", ""bare copper"", ""ground wire"", ""tierra cobre desnudo""]",true
3a35a750-ee48-5ba3-aa2d-c02bc878a26f,Grounding,Bare Copper,Bare Copper #14 AWG Stranded,BARE CU 14 STR,#14 AWG,,,,,,,FT,"[""bare copper #14 awg stranded"", ""bare cu 14 str"", ""grounding"", ""bare copper"", ""ground wire"", ""tierra cobre desnudo""]",true
bc6d9c37-af65-5c3d-877b-10dab1870d32,Grounding,Bare Copper,Bare Copper #2 AWG Stranded,BARE CU 2 STR,#2 AWG,,,,,,,FT,"[""bare copper #2 awg stranded"", ""bare cu 2 str"", ""grounding"", ""bare copper"", ""ground wire"", ""tierra cobre desnudo""]",true
8b88d871-44f7-54df-9c9a-080ef68d9487,Grounding,Bare Copper,Bare Copper #2/0 AWG Stranded,BARE CU 2/0 STR,#2/0 AWG,,,,,,,FT,"[""bare copper #2/0 awg stranded"", ""bare cu 2/0 str"", ""grounding"", ""bare copper"", ""ground wire"", ""tierra cobre desnudo""]",true
e26b3091-5dfe-5f2c-a06e-7b63e66d8a90,Grounding,Bare Copper,Bare Copper #3/0 AWG Stranded,BARE CU 3/0 STR,#3/0 AWG,,,,,,,FT,"[""bare copper #3/0 awg stranded"", ""bare cu 3/0 str"", ""grounding"", ""bare copper"", ""ground wire"", ""tierra cobre desnudo""]",true
06307f03-c074-5be0-b9e2-f998548b6d3a,Grounding,Bare Copper,Bare Copper #4 AWG Solid,BARE CU 4 SOL,#4 AWG,,,,,,,FT,"[""bare copper #4 awg solid"", ""bare cu 4 sol"", ""grounding"", ""bare copper"", ""ground wire"", ""tierra cobre desnudo""]",true
a1ab20f1-8e8e-5e3d-a92a-f46dc764e973,Grounding,Bare Copper,Bare Copper #4 AWG Stranded,BARE CU 4 STR,#4 AWG,,,,,,,FT,"[""bare copper #4 awg stranded"", ""bare cu 4 str"", ""grounding"", ""bare copper"", ""ground wire"", ""tierra cobre desnudo""]",true
be89ed10-da7d-5c31-bbda-2b08f2b88825,Grounding,Bare Copper,Bare Copper #4/0 AWG Stranded,BARE CU 4/0 STR,#4/0 AWG,,,,,,,FT,"[""bare copper #4/0 awg stranded"", ""bare cu 4/0 str"", ""grounding"", ""bare copper"", ""ground wire"", ""tierra cobre desnudo""]",true
4651ac64-3afb-578d-9e4f-adcd77c97bd8,Grounding,Bare Copper,Bare Copper #6 AWG Solid,BARE CU 6 SOL,#6 AWG,,,,,,,FT,"[""bare copper #6 awg solid"", ""bare cu 6 sol"", ""grounding"", ""bare copper"", ""ground wire"", ""tierra cobre desnudo""]",true
c184488b-2dc3-51fb-b4b3-62bd88dd3e8a,Grounding,Bare Copper,Bare Copper #6 AWG Stranded,BARE CU 6 STR,#6 AWG,,,,,,,FT,"[""bare copper #6 awg stranded"", ""bare cu 6 str"", ""grounding"", ""bare copper"", ""ground wire"", ""tierra cobre desnudo""]",true
9bf816a5-3589-5afa-9321-421ebdcf7ae0,Grounding,Bare Copper,Bare Copper #8 AWG Solid,BARE CU 8 SOL,#8 AWG,,,,,,,FT,"[""bare copper #8 awg solid"", ""bare cu 8 sol"", ""grounding"", ""bare copper"", ""ground wire"", ""tierra cobre desnudo""]",true
188c54d8-f770-5016-94c8-4293c7d58bd9,Grounding,Bare Copper,Bare Copper #8 AWG Stranded,BARE CU 8 STR,#8 AWG,,,,,,,FT,"[""bare copper #8 awg stranded"", ""bare cu 8 str"", ""grounding"", ""bare copper"", ""ground wire"", ""tierra cobre desnudo""]",true
5ab08f55-e1c5-5b66-b6f0-57c0533eb7fc,Grounding,Ground Clamps,"1"" Water Pipe Ground Clamp",1 PIPE GROUND CLAMP,"1""",,,,,,,EA,"[""1\"" water pipe ground clamp"", ""1 pipe ground clamp"", ""grounding"", ""ground clamps"", ""pipe ground clamp"", ""bonding clamp""]",true
8cd37f6b-0948-5864-9073-aa5cfb1a0329,Grounding,Ground Clamps,"1-1/2"" Water Pipe Ground Clamp",1-1/2 PIPE GROUND CLAMP,"1-1/2""",,,,,,,EA,"[""1-1/2\"" water pipe ground clamp"", ""1-1/2 pipe ground clamp"", ""grounding"", ""ground clamps"", ""pipe ground clamp"", ""bonding clamp""]",true
0602c8a7-36e6-5848-b563-5d5790b0c08a,Grounding,Ground Clamps,"1-1/4"" Water Pipe Ground Clamp",1-1/4 PIPE GROUND CLAMP,"1-1/4""",,,,,,,EA,"[""1-1/4\"" water pipe ground clamp"", ""1-1/4 pipe ground clamp"", ""grounding"", ""ground clamps"", ""pipe ground clamp"", ""bonding clamp""]",true
38d6bef9-abc1-5e91-9b0a-0cbb34d4ec36,Grounding,Ground Clamps,"1/2"" Bronze Acorn Ground Rod Clamp",1/2 ACORN GRND CLAMP,"1/2""",,,,,,,EA,"[""1/2\"" bronze acorn ground rod clamp"", ""1/2 acorn grnd clamp"", ""grounding"", ""ground clamps"", ""ground clamp"", ""abrazadera tierra""]",true
17013e07-45a8-5c89-9511-7809caea7958,Grounding,Ground Clamps,"1/2"" Water Pipe Ground Clamp",1/2 PIPE GROUND CLAMP,"1/2""",,,,,,,EA,"[""1/2\"" water pipe ground clamp"", ""1/2 pipe ground clamp"", ""grounding"", ""ground clamps"", ""pipe ground clamp"", ""bonding clamp""]",true
5bbaf16c-5ce0-5a99-94cf-f5196b29184f,Grounding,Ground Clamps,"2"" Water Pipe Ground Clamp",2 PIPE GROUND CLAMP,"2""",,,,,,,EA,"[""2\"" water pipe ground clamp"", ""2 pipe ground clamp"", ""grounding"", ""ground clamps"", ""pipe ground clamp"", ""bonding clamp""]",true
bc4dff40-100c-542d-98f0-fd3541e3e4d0,Grounding,Ground Clamps,"3/4"" Bronze Acorn Ground Rod Clamp",3/4 ACORN GRND CLAMP,"3/4""",,,,,,,EA,"[""3/4\"" bronze acorn ground rod clamp"", ""3/4 acorn grnd clamp"", ""grounding"", ""ground clamps"", ""ground clamp"", ""abrazadera tierra""]",true
96febbbd-a8b4-59ab-a652-a0891535c97e,Grounding,Ground Clamps,"3/4"" Water Pipe Ground Clamp",3/4 PIPE GROUND CLAMP,"3/4""",,,,,,,EA,"[""3/4\"" water pipe ground clamp"", ""3/4 pipe ground clamp"", ""grounding"", ""ground clamps"", ""pipe ground clamp"", ""bonding clamp""]",true
5264f41b-1290-5079-aba8-af6a742b9bc9,Grounding,Ground Clamps,"5/8"" Bronze Acorn Ground Rod Clamp",5/8 ACORN GRND CLAMP,"5/8""",,,,,,,EA,"[""5/8\"" bronze acorn ground rod clamp"", ""5/8 acorn grnd clamp"", ""grounding"", ""ground clamps"", ""ground clamp"", ""abrazadera tierra""]",true
9e9caf23-e46f-5a4a-a667-6c73d81141ca,Grounding,Ground Rods,3/4 x 10 Copper-Bonded Ground Rod,GROUND ROD 3/4 x 10,3/4 x 10,,,,,,,EA,"[""3/4 x 10 copper-bonded ground rod"", ""ground rod 3/4 x 10"", ""grounding"", ""ground rods"", ""ground rod"", ""varilla tierra""]",true
94dcf443-3b2f-53d2-8d1b-e4fff786f7d8,Grounding,Ground Rods,5/8 x 8 Copper-Bonded Ground Rod,GROUND ROD 5/8 x 8,5/8 x 8,,,,,,,EA,"[""5/8 x 8 copper-bonded ground rod"", ""ground rod 5/8 x 8"", ""grounding"", ""ground rods"", ""ground rod"", ""varilla tierra""]",true
d9b03e25-7c37-5134-ae91-3df3ecaa1ab1,Grounding,Ground Screws,"Green 10-32 x 3/8"" Ground Screw",10-32X3/8 GRN GRND SCREW,"10-32 x 3/8""",Green,,,,,,EA,"[""green 10-32 x 3/8\"" ground screw"", ""10-32x3/8 grn grnd screw"", ""grounding"", ""ground screws"", ""ground screw"", ""tornillo tierra""]",true
9264711f-8570-5c5f-beb5-5822629f2e41,Hardware,Anchors,"1/2"" x 1"" Drop-In Anchor",1/2X1 DROP-IN ANCHOR,"1/2"" x 1""",,,,,,,EA,"[""1/2\"" x 1\"" drop-in anchor"", ""1/2x1 drop-in anchor"", ""hardware"", ""anchors"", ""anchor"", ""anclaje""]",true
c288a76b-700a-5c83-9bca-0107c6de0373,Hardware,Anchors,"1/2"" x 2-1/4"" Wedge Anchor",1/2X2-1/4 WEDGE ANCHOR,"1/2"" x 2-1/4""",,,,,,,EA,"[""1/2\"" x 2-1/4\"" wedge anchor"", ""1/2x2-1/4 wedge anchor"", ""hardware"", ""anchors"", ""anchor"", ""anclaje""]",true
03a1a83a-4781-5991-84af-3083a801485a,Hardware,Anchors,"1/2"" x 3"" Wedge Anchor",1/2X3 WEDGE ANCHOR,"1/2"" x 3""",,,,,,,EA,"[""1/2\"" x 3\"" wedge anchor"", ""1/2x3 wedge anchor"", ""hardware"", ""anchors"", ""anchor"", ""anclaje""]",true
df863f7f-cfb4-5921-983c-f961b42e4f20,Hardware,Anchors,"1/2"" x 3-3/4"" Wedge Anchor",1/2X3-3/4 WEDGE ANCHOR,"1/2"" x 3-3/4""",,,,,,,EA,"[""1/2\"" x 3-3/4\"" wedge anchor"", ""1/2x3-3/4 wedge anchor"", ""hardware"", ""anchors"", ""anchor"", ""anclaje""]",true
e1cf2924-2ce0-5858-9b7b-1989df9861f3,Hardware,Anchors,"1/2"" x 4-1/4"" Wedge Anchor",1/2X4-1/4 WEDGE ANCHOR,"1/2"" x 4-1/4""",,,,,,,EA,"[""1/2\"" x 4-1/4\"" wedge anchor"", ""1/2x4-1/4 wedge anchor"", ""hardware"", ""anchors"", ""anchor"", ""anclaje""]",true
2306aa2b-36cf-576e-a1a8-d7997ad749bd,Hardware,Anchors,"1/2"" x 5-1/2"" Wedge Anchor",1/2X5-1/2 WEDGE ANCHOR,"1/2"" x 5-1/2""",,,,,,,EA,"[""1/2\"" x 5-1/2\"" wedge anchor"", ""1/2x5-1/2 wedge anchor"", ""hardware"", ""anchors"", ""anchor"", ""anclaje""]",true
ee1b046e-0812-53d0-92cf-27831427963e,Hardware,Anchors,"1/4"" x 1"" Drop-In Anchor",1/4X1 DROP-IN ANCHOR,"1/4"" x 1""",,,,,,,EA,"[""1/4\"" x 1\"" drop-in anchor"", ""1/4x1 drop-in anchor"", ""hardware"", ""anchors"", ""anchor"", ""anclaje""]",true
cbf9e6ab-a72e-591a-9563-37e289dd7170,Hardware,Anchors,"1/4"" x 1-1/4"" Concrete Screw",1/4X1-1/4 CONCRETE SCREW,"1/4"" x 1-1/4""",,,,,,,EA,"[""1/4\"" x 1-1/4\"" concrete screw"", ""1/4x1-1/4 concrete screw"", ""hardware"", ""anchors"", ""tapcon type"", ""anclaje""]",true
14587ce1-5c0a-513c-9f16-5794fcb43611,Hardware,Anchors,"1/4"" x 1-3/4"" Concrete Screw",1/4X1-3/4 CONCRETE SCREW,"1/4"" x 1-3/4""",,,,,,,EA,"[""1/4\"" x 1-3/4\"" concrete screw"", ""1/4x1-3/4 concrete screw"", ""hardware"", ""anchors"", ""tapcon type"", ""anclaje""]",true
9a7704bc-b148-5a15-ab8e-c90ae7f1eb59,Hardware,Anchors,"1/4"" x 2-1/4"" Concrete Screw",1/4X2-1/4 CONCRETE SCREW,"1/4"" x 2-1/4""",,,,,,,EA,"[""1/4\"" x 2-1/4\"" concrete screw"", ""1/4x2-1/4 concrete screw"", ""hardware"", ""anchors"", ""tapcon type"", ""anclaje""]",true
f8b93fd3-d19d-5b02-82e5-41192990e7a0,Hardware,Anchors,"1/4"" x 2-1/4"" Wedge Anchor",1/4X2-1/4 WEDGE ANCHOR,"1/4"" x 2-1/4""",,,,,,,EA,"[""1/4\"" x 2-1/4\"" wedge anchor"", ""1/4x2-1/4 wedge anchor"", ""hardware"", ""anchors"", ""anchor"", ""anclaje""]",true
88b33233-16cd-5876-8811-a0b15da1d969,Hardware,Anchors,"1/4"" x 2-3/4"" Concrete Screw",1/4X2-3/4 CONCRETE SCREW,"1/4"" x 2-3/4""",,,,,,,EA,"[""1/4\"" x 2-3/4\"" concrete screw"", ""1/4x2-3/4 concrete screw"", ""hardware"", ""anchors"", ""tapcon type"", ""anclaje""]",true
e311961d-d7a6-5401-afbc-962b36e03636,Hardware,Anchors,"1/4"" x 3"" Wedge Anchor",1/4X3 WEDGE ANCHOR,"1/4"" x 3""",,,,,,,EA,"[""1/4\"" x 3\"" wedge anchor"", ""1/4x3 wedge anchor"", ""hardware"", ""anchors"", ""anchor"", ""anclaje""]",true
45183a5d-596c-597c-8b07-5ffd511d49ef,Hardware,Anchors,"1/4"" x 3-1/4"" Concrete Screw",1/4X3-1/4 CONCRETE SCREW,"1/4"" x 3-1/4""",,,,,,,EA,"[""1/4\"" x 3-1/4\"" concrete screw"", ""1/4x3-1/4 concrete screw"", ""hardware"", ""anchors"", ""tapcon type"", ""anclaje""]",true
839b9aad-8f20-55f7-8669-40dc8aa01849,Hardware,Anchors,"1/4"" x 3-3/4"" Concrete Screw",1/4X3-3/4 CONCRETE SCREW,"1/4"" x 3-3/4""",,,,,,,EA,"[""1/4\"" x 3-3/4\"" concrete screw"", ""1/4x3-3/4 concrete screw"", ""hardware"", ""anchors"", ""tapcon type"", ""anclaje""]",true
05d86f4c-dba8-5f94-8519-c0a0d9f5e9df,Hardware,Anchors,"1/4"" x 3-3/4"" Wedge Anchor",1/4X3-3/4 WEDGE ANCHOR,"1/4"" x 3-3/4""",,,,,,,EA,"[""1/4\"" x 3-3/4\"" wedge anchor"", ""1/4x3-3/4 wedge anchor"", ""hardware"", ""anchors"", ""anchor"", ""anclaje""]",true
e3a8b9b9-70cf-564a-b075-fa8b4fcd78cf,Hardware,Anchors,"1/4"" x 4-1/4"" Wedge Anchor",1/4X4-1/4 WEDGE ANCHOR,"1/4"" x 4-1/4""",,,,,,,EA,"[""1/4\"" x 4-1/4\"" wedge anchor"", ""1/4x4-1/4 wedge anchor"", ""hardware"", ""anchors"", ""anchor"", ""anclaje""]",true
04fa5307-b849-5cdf-b933-3007c6aef636,Hardware,Anchors,"1/4"" x 5-1/2"" Wedge Anchor",1/4X5-1/2 WEDGE ANCHOR,"1/4"" x 5-1/2""",,,,,,,EA,"[""1/4\"" x 5-1/2\"" wedge anchor"", ""1/4x5-1/2 wedge anchor"", ""hardware"", ""anchors"", ""anchor"", ""anclaje""]",true
e76e2192-1d54-5c52-9f6f-f46044e482bd,Hardware,Anchors,"3/16"" x 1-1/4"" Concrete Screw",3/16X1-1/4 CONCRETE SCREW,"3/16"" x 1-1/4""",,,,,,,EA,"[""3/16\"" x 1-1/4\"" concrete screw"", ""3/16x1-1/4 concrete screw"", ""hardware"", ""anchors"", ""tapcon type"", ""anclaje""]",true
c6f8d8b9-1797-5e29-aa0c-1f50357741a1,Hardware,Anchors,"3/16"" x 1-3/4"" Concrete Screw",3/16X1-3/4 CONCRETE SCREW,"3/16"" x 1-3/4""",,,,,,,EA,"[""3/16\"" x 1-3/4\"" concrete screw"", ""3/16x1-3/4 concrete screw"", ""hardware"", ""anchors"", ""tapcon type"", ""anclaje""]",true
cddee3da-fac0-582b-91a7-e9a3d17399f1,Hardware,Anchors,"3/16"" x 2-1/4"" Concrete Screw",3/16X2-1/4 CONCRETE SCREW,"3/16"" x 2-1/4""",,,,,,,EA,"[""3/16\"" x 2-1/4\"" concrete screw"", ""3/16x2-1/4 concrete screw"", ""hardware"", ""anchors"", ""tapcon type"", ""anclaje""]",true
296dca25-2a5f-57b9-a238-efce67ae4291,Hardware,Anchors,"3/16"" x 2-3/4"" Concrete Screw",3/16X2-3/4 CONCRETE SCREW,"3/16"" x 2-3/4""",,,,,,,EA,"[""3/16\"" x 2-3/4\"" concrete screw"", ""3/16x2-3/4 concrete screw"", ""hardware"", ""anchors"", ""tapcon type"", ""anclaje""]",true
92b9cbf4-967c-5eef-bacc-5476b49fb6f2,Hardware,Anchors,"3/16"" x 3-1/4"" Concrete Screw",3/16X3-1/4 CONCRETE SCREW,"3/16"" x 3-1/4""",,,,,,,EA,"[""3/16\"" x 3-1/4\"" concrete screw"", ""3/16x3-1/4 concrete screw"", ""hardware"", ""anchors"", ""tapcon type"", ""anclaje""]",true
8812db01-c4da-5211-bd8e-8288b6c2423d,Hardware,Anchors,"3/16"" x 3-3/4"" Concrete Screw",3/16X3-3/4 CONCRETE SCREW,"3/16"" x 3-3/4""",,,,,,,EA,"[""3/16\"" x 3-3/4\"" concrete screw"", ""3/16x3-3/4 concrete screw"", ""hardware"", ""anchors"", ""tapcon type"", ""anclaje""]",true
106d4b36-a2e0-53e7-be12-ac44dea97e12,Hardware,Anchors,"3/8"" x 1"" Drop-In Anchor",3/8X1 DROP-IN ANCHOR,"3/8"" x 1""",,,,,,,EA,"[""3/8\"" x 1\"" drop-in anchor"", ""3/8x1 drop-in anchor"", ""hardware"", ""anchors"", ""anchor"", ""anclaje""]",true
49621559-308e-5c2e-ada0-a16da0030478,Hardware,Anchors,"3/8"" x 2-1/4"" Wedge Anchor",3/8X2-1/4 WEDGE ANCHOR,"3/8"" x 2-1/4""",,,,,,,EA,"[""3/8\"" x 2-1/4\"" wedge anchor"", ""3/8x2-1/4 wedge anchor"", ""hardware"", ""anchors"", ""anchor"", ""anclaje""]",true
5e8167aa-a938-5c8e-81d7-6e6f8ce8c750,Hardware,Anchors,"3/8"" x 3"" Wedge Anchor",3/8X3 WEDGE ANCHOR,"3/8"" x 3""",,,,,,,EA,"[""3/8\"" x 3\"" wedge anchor"", ""3/8x3 wedge anchor"", ""hardware"", ""anchors"", ""anchor"", ""anclaje""]",true
47f19674-d10e-5c57-8dfd-f451e36b62d8,Hardware,Anchors,"3/8"" x 3-3/4"" Wedge Anchor",3/8X3-3/4 WEDGE ANCHOR,"3/8"" x 3-3/4""",,,,,,,EA,"[""3/8\"" x 3-3/4\"" wedge anchor"", ""3/8x3-3/4 wedge anchor"", ""hardware"", ""anchors"", ""anchor"", ""anclaje""]",true
f4378f69-2e73-5dbc-b38b-74cd7133868a,Hardware,Anchors,"3/8"" x 4-1/4"" Wedge Anchor",3/8X4-1/4 WEDGE ANCHOR,"3/8"" x 4-1/4""",,,,,,,EA,"[""3/8\"" x 4-1/4\"" wedge anchor"", ""3/8x4-1/4 wedge anchor"", ""hardware"", ""anchors"", ""anchor"", ""anclaje""]",true
83002c8e-8da5-5628-b4a4-b89bbc5f8538,Hardware,Anchors,"3/8"" x 5-1/2"" Wedge Anchor",3/8X5-1/2 WEDGE ANCHOR,"3/8"" x 5-1/2""",,,,,,,EA,"[""3/8\"" x 5-1/2\"" wedge anchor"", ""3/8x5-1/2 wedge anchor"", ""hardware"", ""anchors"", ""anchor"", ""anclaje""]",true
89c6f8a3-734d-57aa-8fad-7c5b1d95149e,Hardware,Screws,"#10 x 1"" Stainless Steel Self-Drilling Screw",#10X1 STAINLESS STEEL SELF-DRILLING SCREW,"#10 x 1""",,,,,,,EA,"[""#10 x 1\"" stainless steel self-drilling screw"", ""#10x1 stainless steel self-drilling screw"", ""hardware"", ""screws"", ""screw"", ""tornillo"", ""tek screw""]",true
a551e50e-caf4-5b20-aeb5-9f653d989b6b,Hardware,Screws,"#10 x 1"" Stainless Steel Wood Screw",#10X1 STAINLESS STEEL WOOD SCREW,"#10 x 1""",,,,,,,EA,"[""#10 x 1\"" stainless steel wood screw"", ""#10x1 stainless steel wood screw"", ""hardware"", ""screws"", ""screw"", ""tornillo"", ""wood screw""]",true
456de379-d2a8-5970-b9bf-3d33d1f6dccb,Hardware,Screws,"#10 x 1"" Zinc Plated Self-Drilling Screw",#10X1 ZINC PLATED SELF-DRILLING SCREW,"#10 x 1""",,,,,,,EA,"[""#10 x 1\"" zinc plated self-drilling screw"", ""#10x1 zinc plated self-drilling screw"", ""hardware"", ""screws"", ""screw"", ""tornillo"", ""tek screw""]",true
23c3ca1f-dd6f-5674-8bf6-ea9becee7007,Hardware,Screws,"#10 x 1"" Zinc Plated Wood Screw",#10X1 ZINC PLATED WOOD SCREW,"#10 x 1""",,,,,,,EA,"[""#10 x 1\"" zinc plated wood screw"", ""#10x1 zinc plated wood screw"", ""hardware"", ""screws"", ""screw"", ""tornillo"", ""wood screw""]",true
b0fee3b2-38fc-58e1-8fe0-e27d9cdb7662,Hardware,Screws,"#10 x 1-1/2"" Stainless Steel Self-Drilling Screw",#10X1-1/2 STAINLESS STEEL SELF-DRILLING SCREW,"#10 x 1-1/2""",,,,,,,EA,"[""#10 x 1-1/2\"" stainless steel self-drilling screw"", ""#10x1-1/2 stainless steel self-drilling screw"", ""hardware"", ""screws"", ""screw"", ""tornillo"", ""tek screw""]",true
1dfabeb3-a086-5ab6-80a1-9abe263d9f93,Hardware,Screws,"#10 x 1-1/2"" Stainless Steel Wood Screw",#10X1-1/2 STAINLESS STEEL WOOD SCREW,"#10 x 1-1/2""",,,,,,,EA,"[""#10 x 1-1/2\"" stainless steel wood screw"", ""#10x1-1/2 stainless steel wood screw"", ""hardware"", ""screws"", ""screw"", ""tornillo"", ""wood screw""]",true
c981f796-96d5-5770-b859-bf50ecb6b429,Hardware,Screws,"#10 x 1-1/2"" Zinc Plated Self-Drilling Screw",#10X1-1/2 ZINC PLATED SELF-DRILLING SCREW,"#10 x 1-1/2""",,,,,,,EA,"[""#10 x 1-1/2\"" zinc plated self-drilling screw"", ""#10x1-1/2 zinc plated self-drilling screw"", ""hardware"", ""screws"", ""screw"", ""tornillo"", ""tek screw""]",true
82a0c7bc-7449-5ac9-af34-f98183d9a20b,Hardware,Screws,"#10 x 1-1/2"" Zinc Plated Wood Screw",#10X1-1/2 ZINC PLATED WOOD SCREW,"#10 x 1-1/2""",,,,,,,EA,"[""#10 x 1-1/2\"" zinc plated wood screw"", ""#10x1-1/2 zinc plated wood screw"", ""hardware"", ""screws"", ""screw"", ""tornillo"", ""wood screw""]",true
4249ed5d-8ce6-5593-b0c0-55eda87ddc96,Hardware,Screws,"#10 x 1-1/4"" Stainless Steel Self-Drilling Screw",#10X1-1/4 STAINLESS STEEL SELF-DRILLING SCREW,"#10 x 1-1/4""",,,,,,,EA,"[""#10 x 1-1/4\"" stainless steel self-drilling screw"", ""#10x1-1/4 stainless steel self-drilling screw"", ""hardware"", ""screws"", ""screw"", ""tornillo"", ""tek screw""]",true
098db1d4-8430-5268-a728-78ab053d23f4,Hardware,Screws,"#10 x 1-1/4"" Stainless Steel Wood Screw",#10X1-1/4 STAINLESS STEEL WOOD SCREW,"#10 x 1-1/4""",,,,,,,EA,"[""#10 x 1-1/4\"" stainless steel wood screw"", ""#10x1-1/4 stainless steel wood screw"", ""hardware"", ""screws"", ""screw"", ""tornillo"", ""wood screw""]",true
2ef70951-ccbf-5597-8775-ec9e466933cd,Hardware,Screws,"#10 x 1-1/4"" Zinc Plated Self-Drilling Screw",#10X1-1/4 ZINC PLATED SELF-DRILLING SCREW,"#10 x 1-1/4""",,,,,,,EA,"[""#10 x 1-1/4\"" zinc plated self-drilling screw"", ""#10x1-1/4 zinc plated self-drilling screw"", ""hardware"", ""screws"", ""screw"", ""tornillo"", ""tek screw""]",true
e65799c2-2ccc-5f67-824b-27430d5a4801,Hardware,Screws,"#10 x 1-1/4"" Zinc Plated Wood Screw",#10X1-1/4 ZINC PLATED WOOD SCREW,"#10 x 1-1/4""",,,,,,,EA,"[""#10 x 1-1/4\"" zinc plated wood screw"", ""#10x1-1/4 zinc plated wood screw"", ""hardware"", ""screws"", ""screw"", ""tornillo"", ""wood screw""]",true
dfd9d95c-2e82-528e-8628-eae712f1644d,Hardware,Screws,"#10 x 1/2"" Stainless Steel Self-Drilling Screw",#10X1/2 STAINLESS STEEL SELF-DRILLING SCREW,"#10 x 1/2""",,,,,,,EA,"[""#10 x 1/2\"" stainless steel self-drilling screw"", ""#10x1/2 stainless steel self-drilling screw"", ""hardware"", ""screws"", ""screw"", ""tornillo"", ""tek screw""]",true
d8b9405d-b416-541b-93f1-9116d1cb86cc,Hardware,Screws,"#10 x 1/2"" Zinc Plated Self-Drilling Screw",#10X1/2 ZINC PLATED SELF-DRILLING SCREW,"#10 x 1/2""",,,,,,,EA,"[""#10 x 1/2\"" zinc plated self-drilling screw"", ""#10x1/2 zinc plated self-drilling screw"", ""hardware"", ""screws"", ""screw"", ""tornillo"", ""tek screw""]",true
52b2e447-c915-53fb-8d79-d9a92d55f2f0,Hardware,Screws,"#10 x 2"" Stainless Steel Self-Drilling Screw",#10X2 STAINLESS STEEL SELF-DRILLING SCREW,"#10 x 2""",,,,,,,EA,"[""#10 x 2\"" stainless steel self-drilling screw"", ""#10x2 stainless steel self-drilling screw"", ""hardware"", ""screws"", ""screw"", ""tornillo"", ""tek screw""]",true
96bb4e28-7a64-5171-a3bf-683dade39b57,Hardware,Screws,"#10 x 2"" Stainless Steel Wood Screw",#10X2 STAINLESS STEEL WOOD SCREW,"#10 x 2""",,,,,,,EA,"[""#10 x 2\"" stainless steel wood screw"", ""#10x2 stainless steel wood screw"", ""hardware"", ""screws"", ""screw"", ""tornillo"", ""wood screw""]",true
5d1a9a3e-e25e-5194-a6ca-3f1d73b4812b,Hardware,Screws,"#10 x 2"" Zinc Plated Self-Drilling Screw",#10X2 ZINC PLATED SELF-DRILLING SCREW,"#10 x 2""",,,,,,,EA,"[""#10 x 2\"" zinc plated self-drilling screw"", ""#10x2 zinc plated self-drilling screw"", ""hardware"", ""screws"", ""screw"", ""tornillo"", ""tek screw""]",true
29528994-8138-585b-bc8c-c9ece5160e1b,Hardware,Screws,"#10 x 2"" Zinc Plated Wood Screw",#10X2 ZINC PLATED WOOD SCREW,"#10 x 2""",,,,,,,EA,"[""#10 x 2\"" zinc plated wood screw"", ""#10x2 zinc plated wood screw"", ""hardware"", ""screws"", ""screw"", ""tornillo"", ""wood screw""]",true
ca76d69b-1cb2-5b59-bb04-f61f8f69f62c,Hardware,Screws,"#10 x 2-1/2"" Stainless Steel Wood Screw",#10X2-1/2 STAINLESS STEEL WOOD SCREW,"#10 x 2-1/2""",,,,,,,EA,"[""#10 x 2-1/2\"" stainless steel wood screw"", ""#10x2-1/2 stainless steel wood screw"", ""hardware"", ""screws"", ""screw"", ""tornillo"", ""wood screw""]",true
d5e30919-8e35-58a8-8da0-737ac3c4d9e1,Hardware,Screws,"#10 x 2-1/2"" Zinc Plated Wood Screw",#10X2-1/2 ZINC PLATED WOOD SCREW,"#10 x 2-1/2""",,,,,,,EA,"[""#10 x 2-1/2\"" zinc plated wood screw"", ""#10x2-1/2 zinc plated wood screw"", ""hardware"", ""screws"", ""screw"", ""tornillo"", ""wood screw""]",true
dce5934e-536a-52dc-860a-ebd525c4f036,Hardware,Screws,"#10 x 3/4"" Stainless Steel Self-Drilling Screw",#10X3/4 STAINLESS STEEL SELF-DRILLING SCREW,"#10 x 3/4""",,,,,,,EA,"[""#10 x 3/4\"" stainless steel self-drilling screw"", ""#10x3/4 stainless steel self-drilling screw"", ""hardware"", ""screws"", ""screw"", ""tornillo"", ""tek screw""]",true
d54c41fd-49e8-5e58-93e8-d18048abc074,Hardware,Screws,"#10 x 3/4"" Stainless Steel Wood Screw",#10X3/4 STAINLESS STEEL WOOD SCREW,"#10 x 3/4""",,,,,,,EA,"[""#10 x 3/4\"" stainless steel wood screw"", ""#10x3/4 stainless steel wood screw"", ""hardware"", ""screws"", ""screw"", ""tornillo"", ""wood screw""]",true
56d59bd8-a245-561b-9086-4bc61f0d5e65,Hardware,Screws,"#10 x 3/4"" Zinc Plated Self-Drilling Screw",#10X3/4 ZINC PLATED SELF-DRILLING SCREW,"#10 x 3/4""",,,,,,,EA,"[""#10 x 3/4\"" zinc plated self-drilling screw"", ""#10x3/4 zinc plated self-drilling screw"", ""hardware"", ""screws"", ""screw"", ""tornillo"", ""tek screw""]",true
1a6acd2b-ba58-5469-a162-922b1e38e447,Hardware,Screws,"#10 x 3/4"" Zinc Plated Wood Screw",#10X3/4 ZINC PLATED WOOD SCREW,"#10 x 3/4""",,,,,,,EA,"[""#10 x 3/4\"" zinc plated wood screw"", ""#10x3/4 zinc plated wood screw"", ""hardware"", ""screws"", ""screw"", ""tornillo"", ""wood screw""]",true
962bfdf9-1ba0-59de-a74d-a5f0a5988765,Hardware,Screws,"#12 x 1"" Stainless Steel Self-Drilling Screw",#12X1 STAINLESS STEEL SELF-DRILLING SCREW,"#12 x 1""",,,,,,,EA,"[""#12 x 1\"" stainless steel self-drilling screw"", ""#12x1 stainless steel self-drilling screw"", ""hardware"", ""screws"", ""screw"", ""tornillo"", ""tek screw""]",true
eded028d-547a-5eac-9791-01d50c5cc144,Hardware,Screws,"#12 x 1"" Stainless Steel Wood Screw",#12X1 STAINLESS STEEL WOOD SCREW,"#12 x 1""",,,,,,,EA,"[""#12 x 1\"" stainless steel wood screw"", ""#12x1 stainless steel wood screw"", ""hardware"", ""screws"", ""screw"", ""tornillo"", ""wood screw""]",true
cdb715f3-beb6-570c-aea0-da2fefcf1172,Hardware,Screws,"#12 x 1"" Zinc Plated Self-Drilling Screw",#12X1 ZINC PLATED SELF-DRILLING SCREW,"#12 x 1""",,,,,,,EA,"[""#12 x 1\"" zinc plated self-drilling screw"", ""#12x1 zinc plated self-drilling screw"", ""hardware"", ""screws"", ""screw"", ""tornillo"", ""tek screw""]",true
465732c6-744e-5ea5-a442-fba79befd470,Hardware,Screws,"#12 x 1"" Zinc Plated Wood Screw",#12X1 ZINC PLATED WOOD SCREW,"#12 x 1""",,,,,,,EA,"[""#12 x 1\"" zinc plated wood screw"", ""#12x1 zinc plated wood screw"", ""hardware"", ""screws"", ""screw"", ""tornillo"", ""wood screw""]",true
1d961be9-5667-53d9-abc1-873493a71a71,Hardware,Screws,"#12 x 1-1/2"" Stainless Steel Self-Drilling Screw",#12X1-1/2 STAINLESS STEEL SELF-DRILLING SCREW,"#12 x 1-1/2""",,,,,,,EA,"[""#12 x 1-1/2\"" stainless steel self-drilling screw"", ""#12x1-1/2 stainless steel self-drilling screw"", ""hardware"", ""screws"", ""screw"", ""tornillo"", ""tek screw""]",true
9054d9f7-785f-5d80-82c5-b6a8c774d26b,Hardware,Screws,"#12 x 1-1/2"" Stainless Steel Wood Screw",#12X1-1/2 STAINLESS STEEL WOOD SCREW,"#12 x 1-1/2""",,,,,,,EA,"[""#12 x 1-1/2\"" stainless steel wood screw"", ""#12x1-1/2 stainless steel wood screw"", ""hardware"", ""screws"", ""screw"", ""tornillo"", ""wood screw""]",true
f591f665-255c-5a95-8c17-483de2cdfe8b,Hardware,Screws,"#12 x 1-1/2"" Zinc Plated Self-Drilling Screw",#12X1-1/2 ZINC PLATED SELF-DRILLING SCREW,"#12 x 1-1/2""",,,,,,,EA,"[""#12 x 1-1/2\"" zinc plated self-drilling screw"", ""#12x1-1/2 zinc plated self-drilling screw"", ""hardware"", ""screws"", ""screw"", ""tornillo"", ""tek screw""]",true
e3efdd13-5bee-54cc-b14a-75d5aec69ca0,Hardware,Screws,"#12 x 1-1/2"" Zinc Plated Wood Screw",#12X1-1/2 ZINC PLATED WOOD SCREW,"#12 x 1-1/2""",,,,,,,EA,"[""#12 x 1-1/2\"" zinc plated wood screw"", ""#12x1-1/2 zinc plated wood screw"", ""hardware"", ""screws"", ""screw"", ""tornillo"", ""wood screw""]",true
7df31b20-8bad-521e-ba32-7b2bb5feb8a7,Hardware,Screws,"#12 x 1-1/4"" Stainless Steel Self-Drilling Screw",#12X1-1/4 STAINLESS STEEL SELF-DRILLING SCREW,"#12 x 1-1/4""",,,,,,,EA,"[""#12 x 1-1/4\"" stainless steel self-drilling screw"", ""#12x1-1/4 stainless steel self-drilling screw"", ""hardware"", ""screws"", ""screw"", ""tornillo"", ""tek screw""]",true
724d63b1-941b-5f57-8bf4-07182a9f48b5,Hardware,Screws,"#12 x 1-1/4"" Stainless Steel Wood Screw",#12X1-1/4 STAINLESS STEEL WOOD SCREW,"#12 x 1-1/4""",,,,,,,EA,"[""#12 x 1-1/4\"" stainless steel wood screw"", ""#12x1-1/4 stainless steel wood screw"", ""hardware"", ""screws"", ""screw"", ""tornillo"", ""wood screw""]",true
8441107b-80e5-5043-a162-52aa71ba00a6,Hardware,Screws,"#12 x 1-1/4"" Zinc Plated Self-Drilling Screw",#12X1-1/4 ZINC PLATED SELF-DRILLING SCREW,"#12 x 1-1/4""",,,,,,,EA,"[""#12 x 1-1/4\"" zinc plated self-drilling screw"", ""#12x1-1/4 zinc plated self-drilling screw"", ""hardware"", ""screws"", ""screw"", ""tornillo"", ""tek screw""]",true
32d21e08-d705-58fb-b1b4-6e94782402f3,Hardware,Screws,"#12 x 1-1/4"" Zinc Plated Wood Screw",#12X1-1/4 ZINC PLATED WOOD SCREW,"#12 x 1-1/4""",,,,,,,EA,"[""#12 x 1-1/4\"" zinc plated wood screw"", ""#12x1-1/4 zinc plated wood screw"", ""hardware"", ""screws"", ""screw"", ""tornillo"", ""wood screw""]",true
37e8bbaf-ea55-5db2-853b-c4b0b03b1c7a,Hardware,Screws,"#12 x 1/2"" Stainless Steel Self-Drilling Screw",#12X1/2 STAINLESS STEEL SELF-DRILLING SCREW,"#12 x 1/2""",,,,,,,EA,"[""#12 x 1/2\"" stainless steel self-drilling screw"", ""#12x1/2 stainless steel self-drilling screw"", ""hardware"", ""screws"", ""screw"", ""tornillo"", ""tek screw""]",true
e5359004-88f7-563a-97cc-e7debe714d4b,Hardware,Screws,"#12 x 1/2"" Zinc Plated Self-Drilling Screw",#12X1/2 ZINC PLATED SELF-DRILLING SCREW,"#12 x 1/2""",,,,,,,EA,"[""#12 x 1/2\"" zinc plated self-drilling screw"", ""#12x1/2 zinc plated self-drilling screw"", ""hardware"", ""screws"", ""screw"", ""tornillo"", ""tek screw""]",true
e00d6c58-fe1d-55d3-bbf4-d95aa424f30c,Hardware,Screws,"#12 x 2"" Stainless Steel Self-Drilling Screw",#12X2 STAINLESS STEEL SELF-DRILLING SCREW,"#12 x 2""",,,,,,,EA,"[""#12 x 2\"" stainless steel self-drilling screw"", ""#12x2 stainless steel self-drilling screw"", ""hardware"", ""screws"", ""screw"", ""tornillo"", ""tek screw""]",true
98297260-bcd6-56e3-b786-12490a9a6a4c,Hardware,Screws,"#12 x 2"" Stainless Steel Wood Screw",#12X2 STAINLESS STEEL WOOD SCREW,"#12 x 2""",,,,,,,EA,"[""#12 x 2\"" stainless steel wood screw"", ""#12x2 stainless steel wood screw"", ""hardware"", ""screws"", ""screw"", ""tornillo"", ""wood screw""]",true
bc0344eb-67e2-5314-8be2-737622f5528a,Hardware,Screws,"#12 x 2"" Zinc Plated Self-Drilling Screw",#12X2 ZINC PLATED SELF-DRILLING SCREW,"#12 x 2""",,,,,,,EA,"[""#12 x 2\"" zinc plated self-drilling screw"", ""#12x2 zinc plated self-drilling screw"", ""hardware"", ""screws"", ""screw"", ""tornillo"", ""tek screw""]",true
7d9b0d87-52b7-530e-bd1e-8e15c0517735,Hardware,Screws,"#12 x 2"" Zinc Plated Wood Screw",#12X2 ZINC PLATED WOOD SCREW,"#12 x 2""",,,,,,,EA,"[""#12 x 2\"" zinc plated wood screw"", ""#12x2 zinc plated wood screw"", ""hardware"", ""screws"", ""screw"", ""tornillo"", ""wood screw""]",true
9d6292f0-a063-5c8f-bae6-41ab7a78fbda,Hardware,Screws,"#12 x 2-1/2"" Stainless Steel Wood Screw",#12X2-1/2 STAINLESS STEEL WOOD SCREW,"#12 x 2-1/2""",,,,,,,EA,"[""#12 x 2-1/2\"" stainless steel wood screw"", ""#12x2-1/2 stainless steel wood screw"", ""hardware"", ""screws"", ""screw"", ""tornillo"", ""wood screw""]",true
8bce3a80-1974-503a-8afb-78321859bdb2,Hardware,Screws,"#12 x 2-1/2"" Zinc Plated Wood Screw",#12X2-1/2 ZINC PLATED WOOD SCREW,"#12 x 2-1/2""",,,,,,,EA,"[""#12 x 2-1/2\"" zinc plated wood screw"", ""#12x2-1/2 zinc plated wood screw"", ""hardware"", ""screws"", ""screw"", ""tornillo"", ""wood screw""]",true
6cb6ff44-7953-503b-9e0e-96e51de40fa8,Hardware,Screws,"#12 x 3/4"" Stainless Steel Self-Drilling Screw",#12X3/4 STAINLESS STEEL SELF-DRILLING SCREW,"#12 x 3/4""",,,,,,,EA,"[""#12 x 3/4\"" stainless steel self-drilling screw"", ""#12x3/4 stainless steel self-drilling screw"", ""hardware"", ""screws"", ""screw"", ""tornillo"", ""tek screw""]",true
54086aae-21a5-5a34-b52f-743c68aa6fd0,Hardware,Screws,"#12 x 3/4"" Stainless Steel Wood Screw",#12X3/4 STAINLESS STEEL WOOD SCREW,"#12 x 3/4""",,,,,,,EA,"[""#12 x 3/4\"" stainless steel wood screw"", ""#12x3/4 stainless steel wood screw"", ""hardware"", ""screws"", ""screw"", ""tornillo"", ""wood screw""]",true
f7974377-664d-5930-bc88-380ceec161d5,Hardware,Screws,"#12 x 3/4"" Zinc Plated Self-Drilling Screw",#12X3/4 ZINC PLATED SELF-DRILLING SCREW,"#12 x 3/4""",,,,,,,EA,"[""#12 x 3/4\"" zinc plated self-drilling screw"", ""#12x3/4 zinc plated self-drilling screw"", ""hardware"", ""screws"", ""screw"", ""tornillo"", ""tek screw""]",true
6773cbf3-0b84-5d26-a1c3-0911d58d1867,Hardware,Screws,"#12 x 3/4"" Zinc Plated Wood Screw",#12X3/4 ZINC PLATED WOOD SCREW,"#12 x 3/4""",,,,,,,EA,"[""#12 x 3/4\"" zinc plated wood screw"", ""#12x3/4 zinc plated wood screw"", ""hardware"", ""screws"", ""screw"", ""tornillo"", ""wood screw""]",true
430f675f-ab2d-5ed9-896b-e2be711ba3b2,Hardware,Screws,"#8 x 1"" Stainless Steel Self-Drilling Screw",#8X1 STAINLESS STEEL SELF-DRILLING SCREW,"#8 x 1""",,,,,,,EA,"[""#8 x 1\"" stainless steel self-drilling screw"", ""#8x1 stainless steel self-drilling screw"", ""hardware"", ""screws"", ""screw"", ""tornillo"", ""tek screw""]",true
2e64beb4-bcf9-5234-8a8f-477779106bc5,Hardware,Screws,"#8 x 1"" Stainless Steel Wood Screw",#8X1 STAINLESS STEEL WOOD SCREW,"#8 x 1""",,,,,,,EA,"[""#8 x 1\"" stainless steel wood screw"", ""#8x1 stainless steel wood screw"", ""hardware"", ""screws"", ""screw"", ""tornillo"", ""wood screw""]",true
f5bfef4d-2fa1-5426-9bc7-9240d802db14,Hardware,Screws,"#8 x 1"" Zinc Plated Self-Drilling Screw",#8X1 ZINC PLATED SELF-DRILLING SCREW,"#8 x 1""",,,,,,,EA,"[""#8 x 1\"" zinc plated self-drilling screw"", ""#8x1 zinc plated self-drilling screw"", ""hardware"", ""screws"", ""screw"", ""tornillo"", ""tek screw""]",true
08d3289e-adb2-599c-85f0-8f8037093ad5,Hardware,Screws,"#8 x 1"" Zinc Plated Wood Screw",#8X1 ZINC PLATED WOOD SCREW,"#8 x 1""",,,,,,,EA,"[""#8 x 1\"" zinc plated wood screw"", ""#8x1 zinc plated wood screw"", ""hardware"", ""screws"", ""screw"", ""tornillo"", ""wood screw""]",true
1088848f-1863-5c13-8dc0-3f457b7e7848,Hardware,Screws,"#8 x 1-1/2"" Stainless Steel Self-Drilling Screw",#8X1-1/2 STAINLESS STEEL SELF-DRILLING SCREW,"#8 x 1-1/2""",,,,,,,EA,"[""#8 x 1-1/2\"" stainless steel self-drilling screw"", ""#8x1-1/2 stainless steel self-drilling screw"", ""hardware"", ""screws"", ""screw"", ""tornillo"", ""tek screw""]",true
1fd35aef-ce7c-59d0-9167-4083f72456fe,Hardware,Screws,"#8 x 1-1/2"" Stainless Steel Wood Screw",#8X1-1/2 STAINLESS STEEL WOOD SCREW,"#8 x 1-1/2""",,,,,,,EA,"[""#8 x 1-1/2\"" stainless steel wood screw"", ""#8x1-1/2 stainless steel wood screw"", ""hardware"", ""screws"", ""screw"", ""tornillo"", ""wood screw""]",true
6e5efb34-294c-510d-af4f-fe327cb378cf,Hardware,Screws,"#8 x 1-1/2"" Zinc Plated Self-Drilling Screw",#8X1-1/2 ZINC PLATED SELF-DRILLING SCREW,"#8 x 1-1/2""",,,,,,,EA,"[""#8 x 1-1/2\"" zinc plated self-drilling screw"", ""#8x1-1/2 zinc plated self-drilling screw"", ""hardware"", ""screws"", ""screw"", ""tornillo"", ""tek screw""]",true
f775882d-aef1-56fb-bca8-fe01e3945f25,Hardware,Screws,"#8 x 1-1/2"" Zinc Plated Wood Screw",#8X1-1/2 ZINC PLATED WOOD SCREW,"#8 x 1-1/2""",,,,,,,EA,"[""#8 x 1-1/2\"" zinc plated wood screw"", ""#8x1-1/2 zinc plated wood screw"", ""hardware"", ""screws"", ""screw"", ""tornillo"", ""wood screw""]",true
5b393cdf-ba08-544b-b6ae-925092d99a80,Hardware,Screws,"#8 x 1-1/4"" Stainless Steel Self-Drilling Screw",#8X1-1/4 STAINLESS STEEL SELF-DRILLING SCREW,"#8 x 1-1/4""",,,,,,,EA,"[""#8 x 1-1/4\"" stainless steel self-drilling screw"", ""#8x1-1/4 stainless steel self-drilling screw"", ""hardware"", ""screws"", ""screw"", ""tornillo"", ""tek screw""]",true
4f7b411a-274b-52aa-8514-1b8a2fa9013c,Hardware,Screws,"#8 x 1-1/4"" Stainless Steel Wood Screw",#8X1-1/4 STAINLESS STEEL WOOD SCREW,"#8 x 1-1/4""",,,,,,,EA,"[""#8 x 1-1/4\"" stainless steel wood screw"", ""#8x1-1/4 stainless steel wood screw"", ""hardware"", ""screws"", ""screw"", ""tornillo"", ""wood screw""]",true
149b7cf0-9bd0-51b0-96a8-78b6bf20da36,Hardware,Screws,"#8 x 1-1/4"" Zinc Plated Self-Drilling Screw",#8X1-1/4 ZINC PLATED SELF-DRILLING SCREW,"#8 x 1-1/4""",,,,,,,EA,"[""#8 x 1-1/4\"" zinc plated self-drilling screw"", ""#8x1-1/4 zinc plated self-drilling screw"", ""hardware"", ""screws"", ""screw"", ""tornillo"", ""tek screw""]",true
031c06b2-5a47-5e37-b38d-96b2bd8aa830,Hardware,Screws,"#8 x 1-1/4"" Zinc Plated Wood Screw",#8X1-1/4 ZINC PLATED WOOD SCREW,"#8 x 1-1/4""",,,,,,,EA,"[""#8 x 1-1/4\"" zinc plated wood screw"", ""#8x1-1/4 zinc plated wood screw"", ""hardware"", ""screws"", ""screw"", ""tornillo"", ""wood screw""]",true
3c921585-9f05-5221-a0c5-13ecefb57d33,Hardware,Screws,"#8 x 1/2"" Stainless Steel Self-Drilling Screw",#8X1/2 STAINLESS STEEL SELF-DRILLING SCREW,"#8 x 1/2""",,,,,,,EA,"[""#8 x 1/2\"" stainless steel self-drilling screw"", ""#8x1/2 stainless steel self-drilling screw"", ""hardware"", ""screws"", ""screw"", ""tornillo"", ""tek screw""]",true
13136046-d2bb-56d1-b24d-e6410a484516,Hardware,Screws,"#8 x 1/2"" Zinc Plated Self-Drilling Screw",#8X1/2 ZINC PLATED SELF-DRILLING SCREW,"#8 x 1/2""",,,,,,,EA,"[""#8 x 1/2\"" zinc plated self-drilling screw"", ""#8x1/2 zinc plated self-drilling screw"", ""hardware"", ""screws"", ""screw"", ""tornillo"", ""tek screw""]",true
cae68215-e297-5ff5-a56f-03ce2e777f96,Hardware,Screws,"#8 x 2"" Stainless Steel Self-Drilling Screw",#8X2 STAINLESS STEEL SELF-DRILLING SCREW,"#8 x 2""",,,,,,,EA,"[""#8 x 2\"" stainless steel self-drilling screw"", ""#8x2 stainless steel self-drilling screw"", ""hardware"", ""screws"", ""screw"", ""tornillo"", ""tek screw""]",true
69863800-a5d1-54de-ae7c-e9aecf9a88d4,Hardware,Screws,"#8 x 2"" Stainless Steel Wood Screw",#8X2 STAINLESS STEEL WOOD SCREW,"#8 x 2""",,,,,,,EA,"[""#8 x 2\"" stainless steel wood screw"", ""#8x2 stainless steel wood screw"", ""hardware"", ""screws"", ""screw"", ""tornillo"", ""wood screw""]",true
4fbac027-fc5e-596a-bcbf-4730f327944c,Hardware,Screws,"#8 x 2"" Zinc Plated Self-Drilling Screw",#8X2 ZINC PLATED SELF-DRILLING SCREW,"#8 x 2""",,,,,,,EA,"[""#8 x 2\"" zinc plated self-drilling screw"", ""#8x2 zinc plated self-drilling screw"", ""hardware"", ""screws"", ""screw"", ""tornillo"", ""tek screw""]",true
e8d9107d-16e7-5baf-bce1-e236b24a18c8,Hardware,Screws,"#8 x 2"" Zinc Plated Wood Screw",#8X2 ZINC PLATED WOOD SCREW,"#8 x 2""",,,,,,,EA,"[""#8 x 2\"" zinc plated wood screw"", ""#8x2 zinc plated wood screw"", ""hardware"", ""screws"", ""screw"", ""tornillo"", ""wood screw""]",true
f1021718-9fa8-5272-9466-d55fe1943d76,Hardware,Screws,"#8 x 2-1/2"" Stainless Steel Wood Screw",#8X2-1/2 STAINLESS STEEL WOOD SCREW,"#8 x 2-1/2""",,,,,,,EA,"[""#8 x 2-1/2\"" stainless steel wood screw"", ""#8x2-1/2 stainless steel wood screw"", ""hardware"", ""screws"", ""screw"", ""tornillo"", ""wood screw""]",true
61d94b27-c588-51ea-ab5c-9bee7a015376,Hardware,Screws,"#8 x 2-1/2"" Zinc Plated Wood Screw",#8X2-1/2 ZINC PLATED WOOD SCREW,"#8 x 2-1/2""",,,,,,,EA,"[""#8 x 2-1/2\"" zinc plated wood screw"", ""#8x2-1/2 zinc plated wood screw"", ""hardware"", ""screws"", ""screw"", ""tornillo"", ""wood screw""]",true
ff69adcb-7c78-55ae-80ef-3717c8785ff3,Hardware,Screws,"#8 x 3/4"" Stainless Steel Self-Drilling Screw",#8X3/4 STAINLESS STEEL SELF-DRILLING SCREW,"#8 x 3/4""",,,,,,,EA,"[""#8 x 3/4\"" stainless steel self-drilling screw"", ""#8x3/4 stainless steel self-drilling screw"", ""hardware"", ""screws"", ""screw"", ""tornillo"", ""tek screw""]",true
7d998e38-162a-5b54-8b37-26f7a30f4eef,Hardware,Screws,"#8 x 3/4"" Stainless Steel Wood Screw",#8X3/4 STAINLESS STEEL WOOD SCREW,"#8 x 3/4""",,,,,,,EA,"[""#8 x 3/4\"" stainless steel wood screw"", ""#8x3/4 stainless steel wood screw"", ""hardware"", ""screws"", ""screw"", ""tornillo"", ""wood screw""]",true
8a91c13c-6c92-526c-9f43-deb6a582ffe6,Hardware,Screws,"#8 x 3/4"" Zinc Plated Self-Drilling Screw",#8X3/4 ZINC PLATED SELF-DRILLING SCREW,"#8 x 3/4""",,,,,,,EA,"[""#8 x 3/4\"" zinc plated self-drilling screw"", ""#8x3/4 zinc plated self-drilling screw"", ""hardware"", ""screws"", ""screw"", ""tornillo"", ""tek screw""]",true
931141cd-db85-54c2-98fe-0c64da3a684d,Hardware,Screws,"#8 x 3/4"" Zinc Plated Wood Screw",#8X3/4 ZINC PLATED WOOD SCREW,"#8 x 3/4""",,,,,,,EA,"[""#8 x 3/4\"" zinc plated wood screw"", ""#8x3/4 zinc plated wood screw"", ""hardware"", ""screws"", ""screw"", ""tornillo"", ""wood screw""]",true
4f989fed-f576-5763-a746-04dcb25a61d3,Hardware,Screws,"1/4-20 x 1"" Stainless Steel Machine Screw",1/4-20X1 STAINLESS STEEL MACHINE SCREW,"1/4-20 x 1""",,,,,,,EA,"[""1/4-20 x 1\"" stainless steel machine screw"", ""1/4-20x1 stainless steel machine screw"", ""hardware"", ""screws"", ""screw"", ""tornillo"", ""machine screw""]",true
002cca4f-72a2-53e9-bb3b-3e475015e762,Hardware,Screws,"1/4-20 x 1"" Zinc Plated Machine Screw",1/4-20X1 ZINC PLATED MACHINE SCREW,"1/4-20 x 1""",,,,,,,EA,"[""1/4-20 x 1\"" zinc plated machine screw"", ""1/4-20x1 zinc plated machine screw"", ""hardware"", ""screws"", ""screw"", ""tornillo"", ""machine screw""]",true
99d4404e-18cf-5d3e-81cf-1fd4ea79c9dd,Hardware,Screws,"1/4-20 x 1-1/2"" Stainless Steel Machine Screw",1/4-20X1-1/2 STAINLESS STEEL MACHINE SCREW,"1/4-20 x 1-1/2""",,,,,,,EA,"[""1/4-20 x 1-1/2\"" stainless steel machine screw"", ""1/4-20x1-1/2 stainless steel machine screw"", ""hardware"", ""screws"", ""screw"", ""tornillo"", ""machine screw""]",true
a737a580-8be5-5a4d-8917-1ef427fbcec3,Hardware,Screws,"1/4-20 x 1-1/2"" Zinc Plated Machine Screw",1/4-20X1-1/2 ZINC PLATED MACHINE SCREW,"1/4-20 x 1-1/2""",,,,,,,EA,"[""1/4-20 x 1-1/2\"" zinc plated machine screw"", ""1/4-20x1-1/2 zinc plated machine screw"", ""hardware"", ""screws"", ""screw"", ""tornillo"", ""machine screw""]",true
e4896a29-05c6-5324-93a1-403b0fe7f5ba,Hardware,Screws,"1/4-20 x 1-1/4"" Stainless Steel Machine Screw",1/4-20X1-1/4 STAINLESS STEEL MACHINE SCREW,"1/4-20 x 1-1/4""",,,,,,,EA,"[""1/4-20 x 1-1/4\"" stainless steel machine screw"", ""1/4-20x1-1/4 stainless steel machine screw"", ""hardware"", ""screws"", ""screw"", ""tornillo"", ""machine screw""]",true
c5385499-44b3-5181-8c8c-ef10436c5a7f,Hardware,Screws,"1/4-20 x 1-1/4"" Zinc Plated Machine Screw",1/4-20X1-1/4 ZINC PLATED MACHINE SCREW,"1/4-20 x 1-1/4""",,,,,,,EA,"[""1/4-20 x 1-1/4\"" zinc plated machine screw"", ""1/4-20x1-1/4 zinc plated machine screw"", ""hardware"", ""screws"", ""screw"", ""tornillo"", ""machine screw""]",true
277b9853-4cdf-5460-9e46-880b8824b216,Hardware,Screws,"1/4-20 x 1/2"" Stainless Steel Machine Screw",1/4-20X1/2 STAINLESS STEEL MACHINE SCREW,"1/4-20 x 1/2""",,,,,,,EA,"[""1/4-20 x 1/2\"" stainless steel machine screw"", ""1/4-20x1/2 stainless steel machine screw"", ""hardware"", ""screws"", ""screw"", ""tornillo"", ""machine screw""]",true
8f2d3bef-70d0-5542-9e5b-e42fed371261,Hardware,Screws,"1/4-20 x 1/2"" Zinc Plated Machine Screw",1/4-20X1/2 ZINC PLATED MACHINE SCREW,"1/4-20 x 1/2""",,,,,,,EA,"[""1/4-20 x 1/2\"" zinc plated machine screw"", ""1/4-20x1/2 zinc plated machine screw"", ""hardware"", ""screws"", ""screw"", ""tornillo"", ""machine screw""]",true
5007ad19-2225-5a5b-b6e8-eb5f312b93b2,Hardware,Screws,"1/4-20 x 2"" Stainless Steel Machine Screw",1/4-20X2 STAINLESS STEEL MACHINE SCREW,"1/4-20 x 2""",,,,,,,EA,"[""1/4-20 x 2\"" stainless steel machine screw"", ""1/4-20x2 stainless steel machine screw"", ""hardware"", ""screws"", ""screw"", ""tornillo"", ""machine screw""]",true
076ccece-a95d-56f2-8361-1831a0d559be,Hardware,Screws,"1/4-20 x 2"" Zinc Plated Machine Screw",1/4-20X2 ZINC PLATED MACHINE SCREW,"1/4-20 x 2""",,,,,,,EA,"[""1/4-20 x 2\"" zinc plated machine screw"", ""1/4-20x2 zinc plated machine screw"", ""hardware"", ""screws"", ""screw"", ""tornillo"", ""machine screw""]",true
e1c7d9e4-1688-5926-af9c-17933981b050,Hardware,Screws,"1/4-20 x 3/4"" Stainless Steel Machine Screw",1/4-20X3/4 STAINLESS STEEL MACHINE SCREW,"1/4-20 x 3/4""",,,,,,,EA,"[""1/4-20 x 3/4\"" stainless steel machine screw"", ""1/4-20x3/4 stainless steel machine screw"", ""hardware"", ""screws"", ""screw"", ""tornillo"", ""machine screw""]",true
b17fdf24-4ec3-5ab3-bc96-d5acb1b8a235,Hardware,Screws,"1/4-20 x 3/4"" Zinc Plated Machine Screw",1/4-20X3/4 ZINC PLATED MACHINE SCREW,"1/4-20 x 3/4""",,,,,,,EA,"[""1/4-20 x 3/4\"" zinc plated machine screw"", ""1/4-20x3/4 zinc plated machine screw"", ""hardware"", ""screws"", ""screw"", ""tornillo"", ""machine screw""]",true
35fefd8f-3ce1-5b0c-b68e-9da67d0c986c,Hardware,Screws,"10-32 x 1"" Stainless Steel Machine Screw",10-32X1 STAINLESS STEEL MACHINE SCREW,"10-32 x 1""",,,,,,,EA,"[""10-32 x 1\"" stainless steel machine screw"", ""10-32x1 stainless steel machine screw"", ""hardware"", ""screws"", ""screw"", ""tornillo"", ""machine screw""]",true
110037ab-1223-5569-807b-fec513889eab,Hardware,Screws,"10-32 x 1"" Zinc Plated Machine Screw",10-32X1 ZINC PLATED MACHINE SCREW,"10-32 x 1""",,,,,,,EA,"[""10-32 x 1\"" zinc plated machine screw"", ""10-32x1 zinc plated machine screw"", ""hardware"", ""screws"", ""screw"", ""tornillo"", ""machine screw""]",true
491aac82-9b22-5b6a-818b-284698d9392d,Hardware,Screws,"10-32 x 1-1/2"" Stainless Steel Machine Screw",10-32X1-1/2 STAINLESS STEEL MACHINE SCREW,"10-32 x 1-1/2""",,,,,,,EA,"[""10-32 x 1-1/2\"" stainless steel machine screw"", ""10-32x1-1/2 stainless steel machine screw"", ""hardware"", ""screws"", ""screw"", ""tornillo"", ""machine screw""]",true
e7982a47-23f9-590d-8341-0e50b5469d8b,Hardware,Screws,"10-32 x 1-1/2"" Zinc Plated Machine Screw",10-32X1-1/2 ZINC PLATED MACHINE SCREW,"10-32 x 1-1/2""",,,,,,,EA,"[""10-32 x 1-1/2\"" zinc plated machine screw"", ""10-32x1-1/2 zinc plated machine screw"", ""hardware"", ""screws"", ""screw"", ""tornillo"", ""machine screw""]",true
597c0907-76b2-5986-9c30-74ccfe22ddad,Hardware,Screws,"10-32 x 1-1/4"" Stainless Steel Machine Screw",10-32X1-1/4 STAINLESS STEEL MACHINE SCREW,"10-32 x 1-1/4""",,,,,,,EA,"[""10-32 x 1-1/4\"" stainless steel machine screw"", ""10-32x1-1/4 stainless steel machine screw"", ""hardware"", ""screws"", ""screw"", ""tornillo"", ""machine screw""]",true
703f3106-6312-546e-a9b3-15397f779721,Hardware,Screws,"10-32 x 1-1/4"" Zinc Plated Machine Screw",10-32X1-1/4 ZINC PLATED MACHINE SCREW,"10-32 x 1-1/4""",,,,,,,EA,"[""10-32 x 1-1/4\"" zinc plated machine screw"", ""10-32x1-1/4 zinc plated machine screw"", ""hardware"", ""screws"", ""screw"", ""tornillo"", ""machine screw""]",true
c4418c50-9ba4-5f6f-9412-b0b61225cd05,Hardware,Screws,"10-32 x 1/2"" Stainless Steel Machine Screw",10-32X1/2 STAINLESS STEEL MACHINE SCREW,"10-32 x 1/2""",,,,,,,EA,"[""10-32 x 1/2\"" stainless steel machine screw"", ""10-32x1/2 stainless steel machine screw"", ""hardware"", ""screws"", ""screw"", ""tornillo"", ""machine screw""]",true
ef06cda3-f17e-55f9-abb5-a98d8a3dde7a,Hardware,Screws,"10-32 x 1/2"" Zinc Plated Machine Screw",10-32X1/2 ZINC PLATED MACHINE SCREW,"10-32 x 1/2""",,,,,,,EA,"[""10-32 x 1/2\"" zinc plated machine screw"", ""10-32x1/2 zinc plated machine screw"", ""hardware"", ""screws"", ""screw"", ""tornillo"", ""machine screw""]",true
6c969df4-2951-58b1-bdac-8b53cc11324d,Hardware,Screws,"10-32 x 2"" Stainless Steel Machine Screw",10-32X2 STAINLESS STEEL MACHINE SCREW,"10-32 x 2""",,,,,,,EA,"[""10-32 x 2\"" stainless steel machine screw"", ""10-32x2 stainless steel machine screw"", ""hardware"", ""screws"", ""screw"", ""tornillo"", ""machine screw""]",true
6722f19d-0fec-5211-a57b-8126b21c6139,Hardware,Screws,"10-32 x 2"" Zinc Plated Machine Screw",10-32X2 ZINC PLATED MACHINE SCREW,"10-32 x 2""",,,,,,,EA,"[""10-32 x 2\"" zinc plated machine screw"", ""10-32x2 zinc plated machine screw"", ""hardware"", ""screws"", ""screw"", ""tornillo"", ""machine screw""]",true
8f3f4374-8063-55e2-b479-0b511090f854,Hardware,Screws,"10-32 x 3/4"" Stainless Steel Machine Screw",10-32X3/4 STAINLESS STEEL MACHINE SCREW,"10-32 x 3/4""",,,,,,,EA,"[""10-32 x 3/4\"" stainless steel machine screw"", ""10-32x3/4 stainless steel machine screw"", ""hardware"", ""screws"", ""screw"", ""tornillo"", ""machine screw""]",true
750d7b86-79db-5958-b7f6-41e15e7acd2e,Hardware,Screws,"10-32 x 3/4"" Zinc Plated Machine Screw",10-32X3/4 ZINC PLATED MACHINE SCREW,"10-32 x 3/4""",,,,,,,EA,"[""10-32 x 3/4\"" zinc plated machine screw"", ""10-32x3/4 zinc plated machine screw"", ""hardware"", ""screws"", ""screw"", ""tornillo"", ""machine screw""]",true
4b6db362-5b7d-5027-81b1-8cd645eb8494,Hardware,Screws,"6-32 x 1"" Stainless Steel Machine Screw",6-32X1 STAINLESS STEEL MACHINE SCREW,"6-32 x 1""",,,,,,,EA,"[""6-32 x 1\"" stainless steel machine screw"", ""6-32x1 stainless steel machine screw"", ""hardware"", ""screws"", ""screw"", ""tornillo"", ""machine screw""]",true
2b2667c2-ec86-5548-89b3-8d0627cf486a,Hardware,Screws,"6-32 x 1"" Zinc Plated Machine Screw",6-32X1 ZINC PLATED MACHINE SCREW,"6-32 x 1""",,,,,,,EA,"[""6-32 x 1\"" zinc plated machine screw"", ""6-32x1 zinc plated machine screw"", ""hardware"", ""screws"", ""screw"", ""tornillo"", ""machine screw""]",true
ecd375d4-2d4d-5c25-8ca0-3c8c0ba20b74,Hardware,Screws,"6-32 x 1-1/2"" Stainless Steel Machine Screw",6-32X1-1/2 STAINLESS STEEL MACHINE SCREW,"6-32 x 1-1/2""",,,,,,,EA,"[""6-32 x 1-1/2\"" stainless steel machine screw"", ""6-32x1-1/2 stainless steel machine screw"", ""hardware"", ""screws"", ""screw"", ""tornillo"", ""machine screw""]",true
9b4ec6ac-f088-5015-8f3b-74c06c5606e3,Hardware,Screws,"6-32 x 1-1/2"" Zinc Plated Machine Screw",6-32X1-1/2 ZINC PLATED MACHINE SCREW,"6-32 x 1-1/2""",,,,,,,EA,"[""6-32 x 1-1/2\"" zinc plated machine screw"", ""6-32x1-1/2 zinc plated machine screw"", ""hardware"", ""screws"", ""screw"", ""tornillo"", ""machine screw""]",true
e4385ae1-94d4-5c0b-a4ce-08f98c4b31ff,Hardware,Screws,"6-32 x 1-1/4"" Stainless Steel Machine Screw",6-32X1-1/4 STAINLESS STEEL MACHINE SCREW,"6-32 x 1-1/4""",,,,,,,EA,"[""6-32 x 1-1/4\"" stainless steel machine screw"", ""6-32x1-1/4 stainless steel machine screw"", ""hardware"", ""screws"", ""screw"", ""tornillo"", ""machine screw""]",true
f1afcd42-a2e5-57f4-8b68-55f7a453bcdb,Hardware,Screws,"6-32 x 1-1/4"" Zinc Plated Machine Screw",6-32X1-1/4 ZINC PLATED MACHINE SCREW,"6-32 x 1-1/4""",,,,,,,EA,"[""6-32 x 1-1/4\"" zinc plated machine screw"", ""6-32x1-1/4 zinc plated machine screw"", ""hardware"", ""screws"", ""screw"", ""tornillo"", ""machine screw""]",true
1cb58bb6-7eeb-571c-8937-9002da685156,Hardware,Screws,"6-32 x 1/2"" Stainless Steel Machine Screw",6-32X1/2 STAINLESS STEEL MACHINE SCREW,"6-32 x 1/2""",,,,,,,EA,"[""6-32 x 1/2\"" stainless steel machine screw"", ""6-32x1/2 stainless steel machine screw"", ""hardware"", ""screws"", ""screw"", ""tornillo"", ""machine screw""]",true
45d932ec-2d94-5ef6-a3ab-0c0e8fbfda03,Hardware,Screws,"6-32 x 1/2"" Zinc Plated Machine Screw",6-32X1/2 ZINC PLATED MACHINE SCREW,"6-32 x 1/2""",,,,,,,EA,"[""6-32 x 1/2\"" zinc plated machine screw"", ""6-32x1/2 zinc plated machine screw"", ""hardware"", ""screws"", ""screw"", ""tornillo"", ""machine screw""]",true
f0ea9c9e-f4a8-5834-915c-475394707b46,Hardware,Screws,"6-32 x 2"" Stainless Steel Machine Screw",6-32X2 STAINLESS STEEL MACHINE SCREW,"6-32 x 2""",,,,,,,EA,"[""6-32 x 2\"" stainless steel machine screw"", ""6-32x2 stainless steel machine screw"", ""hardware"", ""screws"", ""screw"", ""tornillo"", ""machine screw""]",true
5932ff35-b432-525b-a6c4-d1d005ef5738,Hardware,Screws,"6-32 x 2"" Zinc Plated Machine Screw",6-32X2 ZINC PLATED MACHINE SCREW,"6-32 x 2""",,,,,,,EA,"[""6-32 x 2\"" zinc plated machine screw"", ""6-32x2 zinc plated machine screw"", ""hardware"", ""screws"", ""screw"", ""tornillo"", ""machine screw""]",true
07861873-4a63-5d12-8aa9-c80e2f84fada,Hardware,Screws,"6-32 x 3/4"" Stainless Steel Machine Screw",6-32X3/4 STAINLESS STEEL MACHINE SCREW,"6-32 x 3/4""",,,,,,,EA,"[""6-32 x 3/4\"" stainless steel machine screw"", ""6-32x3/4 stainless steel machine screw"", ""hardware"", ""screws"", ""screw"", ""tornillo"", ""machine screw""]",true
5150f939-1666-554d-ba2f-aae107d43eab,Hardware,Screws,"6-32 x 3/4"" Zinc Plated Machine Screw",6-32X3/4 ZINC PLATED MACHINE SCREW,"6-32 x 3/4""",,,,,,,EA,"[""6-32 x 3/4\"" zinc plated machine screw"", ""6-32x3/4 zinc plated machine screw"", ""hardware"", ""screws"", ""screw"", ""tornillo"", ""machine screw""]",true
48fb6a01-4283-5a6d-9c10-247408b31229,Hardware,Screws,"8-32 x 1"" Stainless Steel Machine Screw",8-32X1 STAINLESS STEEL MACHINE SCREW,"8-32 x 1""",,,,,,,EA,"[""8-32 x 1\"" stainless steel machine screw"", ""8-32x1 stainless steel machine screw"", ""hardware"", ""screws"", ""screw"", ""tornillo"", ""machine screw""]",true
33ca9492-703e-5e9d-a932-6c0e6f953616,Hardware,Screws,"8-32 x 1"" Zinc Plated Machine Screw",8-32X1 ZINC PLATED MACHINE SCREW,"8-32 x 1""",,,,,,,EA,"[""8-32 x 1\"" zinc plated machine screw"", ""8-32x1 zinc plated machine screw"", ""hardware"", ""screws"", ""screw"", ""tornillo"", ""machine screw""]",true
3a065a42-8f8a-56b7-a03d-fe914c6eb14b,Hardware,Screws,"8-32 x 1-1/2"" Stainless Steel Machine Screw",8-32X1-1/2 STAINLESS STEEL MACHINE SCREW,"8-32 x 1-1/2""",,,,,,,EA,"[""8-32 x 1-1/2\"" stainless steel machine screw"", ""8-32x1-1/2 stainless steel machine screw"", ""hardware"", ""screws"", ""screw"", ""tornillo"", ""machine screw""]",true
15337593-34e6-5b49-a962-d3d9d07bdc67,Hardware,Screws,"8-32 x 1-1/2"" Zinc Plated Machine Screw",8-32X1-1/2 ZINC PLATED MACHINE SCREW,"8-32 x 1-1/2""",,,,,,,EA,"[""8-32 x 1-1/2\"" zinc plated machine screw"", ""8-32x1-1/2 zinc plated machine screw"", ""hardware"", ""screws"", ""screw"", ""tornillo"", ""machine screw""]",true
06ba53f5-80e3-53ff-81fc-fcaa1c46e415,Hardware,Screws,"8-32 x 1-1/4"" Stainless Steel Machine Screw",8-32X1-1/4 STAINLESS STEEL MACHINE SCREW,"8-32 x 1-1/4""",,,,,,,EA,"[""8-32 x 1-1/4\"" stainless steel machine screw"", ""8-32x1-1/4 stainless steel machine screw"", ""hardware"", ""screws"", ""screw"", ""tornillo"", ""machine screw""]",true
a4a064a6-6da2-5cbc-a134-fefd594d2c08,Hardware,Screws,"8-32 x 1-1/4"" Zinc Plated Machine Screw",8-32X1-1/4 ZINC PLATED MACHINE SCREW,"8-32 x 1-1/4""",,,,,,,EA,"[""8-32 x 1-1/4\"" zinc plated machine screw"", ""8-32x1-1/4 zinc plated machine screw"", ""hardware"", ""screws"", ""screw"", ""tornillo"", ""machine screw""]",true
f9f54cd8-ada8-5ee4-b5a3-17e8a8489042,Hardware,Screws,"8-32 x 1/2"" Stainless Steel Machine Screw",8-32X1/2 STAINLESS STEEL MACHINE SCREW,"8-32 x 1/2""",,,,,,,EA,"[""8-32 x 1/2\"" stainless steel machine screw"", ""8-32x1/2 stainless steel machine screw"", ""hardware"", ""screws"", ""screw"", ""tornillo"", ""machine screw""]",true
0f728813-4e61-5934-8b0e-53be9ef4659c,Hardware,Screws,"8-32 x 1/2"" Zinc Plated Machine Screw",8-32X1/2 ZINC PLATED MACHINE SCREW,"8-32 x 1/2""",,,,,,,EA,"[""8-32 x 1/2\"" zinc plated machine screw"", ""8-32x1/2 zinc plated machine screw"", ""hardware"", ""screws"", ""screw"", ""tornillo"", ""machine screw""]",true
1e504caf-a159-5a0b-965c-8ad671fb6946,Hardware,Screws,"8-32 x 2"" Stainless Steel Machine Screw",8-32X2 STAINLESS STEEL MACHINE SCREW,"8-32 x 2""",,,,,,,EA,"[""8-32 x 2\"" stainless steel machine screw"", ""8-32x2 stainless steel machine screw"", ""hardware"", ""screws"", ""screw"", ""tornillo"", ""machine screw""]",true
346daa56-a3ee-5848-9436-7e0f31946cd2,Hardware,Screws,"8-32 x 2"" Zinc Plated Machine Screw",8-32X2 ZINC PLATED MACHINE SCREW,"8-32 x 2""",,,,,,,EA,"[""8-32 x 2\"" zinc plated machine screw"", ""8-32x2 zinc plated machine screw"", ""hardware"", ""screws"", ""screw"", ""tornillo"", ""machine screw""]",true
05b02a07-f1b2-59e7-8dab-b2955cde2672,Hardware,Screws,"8-32 x 3/4"" Stainless Steel Machine Screw",8-32X3/4 STAINLESS STEEL MACHINE SCREW,"8-32 x 3/4""",,,,,,,EA,"[""8-32 x 3/4\"" stainless steel machine screw"", ""8-32x3/4 stainless steel machine screw"", ""hardware"", ""screws"", ""screw"", ""tornillo"", ""machine screw""]",true
8a8f94b3-988a-5e8b-aac5-1aff1b3017e9,Hardware,Screws,"8-32 x 3/4"" Zinc Plated Machine Screw",8-32X3/4 ZINC PLATED MACHINE SCREW,"8-32 x 3/4""",,,,,,,EA,"[""8-32 x 3/4\"" zinc plated machine screw"", ""8-32x3/4 zinc plated machine screw"", ""hardware"", ""screws"", ""screw"", ""tornillo"", ""machine screw""]",true
75120cfd-8682-5b90-913e-dc192fb4e466,Lighting,Commercial Fixtures,100W LED Flood Light - 4000K - 120-277V,100W LED FLOOD LIGHT 4000K,100W,,,120-277V,,,Outdoor,EA,"[""100w led flood light - 4000k - 120-277v"", ""100w led flood light 4000k"", ""lighting"", ""commercial fixtures"", ""luminaria"", ""led flood light""]",true
b79728b0-ebf0-5727-85b2-5660f5e2c7b7,Lighting,Commercial Fixtures,100W LED Flood Light - 5000K - 120-277V,100W LED FLOOD LIGHT 5000K,100W,,,120-277V,,,Outdoor,EA,"[""100w led flood light - 5000k - 120-277v"", ""100w led flood light 5000k"", ""lighting"", ""commercial fixtures"", ""luminaria"", ""led flood light""]",true
294dd0a2-2838-51dc-a130-52beb8a03280,Lighting,Commercial Fixtures,100W LED UFO High Bay - 4000K - 120-277V,100W LED UFO HIGH BAY 4000K,100W,,,120-277V,,,Indoor,EA,"[""100w led ufo high bay - 4000k - 120-277v"", ""100w led ufo high bay 4000k"", ""lighting"", ""commercial fixtures"", ""luminaria"", ""led ufo high bay""]",true
2c1db2a2-9250-55d6-ae62-b1a5b1c170cf,Lighting,Commercial Fixtures,100W LED UFO High Bay - 5000K - 120-277V,100W LED UFO HIGH BAY 5000K,100W,,,120-277V,,,Indoor,EA,"[""100w led ufo high bay - 5000k - 120-277v"", ""100w led ufo high bay 5000k"", ""lighting"", ""commercial fixtures"", ""luminaria"", ""led ufo high bay""]",true
10d81d00-9995-5873-bca4-ae46e86718b6,Lighting,Commercial Fixtures,100W LED Wall Pack - 4000K - 120-277V,100W LED WALL PACK 4000K,100W,,,120-277V,,,Outdoor,EA,"[""100w led wall pack - 4000k - 120-277v"", ""100w led wall pack 4000k"", ""lighting"", ""commercial fixtures"", ""luminaria"", ""led wall pack""]",true
89eb4fdb-d910-5868-b053-73d6d52ee746,Lighting,Commercial Fixtures,100W LED Wall Pack - 5000K - 120-277V,100W LED WALL PACK 5000K,100W,,,120-277V,,,Outdoor,EA,"[""100w led wall pack - 5000k - 120-277v"", ""100w led wall pack 5000k"", ""lighting"", ""commercial fixtures"", ""luminaria"", ""led wall pack""]",true
856d67dd-d53c-5af5-bb71-79163929617b,Lighting,Commercial Fixtures,150W LED Flood Light - 4000K - 120-277V,150W LED FLOOD LIGHT 4000K,150W,,,120-277V,,,Outdoor,EA,"[""150w led flood light - 4000k - 120-277v"", ""150w led flood light 4000k"", ""lighting"", ""commercial fixtures"", ""luminaria"", ""led flood light""]",true
3dafff01-f2cd-577b-ad9a-ac5f27ec0bd3,Lighting,Commercial Fixtures,150W LED Flood Light - 5000K - 120-277V,150W LED FLOOD LIGHT 5000K,150W,,,120-277V,,,Outdoor,EA,"[""150w led flood light - 5000k - 120-277v"", ""150w led flood light 5000k"", ""lighting"", ""commercial fixtures"", ""luminaria"", ""led flood light""]",true
5314d1ec-c920-59c4-b6e1-4cff449fd5ba,Lighting,Commercial Fixtures,150W LED UFO High Bay - 4000K - 120-277V,150W LED UFO HIGH BAY 4000K,150W,,,120-277V,,,Indoor,EA,"[""150w led ufo high bay - 4000k - 120-277v"", ""150w led ufo high bay 4000k"", ""lighting"", ""commercial fixtures"", ""luminaria"", ""led ufo high bay""]",true
8d87235a-87c0-5caa-ba91-2c82e537c494,Lighting,Commercial Fixtures,150W LED UFO High Bay - 5000K - 120-277V,150W LED UFO HIGH BAY 5000K,150W,,,120-277V,,,Indoor,EA,"[""150w led ufo high bay - 5000k - 120-277v"", ""150w led ufo high bay 5000k"", ""lighting"", ""commercial fixtures"", ""luminaria"", ""led ufo high bay""]",true
357fb8c5-8cd0-59d5-b849-3705e4bf9fb7,Lighting,Commercial Fixtures,200W LED UFO High Bay - 4000K - 120-277V,200W LED UFO HIGH BAY 4000K,200W,,,120-277V,,,Indoor,EA,"[""200w led ufo high bay - 4000k - 120-277v"", ""200w led ufo high bay 4000k"", ""lighting"", ""commercial fixtures"", ""luminaria"", ""led ufo high bay""]",true
c653ce38-a43c-552c-9122-ad4240aa5e19,Lighting,Commercial Fixtures,200W LED UFO High Bay - 5000K - 120-277V,200W LED UFO HIGH BAY 5000K,200W,,,120-277V,,,Indoor,EA,"[""200w led ufo high bay - 5000k - 120-277v"", ""200w led ufo high bay 5000k"", ""lighting"", ""commercial fixtures"", ""luminaria"", ""led ufo high bay""]",true
89f2b6f5-7e1d-55f0-b969-b9ea12511b34,Lighting,Commercial Fixtures,240W LED UFO High Bay - 4000K - 120-277V,240W LED UFO HIGH BAY 4000K,240W,,,120-277V,,,Indoor,EA,"[""240w led ufo high bay - 4000k - 120-277v"", ""240w led ufo high bay 4000k"", ""lighting"", ""commercial fixtures"", ""luminaria"", ""led ufo high bay""]",true
e64ff33f-89d9-5dfc-bb58-d8b5adc9f52c,Lighting,Commercial Fixtures,240W LED UFO High Bay - 5000K - 120-277V,240W LED UFO HIGH BAY 5000K,240W,,,120-277V,,,Indoor,EA,"[""240w led ufo high bay - 5000k - 120-277v"", ""240w led ufo high bay 5000k"", ""lighting"", ""commercial fixtures"", ""luminaria"", ""led ufo high bay""]",true
98a75d42-859f-555d-aeeb-ae1b06d30742,Lighting,Commercial Fixtures,30W LED Flood Light - 4000K - 120-277V,30W LED FLOOD LIGHT 4000K,30W,,,120-277V,,,Outdoor,EA,"[""30w led flood light - 4000k - 120-277v"", ""30w led flood light 4000k"", ""lighting"", ""commercial fixtures"", ""luminaria"", ""led flood light""]",true
9487fb28-78bd-5b88-b519-a360ded71fb4,Lighting,Commercial Fixtures,30W LED Flood Light - 5000K - 120-277V,30W LED FLOOD LIGHT 5000K,30W,,,120-277V,,,Outdoor,EA,"[""30w led flood light - 5000k - 120-277v"", ""30w led flood light 5000k"", ""lighting"", ""commercial fixtures"", ""luminaria"", ""led flood light""]",true
a6c503bb-22c6-5257-a581-9acaa5c26d4c,Lighting,Commercial Fixtures,30W LED Wall Pack - 4000K - 120-277V,30W LED WALL PACK 4000K,30W,,,120-277V,,,Outdoor,EA,"[""30w led wall pack - 4000k - 120-277v"", ""30w led wall pack 4000k"", ""lighting"", ""commercial fixtures"", ""luminaria"", ""led wall pack""]",true
ef05f42f-b059-52d9-aebf-bd12e57cd0f3,Lighting,Commercial Fixtures,30W LED Wall Pack - 5000K - 120-277V,30W LED WALL PACK 5000K,30W,,,120-277V,,,Outdoor,EA,"[""30w led wall pack - 5000k - 120-277v"", ""30w led wall pack 5000k"", ""lighting"", ""commercial fixtures"", ""luminaria"", ""led wall pack""]",true
724ba203-19de-5234-9286-b186adce9561,Lighting,Commercial Fixtures,50W LED Flood Light - 4000K - 120-277V,50W LED FLOOD LIGHT 4000K,50W,,,120-277V,,,Outdoor,EA,"[""50w led flood light - 4000k - 120-277v"", ""50w led flood light 4000k"", ""lighting"", ""commercial fixtures"", ""luminaria"", ""led flood light""]",true
e1eaf945-ae5d-5e7b-8fce-ed7d87df9f18,Lighting,Commercial Fixtures,50W LED Flood Light - 5000K - 120-277V,50W LED FLOOD LIGHT 5000K,50W,,,120-277V,,,Outdoor,EA,"[""50w led flood light - 5000k - 120-277v"", ""50w led flood light 5000k"", ""lighting"", ""commercial fixtures"", ""luminaria"", ""led flood light""]",true
c76f79c3-a3ed-580a-93dc-8f455a6e2e44,Lighting,Commercial Fixtures,50W LED Wall Pack - 4000K - 120-277V,50W LED WALL PACK 4000K,50W,,,120-277V,,,Outdoor,EA,"[""50w led wall pack - 4000k - 120-277v"", ""50w led wall pack 4000k"", ""lighting"", ""commercial fixtures"", ""luminaria"", ""led wall pack""]",true
35c7df84-dcd6-5636-9de8-3c73ab2bd4d6,Lighting,Commercial Fixtures,50W LED Wall Pack - 5000K - 120-277V,50W LED WALL PACK 5000K,50W,,,120-277V,,,Outdoor,EA,"[""50w led wall pack - 5000k - 120-277v"", ""50w led wall pack 5000k"", ""lighting"", ""commercial fixtures"", ""luminaria"", ""led wall pack""]",true
aa0059f8-42d9-5c89-8a4e-12adb2490ebb,Lighting,Commercial Fixtures,80W LED Wall Pack - 4000K - 120-277V,80W LED WALL PACK 4000K,80W,,,120-277V,,,Outdoor,EA,"[""80w led wall pack - 4000k - 120-277v"", ""80w led wall pack 4000k"", ""lighting"", ""commercial fixtures"", ""luminaria"", ""led wall pack""]",true
9f9b95ff-d66f-502d-9620-493415c1a47d,Lighting,Commercial Fixtures,80W LED Wall Pack - 5000K - 120-277V,80W LED WALL PACK 5000K,80W,,,120-277V,,,Outdoor,EA,"[""80w led wall pack - 5000k - 120-277v"", ""80w led wall pack 5000k"", ""lighting"", ""commercial fixtures"", ""luminaria"", ""led wall pack""]",true
8d5abf4d-23a5-576b-937a-6191cef2c0a2,Lighting,Commercial Interior,2x2 LED Flat Panel - 3500K - 120-277V,2x2 LED FLAT PANEL 3500K,2x2 FT,,,120-277V,,,Indoor,EA,"[""2x2 led flat panel - 3500k - 120-277v"", ""2x2 led flat panel 3500k"", ""lighting"", ""commercial interior"", ""luminaria"", ""panel light"", ""commercial lighting""]",true
eae2fd17-7290-5f89-8644-1d975120547f,Lighting,Commercial Interior,2x2 LED Flat Panel - 3500K - 120-277V - Emergency Driver,2x2 LED FLAT PANEL 3500K EM,2x2 FT,,,120-277V,,,Indoor,EA,"[""2x2 led flat panel - 3500k - 120-277v - emergency driver"", ""2x2 led flat panel 3500k em"", ""lighting"", ""commercial interior"", ""luminaria"", ""panel light"", ""emergency driver""]",true
69793244-2567-533e-9e60-5794dc7a3414,Lighting,Commercial Interior,2x2 LED Flat Panel - 4000K - 120-277V,2x2 LED FLAT PANEL 4000K,2x2 FT,,,120-277V,,,Indoor,EA,"[""2x2 led flat panel - 4000k - 120-277v"", ""2x2 led flat panel 4000k"", ""lighting"", ""commercial interior"", ""luminaria"", ""panel light"", ""commercial lighting""]",true
2681f525-3d25-58cb-a049-52244b52b939,Lighting,Commercial Interior,2x2 LED Flat Panel - 4000K - 120-277V - Emergency Driver,2x2 LED FLAT PANEL 4000K EM,2x2 FT,,,120-277V,,,Indoor,EA,"[""2x2 led flat panel - 4000k - 120-277v - emergency driver"", ""2x2 led flat panel 4000k em"", ""lighting"", ""commercial interior"", ""luminaria"", ""panel light"", ""emergency driver""]",true
4e0dc8d4-2b91-54e1-819a-60f2283e37d3,Lighting,Commercial Interior,2x2 LED Flat Panel - 5000K - 120-277V,2x2 LED FLAT PANEL 5000K,2x2 FT,,,120-277V,,,Indoor,EA,"[""2x2 led flat panel - 5000k - 120-277v"", ""2x2 led flat panel 5000k"", ""lighting"", ""commercial interior"", ""luminaria"", ""panel light"", ""commercial lighting""]",true
cc48eaa7-f98d-52fe-86c1-0754e82ede08,Lighting,Commercial Interior,2x2 LED Flat Panel - 5000K - 120-277V - Emergency Driver,2x2 LED FLAT PANEL 5000K EM,2x2 FT,,,120-277V,,,Indoor,EA,"[""2x2 led flat panel - 5000k - 120-277v - emergency driver"", ""2x2 led flat panel 5000k em"", ""lighting"", ""commercial interior"", ""luminaria"", ""panel light"", ""emergency driver""]",true
c00bca2c-4124-5437-b0f7-35e8d8c520ae,Lighting,Commercial Interior,2x2 LED Troffer - 3500K - 120-277V,2x2 LED TROFFER 3500K,2x2 FT,,,120-277V,,,Indoor,EA,"[""2x2 led troffer - 3500k - 120-277v"", ""2x2 led troffer 3500k"", ""lighting"", ""commercial interior"", ""luminaria"", ""panel light"", ""commercial lighting""]",true
548504d8-1772-526b-9d99-d1a78432d85d,Lighting,Commercial Interior,2x2 LED Troffer - 3500K - 120-277V - Emergency Driver,2x2 LED TROFFER 3500K EM,2x2 FT,,,120-277V,,,Indoor,EA,"[""2x2 led troffer - 3500k - 120-277v - emergency driver"", ""2x2 led troffer 3500k em"", ""lighting"", ""commercial interior"", ""luminaria"", ""panel light"", ""emergency driver""]",true
c2ac63af-e876-5333-a08b-762eddbb7c8a,Lighting,Commercial Interior,2x2 LED Troffer - 4000K - 120-277V,2x2 LED TROFFER 4000K,2x2 FT,,,120-277V,,,Indoor,EA,"[""2x2 led troffer - 4000k - 120-277v"", ""2x2 led troffer 4000k"", ""lighting"", ""commercial interior"", ""luminaria"", ""panel light"", ""commercial lighting""]",true
7ace9960-024c-5cbb-9f8a-1cb7494de1c5,Lighting,Commercial Interior,2x2 LED Troffer - 4000K - 120-277V - Emergency Driver,2x2 LED TROFFER 4000K EM,2x2 FT,,,120-277V,,,Indoor,EA,"[""2x2 led troffer - 4000k - 120-277v - emergency driver"", ""2x2 led troffer 4000k em"", ""lighting"", ""commercial interior"", ""luminaria"", ""panel light"", ""emergency driver""]",true
36460cf1-a4d4-5729-83a9-2763c9395276,Lighting,Commercial Interior,2x2 LED Troffer - 5000K - 120-277V,2x2 LED TROFFER 5000K,2x2 FT,,,120-277V,,,Indoor,EA,"[""2x2 led troffer - 5000k - 120-277v"", ""2x2 led troffer 5000k"", ""lighting"", ""commercial interior"", ""luminaria"", ""panel light"", ""commercial lighting""]",true
13542d5f-47f5-59b9-b659-33fc93f14f40,Lighting,Commercial Interior,2x2 LED Troffer - 5000K - 120-277V - Emergency Driver,2x2 LED TROFFER 5000K EM,2x2 FT,,,120-277V,,,Indoor,EA,"[""2x2 led troffer - 5000k - 120-277v - emergency driver"", ""2x2 led troffer 5000k em"", ""lighting"", ""commercial interior"", ""luminaria"", ""panel light"", ""emergency driver""]",true
5107dee5-a9dc-5092-8022-bdca59907c4c,Lighting,Commercial Interior,2x4 LED Flat Panel - 3500K - 120-277V,2x4 LED FLAT PANEL 3500K,2x4 FT,,,120-277V,,,Indoor,EA,"[""2x4 led flat panel - 3500k - 120-277v"", ""2x4 led flat panel 3500k"", ""lighting"", ""commercial interior"", ""luminaria"", ""panel light"", ""commercial lighting""]",true
49bc0d86-de2e-58db-8ec2-5d7c228f7a34,Lighting,Commercial Interior,2x4 LED Flat Panel - 3500K - 120-277V - Emergency Driver,2x4 LED FLAT PANEL 3500K EM,2x4 FT,,,120-277V,,,Indoor,EA,"[""2x4 led flat panel - 3500k - 120-277v - emergency driver"", ""2x4 led flat panel 3500k em"", ""lighting"", ""commercial interior"", ""luminaria"", ""panel light"", ""emergency driver""]",true
637606d4-0332-529d-a524-85503f5814e7,Lighting,Commercial Interior,2x4 LED Flat Panel - 4000K - 120-277V,2x4 LED FLAT PANEL 4000K,2x4 FT,,,120-277V,,,Indoor,EA,"[""2x4 led flat panel - 4000k - 120-277v"", ""2x4 led flat panel 4000k"", ""lighting"", ""commercial interior"", ""luminaria"", ""panel light"", ""commercial lighting""]",true
e2ce154c-949a-579e-b433-2c5efafb93a5,Lighting,Commercial Interior,2x4 LED Flat Panel - 4000K - 120-277V - Emergency Driver,2x4 LED FLAT PANEL 4000K EM,2x4 FT,,,120-277V,,,Indoor,EA,"[""2x4 led flat panel - 4000k - 120-277v - emergency driver"", ""2x4 led flat panel 4000k em"", ""lighting"", ""commercial interior"", ""luminaria"", ""panel light"", ""emergency driver""]",true
42196637-c458-5f3a-8436-5aad6003ec83,Lighting,Commercial Interior,2x4 LED Flat Panel - 5000K - 120-277V,2x4 LED FLAT PANEL 5000K,2x4 FT,,,120-277V,,,Indoor,EA,"[""2x4 led flat panel - 5000k - 120-277v"", ""2x4 led flat panel 5000k"", ""lighting"", ""commercial interior"", ""luminaria"", ""panel light"", ""commercial lighting""]",true
77f1280e-42d8-580a-bfe0-536026722ab9,Lighting,Commercial Interior,2x4 LED Flat Panel - 5000K - 120-277V - Emergency Driver,2x4 LED FLAT PANEL 5000K EM,2x4 FT,,,120-277V,,,Indoor,EA,"[""2x4 led flat panel - 5000k - 120-277v - emergency driver"", ""2x4 led flat panel 5000k em"", ""lighting"", ""commercial interior"", ""luminaria"", ""panel light"", ""emergency driver""]",true
87bd413e-fa79-51be-be35-b8bd2f228124,Lighting,Commercial Interior,2x4 LED Troffer - 3500K - 120-277V,2x4 LED TROFFER 3500K,2x4 FT,,,120-277V,,,Indoor,EA,"[""2x4 led troffer - 3500k - 120-277v"", ""2x4 led troffer 3500k"", ""lighting"", ""commercial interior"", ""luminaria"", ""panel light"", ""commercial lighting""]",true
034ae531-4cf7-5f30-a083-cdab7f8b65a2,Lighting,Commercial Interior,2x4 LED Troffer - 3500K - 120-277V - Emergency Driver,2x4 LED TROFFER 3500K EM,2x4 FT,,,120-277V,,,Indoor,EA,"[""2x4 led troffer - 3500k - 120-277v - emergency driver"", ""2x4 led troffer 3500k em"", ""lighting"", ""commercial interior"", ""luminaria"", ""panel light"", ""emergency driver""]",true
f47718ed-afa9-540f-b2d7-c7bf68455345,Lighting,Commercial Interior,2x4 LED Troffer - 4000K - 120-277V,2x4 LED TROFFER 4000K,2x4 FT,,,120-277V,,,Indoor,EA,"[""2x4 led troffer - 4000k - 120-277v"", ""2x4 led troffer 4000k"", ""lighting"", ""commercial interior"", ""luminaria"", ""panel light"", ""commercial lighting""]",true
2245c6e3-7032-503f-b6dc-ad37c7c16e2b,Lighting,Commercial Interior,2x4 LED Troffer - 4000K - 120-277V - Emergency Driver,2x4 LED TROFFER 4000K EM,2x4 FT,,,120-277V,,,Indoor,EA,"[""2x4 led troffer - 4000k - 120-277v - emergency driver"", ""2x4 led troffer 4000k em"", ""lighting"", ""commercial interior"", ""luminaria"", ""panel light"", ""emergency driver""]",true
7894fc7c-1136-5123-85d3-f23c19e2cc4a,Lighting,Commercial Interior,2x4 LED Troffer - 5000K - 120-277V,2x4 LED TROFFER 5000K,2x4 FT,,,120-277V,,,Indoor,EA,"[""2x4 led troffer - 5000k - 120-277v"", ""2x4 led troffer 5000k"", ""lighting"", ""commercial interior"", ""luminaria"", ""panel light"", ""commercial lighting""]",true
883edaf6-2bbf-5752-8c2d-9884a62f5c17,Lighting,Commercial Interior,2x4 LED Troffer - 5000K - 120-277V - Emergency Driver,2x4 LED TROFFER 5000K EM,2x4 FT,,,120-277V,,,Indoor,EA,"[""2x4 led troffer - 5000k - 120-277v - emergency driver"", ""2x4 led troffer 5000k em"", ""lighting"", ""commercial interior"", ""luminaria"", ""panel light"", ""emergency driver""]",true
2f99d48e-7f4c-54f1-bdf3-e4549e0e0bed,Lighting,Commercial Interior,4 FT LED Strip Fixture - 3500K - 120-277V,4FT LED STRIP 3500K,4 FT,,,120-277V,,,Indoor,EA,"[""4 ft led strip fixture - 3500k - 120-277v"", ""4ft led strip 3500k"", ""lighting"", ""commercial interior"", ""strip light"", ""luminaria lineal""]",true
4cb0f628-869c-5563-a28c-936eb88a7b44,Lighting,Commercial Interior,4 FT LED Strip Fixture - 4000K - 120-277V,4FT LED STRIP 4000K,4 FT,,,120-277V,,,Indoor,EA,"[""4 ft led strip fixture - 4000k - 120-277v"", ""4ft led strip 4000k"", ""lighting"", ""commercial interior"", ""strip light"", ""luminaria lineal""]",true
283fd78c-ab8b-55bd-a245-633570829297,Lighting,Commercial Interior,4 FT LED Strip Fixture - 5000K - 120-277V,4FT LED STRIP 5000K,4 FT,,,120-277V,,,Indoor,EA,"[""4 ft led strip fixture - 5000k - 120-277v"", ""4ft led strip 5000k"", ""lighting"", ""commercial interior"", ""strip light"", ""luminaria lineal""]",true
4bd0a07a-376c-5a1e-a332-1c02c13b1a52,Lighting,Commercial Interior,4 FT LED Wraparound Fixture - 3500K - 120-277V,4FT LED WRAPAROUND 3500K,4 FT,,,120-277V,,,Indoor,EA,"[""4 ft led wraparound fixture - 3500k - 120-277v"", ""4ft led wraparound 3500k"", ""lighting"", ""commercial interior"", ""strip light"", ""luminaria lineal""]",true
58e6bc78-5b66-5a0c-94e7-556f9584b21c,Lighting,Commercial Interior,4 FT LED Wraparound Fixture - 4000K - 120-277V,4FT LED WRAPAROUND 4000K,4 FT,,,120-277V,,,Indoor,EA,"[""4 ft led wraparound fixture - 4000k - 120-277v"", ""4ft led wraparound 4000k"", ""lighting"", ""commercial interior"", ""strip light"", ""luminaria lineal""]",true
f158223f-ae34-5224-9665-069bdc240f18,Lighting,Commercial Interior,4 FT LED Wraparound Fixture - 5000K - 120-277V,4FT LED WRAPAROUND 5000K,4 FT,,,120-277V,,,Indoor,EA,"[""4 ft led wraparound fixture - 5000k - 120-277v"", ""4ft led wraparound 5000k"", ""lighting"", ""commercial interior"", ""strip light"", ""luminaria lineal""]",true
61d9b782-1827-5a78-8a56-90980aafdfbd,Lighting,Commercial Interior,8 FT LED Strip Fixture - 3500K - 120-277V,8FT LED STRIP 3500K,8 FT,,,120-277V,,,Indoor,EA,"[""8 ft led strip fixture - 3500k - 120-277v"", ""8ft led strip 3500k"", ""lighting"", ""commercial interior"", ""strip light"", ""luminaria lineal""]",true
34e533c1-1857-51d0-b36f-ae39c39d27cd,Lighting,Commercial Interior,8 FT LED Strip Fixture - 4000K - 120-277V,8FT LED STRIP 4000K,8 FT,,,120-277V,,,Indoor,EA,"[""8 ft led strip fixture - 4000k - 120-277v"", ""8ft led strip 4000k"", ""lighting"", ""commercial interior"", ""strip light"", ""luminaria lineal""]",true
2ab03121-e9fb-596c-9fcb-873482aa2c95,Lighting,Commercial Interior,8 FT LED Strip Fixture - 5000K - 120-277V,8FT LED STRIP 5000K,8 FT,,,120-277V,,,Indoor,EA,"[""8 ft led strip fixture - 5000k - 120-277v"", ""8ft led strip 5000k"", ""lighting"", ""commercial interior"", ""strip light"", ""luminaria lineal""]",true
df6bdfbf-b7c8-5335-b991-13f76a52d482,Lighting,Commercial Interior,8 FT LED Wraparound Fixture - 3500K - 120-277V,8FT LED WRAPAROUND 3500K,8 FT,,,120-277V,,,Indoor,EA,"[""8 ft led wraparound fixture - 3500k - 120-277v"", ""8ft led wraparound 3500k"", ""lighting"", ""commercial interior"", ""strip light"", ""luminaria lineal""]",true
74bbe37b-b680-51bb-b279-61a5f2f31990,Lighting,Commercial Interior,8 FT LED Wraparound Fixture - 4000K - 120-277V,8FT LED WRAPAROUND 4000K,8 FT,,,120-277V,,,Indoor,EA,"[""8 ft led wraparound fixture - 4000k - 120-277v"", ""8ft led wraparound 4000k"", ""lighting"", ""commercial interior"", ""strip light"", ""luminaria lineal""]",true
3768eb50-cd43-5793-b6c7-feb674c476c3,Lighting,Commercial Interior,8 FT LED Wraparound Fixture - 5000K - 120-277V,8FT LED WRAPAROUND 5000K,8 FT,,,120-277V,,,Indoor,EA,"[""8 ft led wraparound fixture - 5000k - 120-277v"", ""8ft led wraparound 5000k"", ""lighting"", ""commercial interior"", ""strip light"", ""luminaria lineal""]",true
8d9983ca-2a0f-5ba1-96e3-8fb0b86c55e9,Lighting,Life Safety,LED Emergency Light - Two Heads - Battery Backup,LED EM 2HEAD BBU,,,,120/277V,,,Indoor,EA,"[""led emergency light - two heads - battery backup"", ""led em 2head bbu"", ""lighting"", ""life safety"", ""emergency light"", ""luz emergencia""]",true
fbcecfbb-63fd-5358-9be8-5bb06dbbc688,Lighting,Life Safety,LED Exit / Emergency Combo Green Letters Double Face - Battery Backup,EXIT EM COMBO GREEN DOUBLE FACE,,Green,,120/277V,,,Indoor,EA,"[""led exit / emergency combo green letters double face - battery backup"", ""exit em combo green double face"", ""lighting"", ""life safety"", ""exit combo"", ""emergency combo""]",true
22552233-5b03-5cfc-a50f-d34455e93d25,Lighting,Life Safety,LED Exit / Emergency Combo Green Letters Single Face - Battery Backup,EXIT EM COMBO GREEN SINGLE FACE,,Green,,120/277V,,,Indoor,EA,"[""led exit / emergency combo green letters single face - battery backup"", ""exit em combo green single face"", ""lighting"", ""life safety"", ""exit combo"", ""emergency combo""]",true
13bce1a8-be18-50d4-8f6e-8567134e4bc3,Lighting,Life Safety,LED Exit / Emergency Combo Red Letters Double Face - Battery Backup,EXIT EM COMBO RED DOUBLE FACE,,Red,,120/277V,,,Indoor,EA,"[""led exit / emergency combo red letters double face - battery backup"", ""exit em combo red double face"", ""lighting"", ""life safety"", ""exit combo"", ""emergency combo""]",true
8a3c32cd-c80a-5544-bf05-bfd90597d632,Lighting,Life Safety,LED Exit / Emergency Combo Red Letters Single Face - Battery Backup,EXIT EM COMBO RED SINGLE FACE,,Red,,120/277V,,,Indoor,EA,"[""led exit / emergency combo red letters single face - battery backup"", ""exit em combo red single face"", ""lighting"", ""life safety"", ""exit combo"", ""emergency combo""]",true
0fde92be-2b0b-51ac-a459-a12a7ebca7a7,Lighting,Life Safety,LED Exit Sign Green Letters Double Face - Battery Backup,EXIT LED GREEN DOUBLE FACE BBU,,Green,,120/277V,,,Indoor,EA,"[""led exit sign green letters double face - battery backup"", ""exit led green double face bbu"", ""lighting"", ""life safety"", ""exit light"", ""salida""]",true
89928b07-5447-565a-8961-bee9deb5b679,Lighting,Life Safety,LED Exit Sign Green Letters Single Face - Battery Backup,EXIT LED GREEN SINGLE FACE BBU,,Green,,120/277V,,,Indoor,EA,"[""led exit sign green letters single face - battery backup"", ""exit led green single face bbu"", ""lighting"", ""life safety"", ""exit light"", ""salida""]",true
02982b05-b0d7-588e-b8f6-4d14a148770f,Lighting,Life Safety,LED Exit Sign Red Letters Double Face - Battery Backup,EXIT LED RED DOUBLE FACE BBU,,Red,,120/277V,,,Indoor,EA,"[""led exit sign red letters double face - battery backup"", ""exit led red double face bbu"", ""lighting"", ""life safety"", ""exit light"", ""salida""]",true
1ebed5e8-35f0-59ac-9388-e1a5842ba052,Lighting,Life Safety,LED Exit Sign Red Letters Single Face - Battery Backup,EXIT LED RED SINGLE FACE BBU,,Red,,120/277V,,,Indoor,EA,"[""led exit sign red letters single face - battery backup"", ""exit led red single face bbu"", ""lighting"", ""life safety"", ""exit light"", ""salida""]",true
ba556cb3-fe92-5cac-9d4c-4103f2f15d85,Lighting,Residential Interior,"4"" LED Recessed Retrofit Trim - 2700K - White",4IN LED RECESSED RETROFIT TRIM 2700K WHT,"4""",White,,120V,,,Indoor,EA,"[""4\"" led recessed retrofit trim - 2700k - white"", ""4in led recessed retrofit trim 2700k wht"", ""lighting"", ""residential interior"", ""can light"", ""recessed light"", ""luz empotrada""]",true
6f86df36-6d16-5536-acb9-dfbd30fe19e1,Lighting,Residential Interior,"4"" LED Recessed Retrofit Trim - 3000K - White",4IN LED RECESSED RETROFIT TRIM 3000K WHT,"4""",White,,120V,,,Indoor,EA,"[""4\"" led recessed retrofit trim - 3000k - white"", ""4in led recessed retrofit trim 3000k wht"", ""lighting"", ""residential interior"", ""can light"", ""recessed light"", ""luz empotrada""]",true
6c056659-85d0-552d-841a-c821dae7fd26,Lighting,Residential Interior,"4"" LED Recessed Retrofit Trim - 4000K - White",4IN LED RECESSED RETROFIT TRIM 4000K WHT,"4""",White,,120V,,,Indoor,EA,"[""4\"" led recessed retrofit trim - 4000k - white"", ""4in led recessed retrofit trim 4000k wht"", ""lighting"", ""residential interior"", ""can light"", ""recessed light"", ""luz empotrada""]",true
908a465a-5772-5b07-b98d-9fd9833445b6,Lighting,Residential Interior,"4"" LED Recessed Retrofit Trim - 5000K - White",4IN LED RECESSED RETROFIT TRIM 5000K WHT,"4""",White,,120V,,,Indoor,EA,"[""4\"" led recessed retrofit trim - 5000k - white"", ""4in led recessed retrofit trim 5000k wht"", ""lighting"", ""residential interior"", ""can light"", ""recessed light"", ""luz empotrada""]",true
1ece0de8-322d-5b6a-8a92-0dc5ba5a4e8a,Lighting,Residential Interior,"4"" LED Wafer Downlight - 2700K - White",4IN LED WAFER DOWNLIGHT 2700K WHT,"4""",White,,120V,,,Indoor,EA,"[""4\"" led wafer downlight - 2700k - white"", ""4in led wafer downlight 2700k wht"", ""lighting"", ""residential interior"", ""can light"", ""recessed light"", ""luz empotrada""]",true
92b221f2-06b9-5dde-9093-e593cde4a106,Lighting,Residential Interior,"4"" LED Wafer Downlight - 3000K - White",4IN LED WAFER DOWNLIGHT 3000K WHT,"4""",White,,120V,,,Indoor,EA,"[""4\"" led wafer downlight - 3000k - white"", ""4in led wafer downlight 3000k wht"", ""lighting"", ""residential interior"", ""can light"", ""recessed light"", ""luz empotrada""]",true
e530ed0d-424b-52f9-9eb6-b9c8df059cfc,Lighting,Residential Interior,"4"" LED Wafer Downlight - 4000K - White",4IN LED WAFER DOWNLIGHT 4000K WHT,"4""",White,,120V,,,Indoor,EA,"[""4\"" led wafer downlight - 4000k - white"", ""4in led wafer downlight 4000k wht"", ""lighting"", ""residential interior"", ""can light"", ""recessed light"", ""luz empotrada""]",true
eade5b46-c170-56ca-aae2-41f2ec51d91c,Lighting,Residential Interior,"4"" LED Wafer Downlight - 5000K - White",4IN LED WAFER DOWNLIGHT 5000K WHT,"4""",White,,120V,,,Indoor,EA,"[""4\"" led wafer downlight - 5000k - white"", ""4in led wafer downlight 5000k wht"", ""lighting"", ""residential interior"", ""can light"", ""recessed light"", ""luz empotrada""]",true
283b7497-9696-5e3f-9788-c520e4aebd1e,Lighting,Residential Interior,"6"" LED Recessed Retrofit Trim - 2700K - White",6IN LED RECESSED RETROFIT TRIM 2700K WHT,"6""",White,,120V,,,Indoor,EA,"[""6\"" led recessed retrofit trim - 2700k - white"", ""6in led recessed retrofit trim 2700k wht"", ""lighting"", ""residential interior"", ""can light"", ""recessed light"", ""luz empotrada""]",true
5ed556f4-5f82-58de-a8cd-c8e1232a1fd1,Lighting,Residential Interior,"6"" LED Recessed Retrofit Trim - 3000K - White",6IN LED RECESSED RETROFIT TRIM 3000K WHT,"6""",White,,120V,,,Indoor,EA,"[""6\"" led recessed retrofit trim - 3000k - white"", ""6in led recessed retrofit trim 3000k wht"", ""lighting"", ""residential interior"", ""can light"", ""recessed light"", ""luz empotrada""]",true
6a177ab2-0aa2-5831-b214-504534b81e12,Lighting,Residential Interior,"6"" LED Recessed Retrofit Trim - 4000K - White",6IN LED RECESSED RETROFIT TRIM 4000K WHT,"6""",White,,120V,,,Indoor,EA,"[""6\"" led recessed retrofit trim - 4000k - white"", ""6in led recessed retrofit trim 4000k wht"", ""lighting"", ""residential interior"", ""can light"", ""recessed light"", ""luz empotrada""]",true
5f1c75ae-13d2-54c2-bf45-d91dc5fa6718,Lighting,Residential Interior,"6"" LED Recessed Retrofit Trim - 5000K - White",6IN LED RECESSED RETROFIT TRIM 5000K WHT,"6""",White,,120V,,,Indoor,EA,"[""6\"" led recessed retrofit trim - 5000k - white"", ""6in led recessed retrofit trim 5000k wht"", ""lighting"", ""residential interior"", ""can light"", ""recessed light"", ""luz empotrada""]",true
50f871a3-64fe-51b3-9b4c-aef84da35964,Lighting,Residential Interior,"6"" LED Wafer Downlight - 2700K - White",6IN LED WAFER DOWNLIGHT 2700K WHT,"6""",White,,120V,,,Indoor,EA,"[""6\"" led wafer downlight - 2700k - white"", ""6in led wafer downlight 2700k wht"", ""lighting"", ""residential interior"", ""can light"", ""recessed light"", ""luz empotrada""]",true
8118043f-047b-5177-813e-138154d32fb1,Lighting,Residential Interior,"6"" LED Wafer Downlight - 3000K - White",6IN LED WAFER DOWNLIGHT 3000K WHT,"6""",White,,120V,,,Indoor,EA,"[""6\"" led wafer downlight - 3000k - white"", ""6in led wafer downlight 3000k wht"", ""lighting"", ""residential interior"", ""can light"", ""recessed light"", ""luz empotrada""]",true
694caf3e-54a5-5769-a965-810a55e35973,Lighting,Residential Interior,"6"" LED Wafer Downlight - 4000K - White",6IN LED WAFER DOWNLIGHT 4000K WHT,"6""",White,,120V,,,Indoor,EA,"[""6\"" led wafer downlight - 4000k - white"", ""6in led wafer downlight 4000k wht"", ""lighting"", ""residential interior"", ""can light"", ""recessed light"", ""luz empotrada""]",true
0d67eea5-ffa0-55a5-b5d8-fd279dd63106,Lighting,Residential Interior,"6"" LED Wafer Downlight - 5000K - White",6IN LED WAFER DOWNLIGHT 5000K WHT,"6""",White,,120V,,,Indoor,EA,"[""6\"" led wafer downlight - 5000k - white"", ""6in led wafer downlight 5000k wht"", ""lighting"", ""residential interior"", ""can light"", ""recessed light"", ""luz empotrada""]",true
3fec6945-64a2-5e1a-8006-b3d375f0ffad,Low Voltage,Data Cable,Cat5e UTP CMP Plenum Cable - Blue - 1000 FT Box,CAT5E CMP PLENUM BLUE 1000FT,1000 FT,Blue,,,,,,BX,"[""cat5e utp cmp plenum cable - blue - 1000 ft box"", ""cat5e cmp plenum blue 1000ft"", ""low voltage"", ""data cable"", ""ethernet cable"", ""cable datos""]",true
dbcdcd03-27d7-58e8-9915-439d01a594d2,Low Voltage,Data Cable,Cat5e UTP CMP Plenum Cable - Gray - 1000 FT Box,CAT5E CMP PLENUM GRAY 1000FT,1000 FT,Gray,,,,,,BX,"[""cat5e utp cmp plenum cable - gray - 1000 ft box"", ""cat5e cmp plenum gray 1000ft"", ""low voltage"", ""data cable"", ""ethernet cable"", ""cable datos""]",true
dacd2a98-8efc-52a9-9469-ae834351369c,Low Voltage,Data Cable,Cat5e UTP CMP Plenum Cable - White - 1000 FT Box,CAT5E CMP PLENUM WHITE 1000FT,1000 FT,White,,,,,,BX,"[""cat5e utp cmp plenum cable - white - 1000 ft box"", ""cat5e cmp plenum white 1000ft"", ""low voltage"", ""data cable"", ""ethernet cable"", ""cable datos""]",true
adc4a7af-82a4-5634-ac5f-0d81cf7ecbb1,Low Voltage,Data Cable,Cat5e UTP CMR Riser Cable - Blue - 1000 FT Box,CAT5E CMR RISER BLUE 1000FT,1000 FT,Blue,,,,,,BX,"[""cat5e utp cmr riser cable - blue - 1000 ft box"", ""cat5e cmr riser blue 1000ft"", ""low voltage"", ""data cable"", ""ethernet cable"", ""cable datos""]",true
12a15222-b4f5-5021-ab35-9725b337724b,Low Voltage,Data Cable,Cat5e UTP CMR Riser Cable - Gray - 1000 FT Box,CAT5E CMR RISER GRAY 1000FT,1000 FT,Gray,,,,,,BX,"[""cat5e utp cmr riser cable - gray - 1000 ft box"", ""cat5e cmr riser gray 1000ft"", ""low voltage"", ""data cable"", ""ethernet cable"", ""cable datos""]",true
b3956dbf-3f88-51c7-8273-4c37cf03fa4f,Low Voltage,Data Cable,Cat5e UTP CMR Riser Cable - White - 1000 FT Box,CAT5E CMR RISER WHITE 1000FT,1000 FT,White,,,,,,BX,"[""cat5e utp cmr riser cable - white - 1000 ft box"", ""cat5e cmr riser white 1000ft"", ""low voltage"", ""data cable"", ""ethernet cable"", ""cable datos""]",true
3c28f02f-3e3f-5150-b364-c178ff370d12,Low Voltage,Data Cable,Cat6 UTP CMP Plenum Cable - Blue - 1000 FT Box,CAT6 CMP PLENUM BLUE 1000FT,1000 FT,Blue,,,,,,BX,"[""cat6 utp cmp plenum cable - blue - 1000 ft box"", ""cat6 cmp plenum blue 1000ft"", ""low voltage"", ""data cable"", ""ethernet cable"", ""cable datos""]",true
f36440b7-4812-578a-8fce-246805520a7b,Low Voltage,Data Cable,Cat6 UTP CMP Plenum Cable - Gray - 1000 FT Box,CAT6 CMP PLENUM GRAY 1000FT,1000 FT,Gray,,,,,,BX,"[""cat6 utp cmp plenum cable - gray - 1000 ft box"", ""cat6 cmp plenum gray 1000ft"", ""low voltage"", ""data cable"", ""ethernet cable"", ""cable datos""]",true
8fe8e26e-6a7b-58a4-9848-a9e75f4d95fe,Low Voltage,Data Cable,Cat6 UTP CMP Plenum Cable - White - 1000 FT Box,CAT6 CMP PLENUM WHITE 1000FT,1000 FT,White,,,,,,BX,"[""cat6 utp cmp plenum cable - white - 1000 ft box"", ""cat6 cmp plenum white 1000ft"", ""low voltage"", ""data cable"", ""ethernet cable"", ""cable datos""]",true
4d389e78-f72b-5c7b-b3f6-d012b52de1be,Low Voltage,Data Cable,Cat6 UTP CMR Riser Cable - Blue - 1000 FT Box,CAT6 CMR RISER BLUE 1000FT,1000 FT,Blue,,,,,,BX,"[""cat6 utp cmr riser cable - blue - 1000 ft box"", ""cat6 cmr riser blue 1000ft"", ""low voltage"", ""data cable"", ""ethernet cable"", ""cable datos""]",true
5fc06275-7390-5810-92f2-54b1eab2b116,Low Voltage,Data Cable,Cat6 UTP CMR Riser Cable - Gray - 1000 FT Box,CAT6 CMR RISER GRAY 1000FT,1000 FT,Gray,,,,,,BX,"[""cat6 utp cmr riser cable - gray - 1000 ft box"", ""cat6 cmr riser gray 1000ft"", ""low voltage"", ""data cable"", ""ethernet cable"", ""cable datos""]",true
70755bf9-d20c-56e3-a0f9-a5c45e2f33c9,Low Voltage,Data Cable,Cat6 UTP CMR Riser Cable - White - 1000 FT Box,CAT6 CMR RISER WHITE 1000FT,1000 FT,White,,,,,,BX,"[""cat6 utp cmr riser cable - white - 1000 ft box"", ""cat6 cmr riser white 1000ft"", ""low voltage"", ""data cable"", ""ethernet cable"", ""cable datos""]",true
f5627f1a-e30e-5508-a02a-e218cb4dd909,Low Voltage,Data Devices,1-Gang 1-Port Keystone Wall Plate - Ivory,1G 1PORT KEYSTONE PLATE IVORY,1G,Ivory,,,,,,EA,"[""1-gang 1-port keystone wall plate - ivory"", ""1g 1port keystone plate ivory"", ""low voltage"", ""data devices"", ""data plate"", ""placa datos""]",true
ee1f4371-d45e-5006-9fee-fb12bd2ab8e9,Low Voltage,Data Devices,1-Gang 1-Port Keystone Wall Plate - Light Almond,1G 1PORT KEYSTONE PLATE LIGHT ALMOND,1G,Light Almond,,,,,,EA,"[""1-gang 1-port keystone wall plate - light almond"", ""1g 1port keystone plate light almond"", ""low voltage"", ""data devices"", ""data plate"", ""placa datos""]",true
1397ec56-2970-5c71-abda-1729ad88d3b8,Low Voltage,Data Devices,1-Gang 1-Port Keystone Wall Plate - White,1G 1PORT KEYSTONE PLATE WHITE,1G,White,,,,,,EA,"[""1-gang 1-port keystone wall plate - white"", ""1g 1port keystone plate white"", ""low voltage"", ""data devices"", ""data plate"", ""placa datos""]",true
e464f80b-e355-5c67-be34-2980eaf7fdcf,Low Voltage,Data Devices,1-Gang 2-Port Keystone Wall Plate - Ivory,1G 2PORT KEYSTONE PLATE IVORY,1G,Ivory,,,,,,EA,"[""1-gang 2-port keystone wall plate - ivory"", ""1g 2port keystone plate ivory"", ""low voltage"", ""data devices"", ""data plate"", ""placa datos""]",true
c704b953-7371-5048-bfc0-37723240d507,Low Voltage,Data Devices,1-Gang 2-Port Keystone Wall Plate - Light Almond,1G 2PORT KEYSTONE PLATE LIGHT ALMOND,1G,Light Almond,,,,,,EA,"[""1-gang 2-port keystone wall plate - light almond"", ""1g 2port keystone plate light almond"", ""low voltage"", ""data devices"", ""data plate"", ""placa datos""]",true
4c7d08e6-06d8-5a5e-a454-e1bb5ad44034,Low Voltage,Data Devices,1-Gang 2-Port Keystone Wall Plate - White,1G 2PORT KEYSTONE PLATE WHITE,1G,White,,,,,,EA,"[""1-gang 2-port keystone wall plate - white"", ""1g 2port keystone plate white"", ""low voltage"", ""data devices"", ""data plate"", ""placa datos""]",true
b6a9e4f4-6ef8-503b-a0af-c53e823b30ae,Low Voltage,Data Devices,1-Gang 3-Port Keystone Wall Plate - Ivory,1G 3PORT KEYSTONE PLATE IVORY,1G,Ivory,,,,,,EA,"[""1-gang 3-port keystone wall plate - ivory"", ""1g 3port keystone plate ivory"", ""low voltage"", ""data devices"", ""data plate"", ""placa datos""]",true
e45f4982-13a8-57b4-a4c1-4388faab4b31,Low Voltage,Data Devices,1-Gang 3-Port Keystone Wall Plate - Light Almond,1G 3PORT KEYSTONE PLATE LIGHT ALMOND,1G,Light Almond,,,,,,EA,"[""1-gang 3-port keystone wall plate - light almond"", ""1g 3port keystone plate light almond"", ""low voltage"", ""data devices"", ""data plate"", ""placa datos""]",true
09757227-6546-5f71-ae71-d72a1a377831,Low Voltage,Data Devices,1-Gang 3-Port Keystone Wall Plate - White,1G 3PORT KEYSTONE PLATE WHITE,1G,White,,,,,,EA,"[""1-gang 3-port keystone wall plate - white"", ""1g 3port keystone plate white"", ""low voltage"", ""data devices"", ""data plate"", ""placa datos""]",true
e6ea3974-3907-50cd-b5fa-c9d4c4443723,Low Voltage,Data Devices,1-Gang 4-Port Keystone Wall Plate - Ivory,1G 4PORT KEYSTONE PLATE IVORY,1G,Ivory,,,,,,EA,"[""1-gang 4-port keystone wall plate - ivory"", ""1g 4port keystone plate ivory"", ""low voltage"", ""data devices"", ""data plate"", ""placa datos""]",true
88004f8a-e7d0-51a5-8275-77291049bb9e,Low Voltage,Data Devices,1-Gang 4-Port Keystone Wall Plate - Light Almond,1G 4PORT KEYSTONE PLATE LIGHT ALMOND,1G,Light Almond,,,,,,EA,"[""1-gang 4-port keystone wall plate - light almond"", ""1g 4port keystone plate light almond"", ""low voltage"", ""data devices"", ""data plate"", ""placa datos""]",true
721a8170-1b35-57bc-9ff1-b6aeb4b0dd75,Low Voltage,Data Devices,1-Gang 4-Port Keystone Wall Plate - White,1G 4PORT KEYSTONE PLATE WHITE,1G,White,,,,,,EA,"[""1-gang 4-port keystone wall plate - white"", ""1g 4port keystone plate white"", ""low voltage"", ""data devices"", ""data plate"", ""placa datos""]",true
75eb32b0-7a50-5c94-b44d-112773cb50e0,Low Voltage,Data Devices,1-Gang 6-Port Keystone Wall Plate - Ivory,1G 6PORT KEYSTONE PLATE IVORY,1G,Ivory,,,,,,EA,"[""1-gang 6-port keystone wall plate - ivory"", ""1g 6port keystone plate ivory"", ""low voltage"", ""data devices"", ""data plate"", ""placa datos""]",true
8cb538b0-2fda-575b-9318-67b4fae84666,Low Voltage,Data Devices,1-Gang 6-Port Keystone Wall Plate - Light Almond,1G 6PORT KEYSTONE PLATE LIGHT ALMOND,1G,Light Almond,,,,,,EA,"[""1-gang 6-port keystone wall plate - light almond"", ""1g 6port keystone plate light almond"", ""low voltage"", ""data devices"", ""data plate"", ""placa datos""]",true
31229a5b-8746-5228-88b4-d3b6526f367e,Low Voltage,Data Devices,1-Gang 6-Port Keystone Wall Plate - White,1G 6PORT KEYSTONE PLATE WHITE,1G,White,,,,,,EA,"[""1-gang 6-port keystone wall plate - white"", ""1g 6port keystone plate white"", ""low voltage"", ""data devices"", ""data plate"", ""placa datos""]",true
eaa49f65-2eae-5178-acd0-9d7c21766e61,Low Voltage,Data Devices,Cat5e RJ45 Keystone Jack - Black,CAT5E RJ45 JACK BLACK,,Black,,,,,,EA,"[""cat5e rj45 keystone jack - black"", ""cat5e rj45 jack black"", ""low voltage"", ""data devices"", ""data jack"", ""conector datos""]",true
ccd2c73c-7258-580e-b469-a5ff898016a7,Low Voltage,Data Devices,Cat5e RJ45 Keystone Jack - Blue,CAT5E RJ45 JACK BLUE,,Blue,,,,,,EA,"[""cat5e rj45 keystone jack - blue"", ""cat5e rj45 jack blue"", ""low voltage"", ""data devices"", ""data jack"", ""conector datos""]",true
4e8ddcc4-4364-560a-b47a-6d3682691941,Low Voltage,Data Devices,Cat5e RJ45 Keystone Jack - White,CAT5E RJ45 JACK WHITE,,White,,,,,,EA,"[""cat5e rj45 keystone jack - white"", ""cat5e rj45 jack white"", ""low voltage"", ""data devices"", ""data jack"", ""conector datos""]",true
62cf6abf-4756-5013-bba2-01aaa455cf36,Low Voltage,Data Devices,Cat6 RJ45 Keystone Jack - Black,CAT6 RJ45 JACK BLACK,,Black,,,,,,EA,"[""cat6 rj45 keystone jack - black"", ""cat6 rj45 jack black"", ""low voltage"", ""data devices"", ""data jack"", ""conector datos""]",true
85c91f1e-6f43-59f4-a9f1-8a7ef9ffad3f,Low Voltage,Data Devices,Cat6 RJ45 Keystone Jack - Blue,CAT6 RJ45 JACK BLUE,,Blue,,,,,,EA,"[""cat6 rj45 keystone jack - blue"", ""cat6 rj45 jack blue"", ""low voltage"", ""data devices"", ""data jack"", ""conector datos""]",true
3e0aa3ab-c3f9-586c-894f-896e8ea29de3,Low Voltage,Data Devices,Cat6 RJ45 Keystone Jack - White,CAT6 RJ45 JACK WHITE,,White,,,,,,EA,"[""cat6 rj45 keystone jack - white"", ""cat6 rj45 jack white"", ""low voltage"", ""data devices"", ""data jack"", ""conector datos""]",true
40bd4545-8a72-5d3a-b22e-9326730ffc12,Low Voltage,Fire Alarm Cable,14/2 FPLP Fire Alarm Cable - Red - 1000 FT Reel,14/2 FPLP RED 1000FT,14/2,Red,,,,,,RL,"[""14/2 fplp fire alarm cable - red - 1000 ft reel"", ""14/2 fplp red 1000ft"", ""low voltage"", ""fire alarm cable"", ""cable alarma""]",true
f2ea1799-eb9f-534c-94fd-116d06e6b280,Low Voltage,Fire Alarm Cable,14/2 FPLR Fire Alarm Cable - Red - 1000 FT Reel,14/2 FPLR RED 1000FT,14/2,Red,,,,,,RL,"[""14/2 fplr fire alarm cable - red - 1000 ft reel"", ""14/2 fplr red 1000ft"", ""low voltage"", ""fire alarm cable"", ""cable alarma""]",true
1c5f72ee-ae1d-56eb-966d-9c68fc6d15a2,Low Voltage,Fire Alarm Cable,14/4 FPLP Fire Alarm Cable - Red - 1000 FT Reel,14/4 FPLP RED 1000FT,14/4,Red,,,,,,RL,"[""14/4 fplp fire alarm cable - red - 1000 ft reel"", ""14/4 fplp red 1000ft"", ""low voltage"", ""fire alarm cable"", ""cable alarma""]",true
2979076b-6a80-5982-87b0-b095935f1e26,Low Voltage,Fire Alarm Cable,14/4 FPLR Fire Alarm Cable - Red - 1000 FT Reel,14/4 FPLR RED 1000FT,14/4,Red,,,,,,RL,"[""14/4 fplr fire alarm cable - red - 1000 ft reel"", ""14/4 fplr red 1000ft"", ""low voltage"", ""fire alarm cable"", ""cable alarma""]",true
5cc58b96-88ae-5b90-9a31-1a6420ae96d7,Low Voltage,Fire Alarm Cable,16/2 FPLP Fire Alarm Cable - Red - 1000 FT Reel,16/2 FPLP RED 1000FT,16/2,Red,,,,,,RL,"[""16/2 fplp fire alarm cable - red - 1000 ft reel"", ""16/2 fplp red 1000ft"", ""low voltage"", ""fire alarm cable"", ""cable alarma""]",true
e5850816-f662-5078-93c5-5af5c0e8129b,Low Voltage,Fire Alarm Cable,16/2 FPLR Fire Alarm Cable - Red - 1000 FT Reel,16/2 FPLR RED 1000FT,16/2,Red,,,,,,RL,"[""16/2 fplr fire alarm cable - red - 1000 ft reel"", ""16/2 fplr red 1000ft"", ""low voltage"", ""fire alarm cable"", ""cable alarma""]",true
2aabd967-8ea4-5b48-88c6-bc3191677860,Low Voltage,Fire Alarm Cable,16/4 FPLP Fire Alarm Cable - Red - 1000 FT Reel,16/4 FPLP RED 1000FT,16/4,Red,,,,,,RL,"[""16/4 fplp fire alarm cable - red - 1000 ft reel"", ""16/4 fplp red 1000ft"", ""low voltage"", ""fire alarm cable"", ""cable alarma""]",true
1c16588b-e51a-51e5-96d5-e76f11bf8cbb,Low Voltage,Fire Alarm Cable,16/4 FPLR Fire Alarm Cable - Red - 1000 FT Reel,16/4 FPLR RED 1000FT,16/4,Red,,,,,,RL,"[""16/4 fplr fire alarm cable - red - 1000 ft reel"", ""16/4 fplr red 1000ft"", ""low voltage"", ""fire alarm cable"", ""cable alarma""]",true
407ec947-9e9a-5206-8726-0e4a57887e7c,Low Voltage,Fire Alarm Cable,18/2 FPLP Fire Alarm Cable - Red - 1000 FT Reel,18/2 FPLP RED 1000FT,18/2,Red,,,,,,RL,"[""18/2 fplp fire alarm cable - red - 1000 ft reel"", ""18/2 fplp red 1000ft"", ""low voltage"", ""fire alarm cable"", ""cable alarma""]",true
d5fe70d6-9a3c-5351-aba8-48afa86d3aa9,Low Voltage,Fire Alarm Cable,18/2 FPLR Fire Alarm Cable - Red - 1000 FT Reel,18/2 FPLR RED 1000FT,18/2,Red,,,,,,RL,"[""18/2 fplr fire alarm cable - red - 1000 ft reel"", ""18/2 fplr red 1000ft"", ""low voltage"", ""fire alarm cable"", ""cable alarma""]",true
d8a2cc0d-48d4-5172-bd52-0e8cf4ef89bf,Low Voltage,Fire Alarm Cable,18/4 FPLP Fire Alarm Cable - Red - 1000 FT Reel,18/4 FPLP RED 1000FT,18/4,Red,,,,,,RL,"[""18/4 fplp fire alarm cable - red - 1000 ft reel"", ""18/4 fplp red 1000ft"", ""low voltage"", ""fire alarm cable"", ""cable alarma""]",true
498c5055-db06-50ff-8c50-cec7a8aa2e35,Low Voltage,Fire Alarm Cable,18/4 FPLR Fire Alarm Cable - Red - 1000 FT Reel,18/4 FPLR RED 1000FT,18/4,Red,,,,,,RL,"[""18/4 fplr fire alarm cable - red - 1000 ft reel"", ""18/4 fplr red 1000ft"", ""low voltage"", ""fire alarm cable"", ""cable alarma""]",true
c1b7323e-40b3-5968-9356-53057a9ff953,Supports,Conduit Straps,"1"" EMT 1-Hole Strap",1 EMT 1-HOLE STRAP,"1""",,,,,,,EA,"[""1\"" emt 1-hole strap"", ""1 emt 1-hole strap"", ""supports"", ""conduit straps"", ""abrazadera"", ""strap"", ""1-hole strap""]",true
e39b818a-3556-52f0-95eb-4e8118d69eab,Supports,Conduit Straps,"1"" EMT 2-Hole Strap",1 EMT 2-HOLE STRAP,"1""",,,,,,,EA,"[""1\"" emt 2-hole strap"", ""1 emt 2-hole strap"", ""supports"", ""conduit straps"", ""abrazadera"", ""strap"", ""2-hole strap""]",true
c8c38ad2-9aaa-54e4-bcf8-93d1f93e31e5,Supports,Conduit Straps,"1"" EMT Conduit Hanger",1 EMT CONDUIT HANGER,"1""",,,,,,,EA,"[""1\"" emt conduit hanger"", ""1 emt conduit hanger"", ""supports"", ""conduit straps"", ""abrazadera"", ""strap"", ""mineralac""]",true
16a0e778-8344-5537-a805-aec5039c9ed5,Supports,Conduit Straps,"1"" Rigid 1-Hole Strap",1 RIGID 1-HOLE STRAP,"1""",,,,,,,EA,"[""1\"" rigid 1-hole strap"", ""1 rigid 1-hole strap"", ""supports"", ""conduit straps"", ""abrazadera"", ""strap"", ""1-hole strap""]",true
81d442ee-9633-550c-abcf-d6eae6aa1514,Supports,Conduit Straps,"1"" Rigid 2-Hole Strap",1 RIGID 2-HOLE STRAP,"1""",,,,,,,EA,"[""1\"" rigid 2-hole strap"", ""1 rigid 2-hole strap"", ""supports"", ""conduit straps"", ""abrazadera"", ""strap"", ""2-hole strap""]",true
3a74638b-2ce6-5ea0-b5c5-ffe950235a5d,Supports,Conduit Straps,"1"" Rigid Conduit Hanger",1 RIGID CONDUIT HANGER,"1""",,,,,,,EA,"[""1\"" rigid conduit hanger"", ""1 rigid conduit hanger"", ""supports"", ""conduit straps"", ""abrazadera"", ""strap"", ""mineralac""]",true
0d8fff9a-57d2-5b80-b471-8cffbc8da15c,Supports,Conduit Straps,"1-1/2"" EMT 1-Hole Strap",1-1/2 EMT 1-HOLE STRAP,"1-1/2""",,,,,,,EA,"[""1-1/2\"" emt 1-hole strap"", ""1-1/2 emt 1-hole strap"", ""supports"", ""conduit straps"", ""abrazadera"", ""strap"", ""1-hole strap""]",true
f02db155-28a9-51ac-8e3c-3e8999d9b8ec,Supports,Conduit Straps,"1-1/2"" EMT 2-Hole Strap",1-1/2 EMT 2-HOLE STRAP,"1-1/2""",,,,,,,EA,"[""1-1/2\"" emt 2-hole strap"", ""1-1/2 emt 2-hole strap"", ""supports"", ""conduit straps"", ""abrazadera"", ""strap"", ""2-hole strap""]",true
aebf5d1e-95d5-5c31-8cca-223ea9fdeffa,Supports,Conduit Straps,"1-1/2"" EMT Conduit Hanger",1-1/2 EMT CONDUIT HANGER,"1-1/2""",,,,,,,EA,"[""1-1/2\"" emt conduit hanger"", ""1-1/2 emt conduit hanger"", ""supports"", ""conduit straps"", ""abrazadera"", ""strap"", ""mineralac""]",true
a43cec8b-12c8-5991-9ba0-7b74744408c4,Supports,Conduit Straps,"1-1/2"" Rigid 1-Hole Strap",1-1/2 RIGID 1-HOLE STRAP,"1-1/2""",,,,,,,EA,"[""1-1/2\"" rigid 1-hole strap"", ""1-1/2 rigid 1-hole strap"", ""supports"", ""conduit straps"", ""abrazadera"", ""strap"", ""1-hole strap""]",true
52c309cb-a417-5874-af1b-aa7cdc5061cd,Supports,Conduit Straps,"1-1/2"" Rigid 2-Hole Strap",1-1/2 RIGID 2-HOLE STRAP,"1-1/2""",,,,,,,EA,"[""1-1/2\"" rigid 2-hole strap"", ""1-1/2 rigid 2-hole strap"", ""supports"", ""conduit straps"", ""abrazadera"", ""strap"", ""2-hole strap""]",true
cfa00029-c3de-53b5-b232-10b8c8dbc0dd,Supports,Conduit Straps,"1-1/2"" Rigid Conduit Hanger",1-1/2 RIGID CONDUIT HANGER,"1-1/2""",,,,,,,EA,"[""1-1/2\"" rigid conduit hanger"", ""1-1/2 rigid conduit hanger"", ""supports"", ""conduit straps"", ""abrazadera"", ""strap"", ""mineralac""]",true
3c9b78f7-7176-5cbf-8b74-e9968866795e,Supports,Conduit Straps,"1-1/4"" EMT 1-Hole Strap",1-1/4 EMT 1-HOLE STRAP,"1-1/4""",,,,,,,EA,"[""1-1/4\"" emt 1-hole strap"", ""1-1/4 emt 1-hole strap"", ""supports"", ""conduit straps"", ""abrazadera"", ""strap"", ""1-hole strap""]",true
d65c309f-f43b-5b7c-82ad-11d4d2e2a1c9,Supports,Conduit Straps,"1-1/4"" EMT 2-Hole Strap",1-1/4 EMT 2-HOLE STRAP,"1-1/4""",,,,,,,EA,"[""1-1/4\"" emt 2-hole strap"", ""1-1/4 emt 2-hole strap"", ""supports"", ""conduit straps"", ""abrazadera"", ""strap"", ""2-hole strap""]",true
a3df8fc4-ae82-5046-8198-02a1e0c16893,Supports,Conduit Straps,"1-1/4"" EMT Conduit Hanger",1-1/4 EMT CONDUIT HANGER,"1-1/4""",,,,,,,EA,"[""1-1/4\"" emt conduit hanger"", ""1-1/4 emt conduit hanger"", ""supports"", ""conduit straps"", ""abrazadera"", ""strap"", ""mineralac""]",true
97d436e6-b948-5c55-8405-a2d2640904df,Supports,Conduit Straps,"1-1/4"" Rigid 1-Hole Strap",1-1/4 RIGID 1-HOLE STRAP,"1-1/4""",,,,,,,EA,"[""1-1/4\"" rigid 1-hole strap"", ""1-1/4 rigid 1-hole strap"", ""supports"", ""conduit straps"", ""abrazadera"", ""strap"", ""1-hole strap""]",true
9499e839-e649-5c50-918d-9076c3e92a5d,Supports,Conduit Straps,"1-1/4"" Rigid 2-Hole Strap",1-1/4 RIGID 2-HOLE STRAP,"1-1/4""",,,,,,,EA,"[""1-1/4\"" rigid 2-hole strap"", ""1-1/4 rigid 2-hole strap"", ""supports"", ""conduit straps"", ""abrazadera"", ""strap"", ""2-hole strap""]",true
2d3f7e3c-98d0-5557-bc3d-abf154067b1e,Supports,Conduit Straps,"1-1/4"" Rigid Conduit Hanger",1-1/4 RIGID CONDUIT HANGER,"1-1/4""",,,,,,,EA,"[""1-1/4\"" rigid conduit hanger"", ""1-1/4 rigid conduit hanger"", ""supports"", ""conduit straps"", ""abrazadera"", ""strap"", ""mineralac""]",true
b89dd42b-ead1-5c84-9bdb-e1e6e952174f,Supports,Conduit Straps,"1/2"" EMT 1-Hole Strap",1/2 EMT 1-HOLE STRAP,"1/2""",,,,,,,EA,"[""1/2\"" emt 1-hole strap"", ""1/2 emt 1-hole strap"", ""supports"", ""conduit straps"", ""abrazadera"", ""strap"", ""1-hole strap""]",true
ad4f84e2-fac7-58c3-bbe7-b719439bb13e,Supports,Conduit Straps,"1/2"" EMT 2-Hole Strap",1/2 EMT 2-HOLE STRAP,"1/2""",,,,,,,EA,"[""1/2\"" emt 2-hole strap"", ""1/2 emt 2-hole strap"", ""supports"", ""conduit straps"", ""abrazadera"", ""strap"", ""2-hole strap""]",true
c2f31cd0-9f2d-5b43-8dc7-cc9e08a1d9c3,Supports,Conduit Straps,"1/2"" EMT Conduit Hanger",1/2 EMT CONDUIT HANGER,"1/2""",,,,,,,EA,"[""1/2\"" emt conduit hanger"", ""1/2 emt conduit hanger"", ""supports"", ""conduit straps"", ""abrazadera"", ""strap"", ""mineralac""]",true
86b36435-6eb1-5b3c-90f3-760aed79ed12,Supports,Conduit Straps,"1/2"" Rigid 1-Hole Strap",1/2 RIGID 1-HOLE STRAP,"1/2""",,,,,,,EA,"[""1/2\"" rigid 1-hole strap"", ""1/2 rigid 1-hole strap"", ""supports"", ""conduit straps"", ""abrazadera"", ""strap"", ""1-hole strap""]",true
c3cad6ab-0425-5718-bf69-46f86afea1e2,Supports,Conduit Straps,"1/2"" Rigid 2-Hole Strap",1/2 RIGID 2-HOLE STRAP,"1/2""",,,,,,,EA,"[""1/2\"" rigid 2-hole strap"", ""1/2 rigid 2-hole strap"", ""supports"", ""conduit straps"", ""abrazadera"", ""strap"", ""2-hole strap""]",true
a607d68e-b43a-5b7c-91fc-ac14303f9988,Supports,Conduit Straps,"1/2"" Rigid Conduit Hanger",1/2 RIGID CONDUIT HANGER,"1/2""",,,,,,,EA,"[""1/2\"" rigid conduit hanger"", ""1/2 rigid conduit hanger"", ""supports"", ""conduit straps"", ""abrazadera"", ""strap"", ""mineralac""]",true
5a3a7a2f-da3f-5821-b557-3b8916c63a45,Supports,Conduit Straps,"2"" EMT 1-Hole Strap",2 EMT 1-HOLE STRAP,"2""",,,,,,,EA,"[""2\"" emt 1-hole strap"", ""2 emt 1-hole strap"", ""supports"", ""conduit straps"", ""abrazadera"", ""strap"", ""1-hole strap""]",true
632793bd-4e54-5a5a-ba1c-c318a9a6721d,Supports,Conduit Straps,"2"" EMT 2-Hole Strap",2 EMT 2-HOLE STRAP,"2""",,,,,,,EA,"[""2\"" emt 2-hole strap"", ""2 emt 2-hole strap"", ""supports"", ""conduit straps"", ""abrazadera"", ""strap"", ""2-hole strap""]",true
c9c7fffb-74ca-50e6-bd14-b279feb54f44,Supports,Conduit Straps,"2"" EMT Conduit Hanger",2 EMT CONDUIT HANGER,"2""",,,,,,,EA,"[""2\"" emt conduit hanger"", ""2 emt conduit hanger"", ""supports"", ""conduit straps"", ""abrazadera"", ""strap"", ""mineralac""]",true
c51cb897-7d67-54db-8b6f-b4f2f25f7a22,Supports,Conduit Straps,"2"" Rigid 1-Hole Strap",2 RIGID 1-HOLE STRAP,"2""",,,,,,,EA,"[""2\"" rigid 1-hole strap"", ""2 rigid 1-hole strap"", ""supports"", ""conduit straps"", ""abrazadera"", ""strap"", ""1-hole strap""]",true
d677ff19-9ed8-5cdd-bfa1-9cf5d7947b5c,Supports,Conduit Straps,"2"" Rigid 2-Hole Strap",2 RIGID 2-HOLE STRAP,"2""",,,,,,,EA,"[""2\"" rigid 2-hole strap"", ""2 rigid 2-hole strap"", ""supports"", ""conduit straps"", ""abrazadera"", ""strap"", ""2-hole strap""]",true
c2d5f7de-c41d-5c44-a6f4-993f713d4fc1,Supports,Conduit Straps,"2"" Rigid Conduit Hanger",2 RIGID CONDUIT HANGER,"2""",,,,,,,EA,"[""2\"" rigid conduit hanger"", ""2 rigid conduit hanger"", ""supports"", ""conduit straps"", ""abrazadera"", ""strap"", ""mineralac""]",true
39a40e7b-5016-546f-9b3e-f7bed1fe992b,Supports,Conduit Straps,"2-1/2"" EMT 1-Hole Strap",2-1/2 EMT 1-HOLE STRAP,"2-1/2""",,,,,,,EA,"[""2-1/2\"" emt 1-hole strap"", ""2-1/2 emt 1-hole strap"", ""supports"", ""conduit straps"", ""abrazadera"", ""strap"", ""1-hole strap""]",true
696711e8-af7e-5146-b8bc-bba7018fd255,Supports,Conduit Straps,"2-1/2"" EMT 2-Hole Strap",2-1/2 EMT 2-HOLE STRAP,"2-1/2""",,,,,,,EA,"[""2-1/2\"" emt 2-hole strap"", ""2-1/2 emt 2-hole strap"", ""supports"", ""conduit straps"", ""abrazadera"", ""strap"", ""2-hole strap""]",true
1b012742-8271-5f94-a666-b356aa863a2f,Supports,Conduit Straps,"2-1/2"" EMT Conduit Hanger",2-1/2 EMT CONDUIT HANGER,"2-1/2""",,,,,,,EA,"[""2-1/2\"" emt conduit hanger"", ""2-1/2 emt conduit hanger"", ""supports"", ""conduit straps"", ""abrazadera"", ""strap"", ""mineralac""]",true
8fd8bf1f-2d05-5355-b36b-29dde3023b73,Supports,Conduit Straps,"2-1/2"" Rigid 1-Hole Strap",2-1/2 RIGID 1-HOLE STRAP,"2-1/2""",,,,,,,EA,"[""2-1/2\"" rigid 1-hole strap"", ""2-1/2 rigid 1-hole strap"", ""supports"", ""conduit straps"", ""abrazadera"", ""strap"", ""1-hole strap""]",true
5e996a4d-1c11-5553-b193-f525d1abd26e,Supports,Conduit Straps,"2-1/2"" Rigid 2-Hole Strap",2-1/2 RIGID 2-HOLE STRAP,"2-1/2""",,,,,,,EA,"[""2-1/2\"" rigid 2-hole strap"", ""2-1/2 rigid 2-hole strap"", ""supports"", ""conduit straps"", ""abrazadera"", ""strap"", ""2-hole strap""]",true
b38c7506-01f5-5436-bb94-d1a54d7f9ca5,Supports,Conduit Straps,"2-1/2"" Rigid Conduit Hanger",2-1/2 RIGID CONDUIT HANGER,"2-1/2""",,,,,,,EA,"[""2-1/2\"" rigid conduit hanger"", ""2-1/2 rigid conduit hanger"", ""supports"", ""conduit straps"", ""abrazadera"", ""strap"", ""mineralac""]",true
9b05fe0d-a1ed-5899-acec-5b96ba2b28fa,Supports,Conduit Straps,"3"" EMT 1-Hole Strap",3 EMT 1-HOLE STRAP,"3""",,,,,,,EA,"[""3\"" emt 1-hole strap"", ""3 emt 1-hole strap"", ""supports"", ""conduit straps"", ""abrazadera"", ""strap"", ""1-hole strap""]",true
10028b83-7355-5def-adb6-d54cfa512600,Supports,Conduit Straps,"3"" EMT 2-Hole Strap",3 EMT 2-HOLE STRAP,"3""",,,,,,,EA,"[""3\"" emt 2-hole strap"", ""3 emt 2-hole strap"", ""supports"", ""conduit straps"", ""abrazadera"", ""strap"", ""2-hole strap""]",true
63c9e5e1-6447-5e5f-99b8-76d84a76d3ed,Supports,Conduit Straps,"3"" EMT Conduit Hanger",3 EMT CONDUIT HANGER,"3""",,,,,,,EA,"[""3\"" emt conduit hanger"", ""3 emt conduit hanger"", ""supports"", ""conduit straps"", ""abrazadera"", ""strap"", ""mineralac""]",true
fec2aad0-9866-542b-8f18-215531fa79a4,Supports,Conduit Straps,"3"" Rigid 1-Hole Strap",3 RIGID 1-HOLE STRAP,"3""",,,,,,,EA,"[""3\"" rigid 1-hole strap"", ""3 rigid 1-hole strap"", ""supports"", ""conduit straps"", ""abrazadera"", ""strap"", ""1-hole strap""]",true
984a3c15-f05b-5e98-a2e0-46f8d1a91919,Supports,Conduit Straps,"3"" Rigid 2-Hole Strap",3 RIGID 2-HOLE STRAP,"3""",,,,,,,EA,"[""3\"" rigid 2-hole strap"", ""3 rigid 2-hole strap"", ""supports"", ""conduit straps"", ""abrazadera"", ""strap"", ""2-hole strap""]",true
737ed4cd-a06d-545f-aaf5-baaa9b1dfdd4,Supports,Conduit Straps,"3"" Rigid Conduit Hanger",3 RIGID CONDUIT HANGER,"3""",,,,,,,EA,"[""3\"" rigid conduit hanger"", ""3 rigid conduit hanger"", ""supports"", ""conduit straps"", ""abrazadera"", ""strap"", ""mineralac""]",true
ddd47512-27c6-52c9-82fd-04df365eb759,Supports,Conduit Straps,"3-1/2"" EMT 1-Hole Strap",3-1/2 EMT 1-HOLE STRAP,"3-1/2""",,,,,,,EA,"[""3-1/2\"" emt 1-hole strap"", ""3-1/2 emt 1-hole strap"", ""supports"", ""conduit straps"", ""abrazadera"", ""strap"", ""1-hole strap""]",true
36326488-46e0-5955-9ecd-cf808337e6b6,Supports,Conduit Straps,"3-1/2"" EMT 2-Hole Strap",3-1/2 EMT 2-HOLE STRAP,"3-1/2""",,,,,,,EA,"[""3-1/2\"" emt 2-hole strap"", ""3-1/2 emt 2-hole strap"", ""supports"", ""conduit straps"", ""abrazadera"", ""strap"", ""2-hole strap""]",true
e38f388a-d69a-5b44-b831-69a9d3cd0c34,Supports,Conduit Straps,"3-1/2"" EMT Conduit Hanger",3-1/2 EMT CONDUIT HANGER,"3-1/2""",,,,,,,EA,"[""3-1/2\"" emt conduit hanger"", ""3-1/2 emt conduit hanger"", ""supports"", ""conduit straps"", ""abrazadera"", ""strap"", ""mineralac""]",true
c359f409-899a-5bd4-b1fd-d2cea8297f2e,Supports,Conduit Straps,"3-1/2"" Rigid 1-Hole Strap",3-1/2 RIGID 1-HOLE STRAP,"3-1/2""",,,,,,,EA,"[""3-1/2\"" rigid 1-hole strap"", ""3-1/2 rigid 1-hole strap"", ""supports"", ""conduit straps"", ""abrazadera"", ""strap"", ""1-hole strap""]",true
0c600281-399a-5eb2-82ab-4ad424e7222b,Supports,Conduit Straps,"3-1/2"" Rigid 2-Hole Strap",3-1/2 RIGID 2-HOLE STRAP,"3-1/2""",,,,,,,EA,"[""3-1/2\"" rigid 2-hole strap"", ""3-1/2 rigid 2-hole strap"", ""supports"", ""conduit straps"", ""abrazadera"", ""strap"", ""2-hole strap""]",true
65b4c925-686e-5cfd-b7f7-a34099c899d9,Supports,Conduit Straps,"3-1/2"" Rigid Conduit Hanger",3-1/2 RIGID CONDUIT HANGER,"3-1/2""",,,,,,,EA,"[""3-1/2\"" rigid conduit hanger"", ""3-1/2 rigid conduit hanger"", ""supports"", ""conduit straps"", ""abrazadera"", ""strap"", ""mineralac""]",true
8f50cb97-aaf5-5ade-b23a-c3a5d8b477a6,Supports,Conduit Straps,"3/4"" EMT 1-Hole Strap",3/4 EMT 1-HOLE STRAP,"3/4""",,,,,,,EA,"[""3/4\"" emt 1-hole strap"", ""3/4 emt 1-hole strap"", ""supports"", ""conduit straps"", ""abrazadera"", ""strap"", ""1-hole strap""]",true
9a6bf261-bc3b-55f8-8692-c9d6edb772a0,Supports,Conduit Straps,"3/4"" EMT 2-Hole Strap",3/4 EMT 2-HOLE STRAP,"3/4""",,,,,,,EA,"[""3/4\"" emt 2-hole strap"", ""3/4 emt 2-hole strap"", ""supports"", ""conduit straps"", ""abrazadera"", ""strap"", ""2-hole strap""]",true
1ca0b388-d718-59a0-a4ec-bcce42216868,Supports,Conduit Straps,"3/4"" EMT Conduit Hanger",3/4 EMT CONDUIT HANGER,"3/4""",,,,,,,EA,"[""3/4\"" emt conduit hanger"", ""3/4 emt conduit hanger"", ""supports"", ""conduit straps"", ""abrazadera"", ""strap"", ""mineralac""]",true
b8e55a4a-699a-5a6a-9a25-2297e0e76f34,Supports,Conduit Straps,"3/4"" Rigid 1-Hole Strap",3/4 RIGID 1-HOLE STRAP,"3/4""",,,,,,,EA,"[""3/4\"" rigid 1-hole strap"", ""3/4 rigid 1-hole strap"", ""supports"", ""conduit straps"", ""abrazadera"", ""strap"", ""1-hole strap""]",true
f97677bd-445e-5a29-8c42-94f1a417f762,Supports,Conduit Straps,"3/4"" Rigid 2-Hole Strap",3/4 RIGID 2-HOLE STRAP,"3/4""",,,,,,,EA,"[""3/4\"" rigid 2-hole strap"", ""3/4 rigid 2-hole strap"", ""supports"", ""conduit straps"", ""abrazadera"", ""strap"", ""2-hole strap""]",true
0c8cc950-cb8a-5f98-a3c8-2c99b20e17a3,Supports,Conduit Straps,"3/4"" Rigid Conduit Hanger",3/4 RIGID CONDUIT HANGER,"3/4""",,,,,,,EA,"[""3/4\"" rigid conduit hanger"", ""3/4 rigid conduit hanger"", ""supports"", ""conduit straps"", ""abrazadera"", ""strap"", ""mineralac""]",true
a6ff1720-6e20-5ea3-a88e-c72ceb8fd1b4,Supports,Conduit Straps,"4"" EMT 1-Hole Strap",4 EMT 1-HOLE STRAP,"4""",,,,,,,EA,"[""4\"" emt 1-hole strap"", ""4 emt 1-hole strap"", ""supports"", ""conduit straps"", ""abrazadera"", ""strap"", ""1-hole strap""]",true
bafb9dff-fe35-59a0-a5d2-a6200d8fe139,Supports,Conduit Straps,"4"" EMT 2-Hole Strap",4 EMT 2-HOLE STRAP,"4""",,,,,,,EA,"[""4\"" emt 2-hole strap"", ""4 emt 2-hole strap"", ""supports"", ""conduit straps"", ""abrazadera"", ""strap"", ""2-hole strap""]",true
8a7bddf8-25bc-5eaf-8e56-09bb9f259cac,Supports,Conduit Straps,"4"" EMT Conduit Hanger",4 EMT CONDUIT HANGER,"4""",,,,,,,EA,"[""4\"" emt conduit hanger"", ""4 emt conduit hanger"", ""supports"", ""conduit straps"", ""abrazadera"", ""strap"", ""mineralac""]",true
b23fc1fd-5f57-53e9-b075-af1e756bbfa5,Supports,Conduit Straps,"4"" Rigid 1-Hole Strap",4 RIGID 1-HOLE STRAP,"4""",,,,,,,EA,"[""4\"" rigid 1-hole strap"", ""4 rigid 1-hole strap"", ""supports"", ""conduit straps"", ""abrazadera"", ""strap"", ""1-hole strap""]",true
1a04579e-5151-55b5-801e-89ef005d48e9,Supports,Conduit Straps,"4"" Rigid 2-Hole Strap",4 RIGID 2-HOLE STRAP,"4""",,,,,,,EA,"[""4\"" rigid 2-hole strap"", ""4 rigid 2-hole strap"", ""supports"", ""conduit straps"", ""abrazadera"", ""strap"", ""2-hole strap""]",true
818ed24f-10c7-5639-af25-895da1567341,Supports,Conduit Straps,"4"" Rigid Conduit Hanger",4 RIGID CONDUIT HANGER,"4""",,,,,,,EA,"[""4\"" rigid conduit hanger"", ""4 rigid conduit hanger"", ""supports"", ""conduit straps"", ""abrazadera"", ""strap"", ""mineralac""]",true
de662c6c-de36-53c3-8a26-14aed4969ab6,Supports,Rod Hardware,1/2-13 Stainless Steel Beam Clamp,1/2-13 STAINLESS STEEL BEAM CLAMP,1/2-13,,,,,,,EA,"[""1/2-13 stainless steel beam clamp"", ""supports"", ""rod hardware"", ""herrajes""]",true
09472110-2de3-52e6-b45a-54c70282d86f,Supports,Rod Hardware,1/2-13 Stainless Steel Flat Washer,1/2-13 STAINLESS STEEL FLAT WASHER,1/2-13,,,,,,,EA,"[""1/2-13 stainless steel flat washer"", ""supports"", ""rod hardware"", ""herrajes""]",true
5f4da698-863c-580d-8bbb-22ac2bee34f4,Supports,Rod Hardware,1/2-13 Stainless Steel Hex Nut,1/2-13 STAINLESS STEEL HEX NUT,1/2-13,,,,,,,EA,"[""1/2-13 stainless steel hex nut"", ""supports"", ""rod hardware"", ""herrajes""]",true
dd8abd59-0ea2-5f62-a52a-1352a05833ff,Supports,Rod Hardware,1/2-13 Stainless Steel Rod Coupling Nut,1/2-13 STAINLESS STEEL ROD COUPLING NUT,1/2-13,,,,,,,EA,"[""1/2-13 stainless steel rod coupling nut"", ""supports"", ""rod hardware"", ""herrajes""]",true
49af9b10-b966-5f41-8774-89fab3ec59af,Supports,Rod Hardware,1/2-13 Stainless Steel Split Lock Washer,1/2-13 STAINLESS STEEL SPLIT LOCK WASHER,1/2-13,,,,,,,EA,"[""1/2-13 stainless steel split lock washer"", ""supports"", ""rod hardware"", ""herrajes""]",true
e1ff7972-3d4d-589f-8167-63e1e696739b,Supports,Rod Hardware,1/2-13 Zinc Plated Beam Clamp,1/2-13 ZINC PLATED BEAM CLAMP,1/2-13,,,,,,,EA,"[""1/2-13 zinc plated beam clamp"", ""supports"", ""rod hardware"", ""herrajes""]",true
d117aff6-251e-594f-9bc8-a69ba0a65e93,Supports,Rod Hardware,1/2-13 Zinc Plated Flat Washer,1/2-13 ZINC PLATED FLAT WASHER,1/2-13,,,,,,,EA,"[""1/2-13 zinc plated flat washer"", ""supports"", ""rod hardware"", ""herrajes""]",true
1129b4eb-899a-5ffd-bc07-25505dece1d6,Supports,Rod Hardware,1/2-13 Zinc Plated Hex Nut,1/2-13 ZINC PLATED HEX NUT,1/2-13,,,,,,,EA,"[""1/2-13 zinc plated hex nut"", ""supports"", ""rod hardware"", ""herrajes""]",true
e9db9f91-1cc3-5b49-aebe-745a9c1274ba,Supports,Rod Hardware,1/2-13 Zinc Plated Rod Coupling Nut,1/2-13 ZINC PLATED ROD COUPLING NUT,1/2-13,,,,,,,EA,"[""1/2-13 zinc plated rod coupling nut"", ""supports"", ""rod hardware"", ""herrajes""]",true
3ccf9d4e-216c-565a-a29b-70fbf960f601,Supports,Rod Hardware,1/2-13 Zinc Plated Split Lock Washer,1/2-13 ZINC PLATED SPLIT LOCK WASHER,1/2-13,,,,,,,EA,"[""1/2-13 zinc plated split lock washer"", ""supports"", ""rod hardware"", ""herrajes""]",true
86c34e0e-83da-5362-ba4c-6cfde4cc0b68,Supports,Rod Hardware,1/4-20 Stainless Steel Beam Clamp,1/4-20 STAINLESS STEEL BEAM CLAMP,1/4-20,,,,,,,EA,"[""1/4-20 stainless steel beam clamp"", ""supports"", ""rod hardware"", ""herrajes""]",true
4af7f2db-e2ec-56e6-b0e9-0dd8ee84b57b,Supports,Rod Hardware,1/4-20 Stainless Steel Flat Washer,1/4-20 STAINLESS STEEL FLAT WASHER,1/4-20,,,,,,,EA,"[""1/4-20 stainless steel flat washer"", ""supports"", ""rod hardware"", ""herrajes""]",true
ce22a117-f637-5058-8718-92ad3f26f827,Supports,Rod Hardware,1/4-20 Stainless Steel Hex Nut,1/4-20 STAINLESS STEEL HEX NUT,1/4-20,,,,,,,EA,"[""1/4-20 stainless steel hex nut"", ""supports"", ""rod hardware"", ""herrajes""]",true
1e03e2c1-c497-51d7-98f4-0163d357c254,Supports,Rod Hardware,1/4-20 Stainless Steel Rod Coupling Nut,1/4-20 STAINLESS STEEL ROD COUPLING NUT,1/4-20,,,,,,,EA,"[""1/4-20 stainless steel rod coupling nut"", ""supports"", ""rod hardware"", ""herrajes""]",true
e21d8b35-42ab-5223-ac77-6477b55d13dc,Supports,Rod Hardware,1/4-20 Stainless Steel Split Lock Washer,1/4-20 STAINLESS STEEL SPLIT LOCK WASHER,1/4-20,,,,,,,EA,"[""1/4-20 stainless steel split lock washer"", ""supports"", ""rod hardware"", ""herrajes""]",true
a8413b88-e65c-56b3-aa37-4b48daf48fb6,Supports,Rod Hardware,1/4-20 Zinc Plated Beam Clamp,1/4-20 ZINC PLATED BEAM CLAMP,1/4-20,,,,,,,EA,"[""1/4-20 zinc plated beam clamp"", ""supports"", ""rod hardware"", ""herrajes""]",true
60d39135-d00c-5c2c-b2bf-c769844d7bcd,Supports,Rod Hardware,1/4-20 Zinc Plated Flat Washer,1/4-20 ZINC PLATED FLAT WASHER,1/4-20,,,,,,,EA,"[""1/4-20 zinc plated flat washer"", ""supports"", ""rod hardware"", ""herrajes""]",true
94a6f41a-a7f6-5c2d-a0b8-85242706240d,Supports,Rod Hardware,1/4-20 Zinc Plated Hex Nut,1/4-20 ZINC PLATED HEX NUT,1/4-20,,,,,,,EA,"[""1/4-20 zinc plated hex nut"", ""supports"", ""rod hardware"", ""herrajes""]",true
9b911bbb-e553-5671-82bc-39935cb628fb,Supports,Rod Hardware,1/4-20 Zinc Plated Rod Coupling Nut,1/4-20 ZINC PLATED ROD COUPLING NUT,1/4-20,,,,,,,EA,"[""1/4-20 zinc plated rod coupling nut"", ""supports"", ""rod hardware"", ""herrajes""]",true
4da66eaa-0a73-520c-b8af-8527d2c72ef8,Supports,Rod Hardware,1/4-20 Zinc Plated Split Lock Washer,1/4-20 ZINC PLATED SPLIT LOCK WASHER,1/4-20,,,,,,,EA,"[""1/4-20 zinc plated split lock washer"", ""supports"", ""rod hardware"", ""herrajes""]",true
2dd07c0f-d299-5686-baec-04a411bae517,Supports,Rod Hardware,3/8-16 Stainless Steel Beam Clamp,3/8-16 STAINLESS STEEL BEAM CLAMP,3/8-16,,,,,,,EA,"[""3/8-16 stainless steel beam clamp"", ""supports"", ""rod hardware"", ""herrajes""]",true
82c090e6-ba83-5c01-877f-3aafa2cfd7b1,Supports,Rod Hardware,3/8-16 Stainless Steel Flat Washer,3/8-16 STAINLESS STEEL FLAT WASHER,3/8-16,,,,,,,EA,"[""3/8-16 stainless steel flat washer"", ""supports"", ""rod hardware"", ""herrajes""]",true
0b4f25af-8c59-5903-b7e8-9c7f0298a09c,Supports,Rod Hardware,3/8-16 Stainless Steel Hex Nut,3/8-16 STAINLESS STEEL HEX NUT,3/8-16,,,,,,,EA,"[""3/8-16 stainless steel hex nut"", ""supports"", ""rod hardware"", ""herrajes""]",true
58364e15-ba73-5f13-95da-2348c9df89e6,Supports,Rod Hardware,3/8-16 Stainless Steel Rod Coupling Nut,3/8-16 STAINLESS STEEL ROD COUPLING NUT,3/8-16,,,,,,,EA,"[""3/8-16 stainless steel rod coupling nut"", ""supports"", ""rod hardware"", ""herrajes""]",true
39f5e1f7-1b9b-55e2-96a3-9eb08fadcd13,Supports,Rod Hardware,3/8-16 Stainless Steel Split Lock Washer,3/8-16 STAINLESS STEEL SPLIT LOCK WASHER,3/8-16,,,,,,,EA,"[""3/8-16 stainless steel split lock washer"", ""supports"", ""rod hardware"", ""herrajes""]",true
e4202920-2541-5767-bc39-38a364635d68,Supports,Rod Hardware,3/8-16 Zinc Plated Beam Clamp,3/8-16 ZINC PLATED BEAM CLAMP,3/8-16,,,,,,,EA,"[""3/8-16 zinc plated beam clamp"", ""supports"", ""rod hardware"", ""herrajes""]",true
f4650b24-f255-5745-a0a0-ed20ab7b7b83,Supports,Rod Hardware,3/8-16 Zinc Plated Flat Washer,3/8-16 ZINC PLATED FLAT WASHER,3/8-16,,,,,,,EA,"[""3/8-16 zinc plated flat washer"", ""supports"", ""rod hardware"", ""herrajes""]",true
c9633982-4273-5ea5-a933-94162640cb01,Supports,Rod Hardware,3/8-16 Zinc Plated Hex Nut,3/8-16 ZINC PLATED HEX NUT,3/8-16,,,,,,,EA,"[""3/8-16 zinc plated hex nut"", ""supports"", ""rod hardware"", ""herrajes""]",true
b6d7591c-bd26-5a6e-9c2c-5620c8433b3b,Supports,Rod Hardware,3/8-16 Zinc Plated Rod Coupling Nut,3/8-16 ZINC PLATED ROD COUPLING NUT,3/8-16,,,,,,,EA,"[""3/8-16 zinc plated rod coupling nut"", ""supports"", ""rod hardware"", ""herrajes""]",true
893e07ad-26cf-5b82-9f9c-9c4d3a70375d,Supports,Rod Hardware,3/8-16 Zinc Plated Split Lock Washer,3/8-16 ZINC PLATED SPLIT LOCK WASHER,3/8-16,,,,,,,EA,"[""3/8-16 zinc plated split lock washer"", ""supports"", ""rod hardware"", ""herrajes""]",true
ab7b0b06-860b-5d81-b887-6368b084443b,Supports,Strut Channel,"1-5/8 x 1-5/8"" Hot-Dip Galvanized Slotted Strut Channel - 10 FT",STRUT 1-5/8 x 1-5/8 HOT-DIP GALVANIZED SLOTTED 10FT,"1-5/8 x 1-5/8""",,,,,,,EA,"[""1-5/8 x 1-5/8\"" hot-dip galvanized slotted strut channel - 10 ft"", ""strut 1-5/8 x 1-5/8 hot-dip galvanized slotted 10ft"", ""supports"", ""strut channel"", ""unistrut"", ""channel"", ""riel""]",true
f42b865c-93b0-5be5-8fe3-e5ecc0079667,Supports,Strut Channel,"1-5/8 x 1-5/8"" Hot-Dip Galvanized Solid Strut Channel - 10 FT",STRUT 1-5/8 x 1-5/8 HOT-DIP GALVANIZED SOLID 10FT,"1-5/8 x 1-5/8""",,,,,,,EA,"[""1-5/8 x 1-5/8\"" hot-dip galvanized solid strut channel - 10 ft"", ""strut 1-5/8 x 1-5/8 hot-dip galvanized solid 10ft"", ""supports"", ""strut channel"", ""unistrut"", ""channel"", ""riel""]",true
c564874b-553d-5ae4-8c17-4b163c2847c5,Supports,Strut Channel,"1-5/8 x 1-5/8"" Pre-Galvanized Slotted Strut Channel - 10 FT",STRUT 1-5/8 x 1-5/8 PRE-GALVANIZED SLOTTED 10FT,"1-5/8 x 1-5/8""",,,,,,,EA,"[""1-5/8 x 1-5/8\"" pre-galvanized slotted strut channel - 10 ft"", ""strut 1-5/8 x 1-5/8 pre-galvanized slotted 10ft"", ""supports"", ""strut channel"", ""unistrut"", ""channel"", ""riel""]",true
a9bb1793-3d76-54c8-902c-1b0c386905ec,Supports,Strut Channel,"1-5/8 x 1-5/8"" Pre-Galvanized Solid Strut Channel - 10 FT",STRUT 1-5/8 x 1-5/8 PRE-GALVANIZED SOLID 10FT,"1-5/8 x 1-5/8""",,,,,,,EA,"[""1-5/8 x 1-5/8\"" pre-galvanized solid strut channel - 10 ft"", ""strut 1-5/8 x 1-5/8 pre-galvanized solid 10ft"", ""supports"", ""strut channel"", ""unistrut"", ""channel"", ""riel""]",true
3ab32638-b3b5-5251-8cd4-3ac0bad5712e,Supports,Strut Channel,"1-5/8 x 13/16"" Hot-Dip Galvanized Slotted Strut Channel - 10 FT",STRUT 1-5/8 x 13/16 HOT-DIP GALVANIZED SLOTTED 10FT,"1-5/8 x 13/16""",,,,,,,EA,"[""1-5/8 x 13/16\"" hot-dip galvanized slotted strut channel - 10 ft"", ""strut 1-5/8 x 13/16 hot-dip galvanized slotted 10ft"", ""supports"", ""strut channel"", ""unistrut"", ""channel"", ""riel""]",true
934a5ba7-e89c-54cb-844f-7958dbf2548d,Supports,Strut Channel,"1-5/8 x 13/16"" Hot-Dip Galvanized Solid Strut Channel - 10 FT",STRUT 1-5/8 x 13/16 HOT-DIP GALVANIZED SOLID 10FT,"1-5/8 x 13/16""",,,,,,,EA,"[""1-5/8 x 13/16\"" hot-dip galvanized solid strut channel - 10 ft"", ""strut 1-5/8 x 13/16 hot-dip galvanized solid 10ft"", ""supports"", ""strut channel"", ""unistrut"", ""channel"", ""riel""]",true
0981541e-2c60-5e42-84e0-599036cb666d,Supports,Strut Channel,"1-5/8 x 13/16"" Pre-Galvanized Slotted Strut Channel - 10 FT",STRUT 1-5/8 x 13/16 PRE-GALVANIZED SLOTTED 10FT,"1-5/8 x 13/16""",,,,,,,EA,"[""1-5/8 x 13/16\"" pre-galvanized slotted strut channel - 10 ft"", ""strut 1-5/8 x 13/16 pre-galvanized slotted 10ft"", ""supports"", ""strut channel"", ""unistrut"", ""channel"", ""riel""]",true
16b5d67b-c438-5da6-bfd8-9947c0a4733b,Supports,Strut Channel,"1-5/8 x 13/16"" Pre-Galvanized Solid Strut Channel - 10 FT",STRUT 1-5/8 x 13/16 PRE-GALVANIZED SOLID 10FT,"1-5/8 x 13/16""",,,,,,,EA,"[""1-5/8 x 13/16\"" pre-galvanized solid strut channel - 10 ft"", ""strut 1-5/8 x 13/16 pre-galvanized solid 10ft"", ""supports"", ""strut channel"", ""unistrut"", ""channel"", ""riel""]",true
88205dfb-5964-51e0-9a08-d399f19d2e89,Supports,Strut Clamps,"1"" EMT Strut Clamp - Hot-Dip Galvanized",1 EMT STRUT CLAMP HOT-DIP GALVANIZED,"1""",,,,,,,EA,"[""1\"" emt strut clamp - hot-dip galvanized"", ""1 emt strut clamp hot-dip galvanized"", ""supports"", ""strut clamps"", ""strut strap"", ""abrazadera strut""]",true
0120fcb2-2c73-539a-872f-6d97bebcbeb5,Supports,Strut Clamps,"1"" EMT Strut Clamp - Stainless Steel",1 EMT STRUT CLAMP STAINLESS STEEL,"1""",,,,,,,EA,"[""1\"" emt strut clamp - stainless steel"", ""1 emt strut clamp stainless steel"", ""supports"", ""strut clamps"", ""strut strap"", ""abrazadera strut""]",true
6dadf3c5-cb4c-5805-96e1-5cce543ee340,Supports,Strut Clamps,"1"" EMT Strut Clamp - Zinc Plated",1 EMT STRUT CLAMP ZINC PLATED,"1""",,,,,,,EA,"[""1\"" emt strut clamp - zinc plated"", ""1 emt strut clamp zinc plated"", ""supports"", ""strut clamps"", ""strut strap"", ""abrazadera strut""]",true
9a50527d-6dca-59da-8008-d5c7b2588175,Supports,Strut Clamps,"1"" Rigid Strut Clamp - Hot-Dip Galvanized",1 RIGID STRUT CLAMP HOT-DIP GALVANIZED,"1""",,,,,,,EA,"[""1\"" rigid strut clamp - hot-dip galvanized"", ""1 rigid strut clamp hot-dip galvanized"", ""supports"", ""strut clamps"", ""strut strap"", ""abrazadera strut""]",true
ba9a8d78-ef12-5682-8e6a-6688a2ecad5b,Supports,Strut Clamps,"1"" Rigid Strut Clamp - Stainless Steel",1 RIGID STRUT CLAMP STAINLESS STEEL,"1""",,,,,,,EA,"[""1\"" rigid strut clamp - stainless steel"", ""1 rigid strut clamp stainless steel"", ""supports"", ""strut clamps"", ""strut strap"", ""abrazadera strut""]",true
06bedcb7-6e0c-540f-944b-6c7b077a7fd8,Supports,Strut Clamps,"1"" Rigid Strut Clamp - Zinc Plated",1 RIGID STRUT CLAMP ZINC PLATED,"1""",,,,,,,EA,"[""1\"" rigid strut clamp - zinc plated"", ""1 rigid strut clamp zinc plated"", ""supports"", ""strut clamps"", ""strut strap"", ""abrazadera strut""]",true
5a8af7f9-6546-5351-bac6-55b843d72a00,Supports,Strut Clamps,"1-1/2"" EMT Strut Clamp - Hot-Dip Galvanized",1-1/2 EMT STRUT CLAMP HOT-DIP GALVANIZED,"1-1/2""",,,,,,,EA,"[""1-1/2\"" emt strut clamp - hot-dip galvanized"", ""1-1/2 emt strut clamp hot-dip galvanized"", ""supports"", ""strut clamps"", ""strut strap"", ""abrazadera strut""]",true
23194298-cc00-5737-b3b0-768c245634b1,Supports,Strut Clamps,"1-1/2"" EMT Strut Clamp - Stainless Steel",1-1/2 EMT STRUT CLAMP STAINLESS STEEL,"1-1/2""",,,,,,,EA,"[""1-1/2\"" emt strut clamp - stainless steel"", ""1-1/2 emt strut clamp stainless steel"", ""supports"", ""strut clamps"", ""strut strap"", ""abrazadera strut""]",true
1f863b4d-b906-5b6b-9ffa-619d6e8dd478,Supports,Strut Clamps,"1-1/2"" EMT Strut Clamp - Zinc Plated",1-1/2 EMT STRUT CLAMP ZINC PLATED,"1-1/2""",,,,,,,EA,"[""1-1/2\"" emt strut clamp - zinc plated"", ""1-1/2 emt strut clamp zinc plated"", ""supports"", ""strut clamps"", ""strut strap"", ""abrazadera strut""]",true
cafe9fc7-b089-59aa-988c-4c07ca5f0705,Supports,Strut Clamps,"1-1/2"" Rigid Strut Clamp - Hot-Dip Galvanized",1-1/2 RIGID STRUT CLAMP HOT-DIP GALVANIZED,"1-1/2""",,,,,,,EA,"[""1-1/2\"" rigid strut clamp - hot-dip galvanized"", ""1-1/2 rigid strut clamp hot-dip galvanized"", ""supports"", ""strut clamps"", ""strut strap"", ""abrazadera strut""]",true
8c76912d-bc75-596e-a11a-9d3109611d93,Supports,Strut Clamps,"1-1/2"" Rigid Strut Clamp - Stainless Steel",1-1/2 RIGID STRUT CLAMP STAINLESS STEEL,"1-1/2""",,,,,,,EA,"[""1-1/2\"" rigid strut clamp - stainless steel"", ""1-1/2 rigid strut clamp stainless steel"", ""supports"", ""strut clamps"", ""strut strap"", ""abrazadera strut""]",true
000c4c92-a400-5419-978c-a73b3eb5df6d,Supports,Strut Clamps,"1-1/2"" Rigid Strut Clamp - Zinc Plated",1-1/2 RIGID STRUT CLAMP ZINC PLATED,"1-1/2""",,,,,,,EA,"[""1-1/2\"" rigid strut clamp - zinc plated"", ""1-1/2 rigid strut clamp zinc plated"", ""supports"", ""strut clamps"", ""strut strap"", ""abrazadera strut""]",true
375d3294-4dbd-5ae8-a429-1fefa2052252,Supports,Strut Clamps,"1-1/4"" EMT Strut Clamp - Hot-Dip Galvanized",1-1/4 EMT STRUT CLAMP HOT-DIP GALVANIZED,"1-1/4""",,,,,,,EA,"[""1-1/4\"" emt strut clamp - hot-dip galvanized"", ""1-1/4 emt strut clamp hot-dip galvanized"", ""supports"", ""strut clamps"", ""strut strap"", ""abrazadera strut""]",true
ca119286-12ec-5a8d-8002-ba9d50c5362d,Supports,Strut Clamps,"1-1/4"" EMT Strut Clamp - Stainless Steel",1-1/4 EMT STRUT CLAMP STAINLESS STEEL,"1-1/4""",,,,,,,EA,"[""1-1/4\"" emt strut clamp - stainless steel"", ""1-1/4 emt strut clamp stainless steel"", ""supports"", ""strut clamps"", ""strut strap"", ""abrazadera strut""]",true
fa9bbbb7-4933-5d52-96e0-c314c086554c,Supports,Strut Clamps,"1-1/4"" EMT Strut Clamp - Zinc Plated",1-1/4 EMT STRUT CLAMP ZINC PLATED,"1-1/4""",,,,,,,EA,"[""1-1/4\"" emt strut clamp - zinc plated"", ""1-1/4 emt strut clamp zinc plated"", ""supports"", ""strut clamps"", ""strut strap"", ""abrazadera strut""]",true
350a59ba-a569-5c59-89ca-7d64ee1e7f69,Supports,Strut Clamps,"1-1/4"" Rigid Strut Clamp - Hot-Dip Galvanized",1-1/4 RIGID STRUT CLAMP HOT-DIP GALVANIZED,"1-1/4""",,,,,,,EA,"[""1-1/4\"" rigid strut clamp - hot-dip galvanized"", ""1-1/4 rigid strut clamp hot-dip galvanized"", ""supports"", ""strut clamps"", ""strut strap"", ""abrazadera strut""]",true
e94ee9da-a3c0-5f14-9b95-00b05ffb4fee,Supports,Strut Clamps,"1-1/4"" Rigid Strut Clamp - Stainless Steel",1-1/4 RIGID STRUT CLAMP STAINLESS STEEL,"1-1/4""",,,,,,,EA,"[""1-1/4\"" rigid strut clamp - stainless steel"", ""1-1/4 rigid strut clamp stainless steel"", ""supports"", ""strut clamps"", ""strut strap"", ""abrazadera strut""]",true
62424c05-e5e0-5fea-85c1-69e51fcd3a4f,Supports,Strut Clamps,"1-1/4"" Rigid Strut Clamp - Zinc Plated",1-1/4 RIGID STRUT CLAMP ZINC PLATED,"1-1/4""",,,,,,,EA,"[""1-1/4\"" rigid strut clamp - zinc plated"", ""1-1/4 rigid strut clamp zinc plated"", ""supports"", ""strut clamps"", ""strut strap"", ""abrazadera strut""]",true
5e068c70-0161-5a2f-a69e-cdc0c96be5e8,Supports,Strut Clamps,"1/2"" EMT Strut Clamp - Hot-Dip Galvanized",1/2 EMT STRUT CLAMP HOT-DIP GALVANIZED,"1/2""",,,,,,,EA,"[""1/2\"" emt strut clamp - hot-dip galvanized"", ""1/2 emt strut clamp hot-dip galvanized"", ""supports"", ""strut clamps"", ""strut strap"", ""abrazadera strut""]",true
e7b0b573-902b-506a-9d2f-e524bd19e8ab,Supports,Strut Clamps,"1/2"" EMT Strut Clamp - Stainless Steel",1/2 EMT STRUT CLAMP STAINLESS STEEL,"1/2""",,,,,,,EA,"[""1/2\"" emt strut clamp - stainless steel"", ""1/2 emt strut clamp stainless steel"", ""supports"", ""strut clamps"", ""strut strap"", ""abrazadera strut""]",true
db1564f5-c4e8-576a-b9fb-93774f097098,Supports,Strut Clamps,"1/2"" EMT Strut Clamp - Zinc Plated",1/2 EMT STRUT CLAMP ZINC PLATED,"1/2""",,,,,,,EA,"[""1/2\"" emt strut clamp - zinc plated"", ""1/2 emt strut clamp zinc plated"", ""supports"", ""strut clamps"", ""strut strap"", ""abrazadera strut""]",true
e889b77b-1758-58f9-9215-6d7cdd7b3bcf,Supports,Strut Clamps,"1/2"" Rigid Strut Clamp - Hot-Dip Galvanized",1/2 RIGID STRUT CLAMP HOT-DIP GALVANIZED,"1/2""",,,,,,,EA,"[""1/2\"" rigid strut clamp - hot-dip galvanized"", ""1/2 rigid strut clamp hot-dip galvanized"", ""supports"", ""strut clamps"", ""strut strap"", ""abrazadera strut""]",true
3cbeb730-35f6-5031-8117-ba351da23ead,Supports,Strut Clamps,"1/2"" Rigid Strut Clamp - Stainless Steel",1/2 RIGID STRUT CLAMP STAINLESS STEEL,"1/2""",,,,,,,EA,"[""1/2\"" rigid strut clamp - stainless steel"", ""1/2 rigid strut clamp stainless steel"", ""supports"", ""strut clamps"", ""strut strap"", ""abrazadera strut""]",true
3b4f0c10-5d21-5719-9d53-351e04c890bb,Supports,Strut Clamps,"1/2"" Rigid Strut Clamp - Zinc Plated",1/2 RIGID STRUT CLAMP ZINC PLATED,"1/2""",,,,,,,EA,"[""1/2\"" rigid strut clamp - zinc plated"", ""1/2 rigid strut clamp zinc plated"", ""supports"", ""strut clamps"", ""strut strap"", ""abrazadera strut""]",true
7be9fd6c-0a7b-5539-89ba-0b9fe274014e,Supports,Strut Clamps,"2"" EMT Strut Clamp - Hot-Dip Galvanized",2 EMT STRUT CLAMP HOT-DIP GALVANIZED,"2""",,,,,,,EA,"[""2\"" emt strut clamp - hot-dip galvanized"", ""2 emt strut clamp hot-dip galvanized"", ""supports"", ""strut clamps"", ""strut strap"", ""abrazadera strut""]",true
db89deff-7731-544e-b6cb-35a3fb39028f,Supports,Strut Clamps,"2"" EMT Strut Clamp - Stainless Steel",2 EMT STRUT CLAMP STAINLESS STEEL,"2""",,,,,,,EA,"[""2\"" emt strut clamp - stainless steel"", ""2 emt strut clamp stainless steel"", ""supports"", ""strut clamps"", ""strut strap"", ""abrazadera strut""]",true
a6d6794b-1283-511d-bcbb-e759767e5854,Supports,Strut Clamps,"2"" EMT Strut Clamp - Zinc Plated",2 EMT STRUT CLAMP ZINC PLATED,"2""",,,,,,,EA,"[""2\"" emt strut clamp - zinc plated"", ""2 emt strut clamp zinc plated"", ""supports"", ""strut clamps"", ""strut strap"", ""abrazadera strut""]",true
f5479ed6-feb4-5969-bdab-1c08340805de,Supports,Strut Clamps,"2"" Rigid Strut Clamp - Hot-Dip Galvanized",2 RIGID STRUT CLAMP HOT-DIP GALVANIZED,"2""",,,,,,,EA,"[""2\"" rigid strut clamp - hot-dip galvanized"", ""2 rigid strut clamp hot-dip galvanized"", ""supports"", ""strut clamps"", ""strut strap"", ""abrazadera strut""]",true
8f0d9b11-bc1c-55ea-a7a6-720bffab4599,Supports,Strut Clamps,"2"" Rigid Strut Clamp - Stainless Steel",2 RIGID STRUT CLAMP STAINLESS STEEL,"2""",,,,,,,EA,"[""2\"" rigid strut clamp - stainless steel"", ""2 rigid strut clamp stainless steel"", ""supports"", ""strut clamps"", ""strut strap"", ""abrazadera strut""]",true
b56ae33f-1586-58c5-aa5b-8bfe643b95fe,Supports,Strut Clamps,"2"" Rigid Strut Clamp - Zinc Plated",2 RIGID STRUT CLAMP ZINC PLATED,"2""",,,,,,,EA,"[""2\"" rigid strut clamp - zinc plated"", ""2 rigid strut clamp zinc plated"", ""supports"", ""strut clamps"", ""strut strap"", ""abrazadera strut""]",true
9c7d1452-323c-5eb4-8fb3-95400652ae51,Supports,Strut Clamps,"2-1/2"" EMT Strut Clamp - Hot-Dip Galvanized",2-1/2 EMT STRUT CLAMP HOT-DIP GALVANIZED,"2-1/2""",,,,,,,EA,"[""2-1/2\"" emt strut clamp - hot-dip galvanized"", ""2-1/2 emt strut clamp hot-dip galvanized"", ""supports"", ""strut clamps"", ""strut strap"", ""abrazadera strut""]",true
c3c19ad4-33ca-5473-a954-c5150ff033f8,Supports,Strut Clamps,"2-1/2"" EMT Strut Clamp - Stainless Steel",2-1/2 EMT STRUT CLAMP STAINLESS STEEL,"2-1/2""",,,,,,,EA,"[""2-1/2\"" emt strut clamp - stainless steel"", ""2-1/2 emt strut clamp stainless steel"", ""supports"", ""strut clamps"", ""strut strap"", ""abrazadera strut""]",true
eacd897d-8d80-5823-af4e-a9cce480b5c7,Supports,Strut Clamps,"2-1/2"" EMT Strut Clamp - Zinc Plated",2-1/2 EMT STRUT CLAMP ZINC PLATED,"2-1/2""",,,,,,,EA,"[""2-1/2\"" emt strut clamp - zinc plated"", ""2-1/2 emt strut clamp zinc plated"", ""supports"", ""strut clamps"", ""strut strap"", ""abrazadera strut""]",true
a7a7937e-5c24-5a50-be46-6fb4e54c2db8,Supports,Strut Clamps,"2-1/2"" Rigid Strut Clamp - Hot-Dip Galvanized",2-1/2 RIGID STRUT CLAMP HOT-DIP GALVANIZED,"2-1/2""",,,,,,,EA,"[""2-1/2\"" rigid strut clamp - hot-dip galvanized"", ""2-1/2 rigid strut clamp hot-dip galvanized"", ""supports"", ""strut clamps"", ""strut strap"", ""abrazadera strut""]",true
8919d7b2-ae94-501f-a6c7-d4e3f34d302e,Supports,Strut Clamps,"2-1/2"" Rigid Strut Clamp - Stainless Steel",2-1/2 RIGID STRUT CLAMP STAINLESS STEEL,"2-1/2""",,,,,,,EA,"[""2-1/2\"" rigid strut clamp - stainless steel"", ""2-1/2 rigid strut clamp stainless steel"", ""supports"", ""strut clamps"", ""strut strap"", ""abrazadera strut""]",true
ac338417-3adf-5e21-8316-a0e8f8a3840a,Supports,Strut Clamps,"2-1/2"" Rigid Strut Clamp - Zinc Plated",2-1/2 RIGID STRUT CLAMP ZINC PLATED,"2-1/2""",,,,,,,EA,"[""2-1/2\"" rigid strut clamp - zinc plated"", ""2-1/2 rigid strut clamp zinc plated"", ""supports"", ""strut clamps"", ""strut strap"", ""abrazadera strut""]",true
5fcac20b-48f6-5df9-84c1-3281b1bce382,Supports,Strut Clamps,"3"" EMT Strut Clamp - Hot-Dip Galvanized",3 EMT STRUT CLAMP HOT-DIP GALVANIZED,"3""",,,,,,,EA,"[""3\"" emt strut clamp - hot-dip galvanized"", ""3 emt strut clamp hot-dip galvanized"", ""supports"", ""strut clamps"", ""strut strap"", ""abrazadera strut""]",true
4091169e-43a8-5a1c-928d-fde1ca88e652,Supports,Strut Clamps,"3"" EMT Strut Clamp - Stainless Steel",3 EMT STRUT CLAMP STAINLESS STEEL,"3""",,,,,,,EA,"[""3\"" emt strut clamp - stainless steel"", ""3 emt strut clamp stainless steel"", ""supports"", ""strut clamps"", ""strut strap"", ""abrazadera strut""]",true
fb2d4e2b-104b-5a1e-a96b-4926ced3f074,Supports,Strut Clamps,"3"" EMT Strut Clamp - Zinc Plated",3 EMT STRUT CLAMP ZINC PLATED,"3""",,,,,,,EA,"[""3\"" emt strut clamp - zinc plated"", ""3 emt strut clamp zinc plated"", ""supports"", ""strut clamps"", ""strut strap"", ""abrazadera strut""]",true
2f8bf791-9030-508e-b4e2-73dd9e7e20b1,Supports,Strut Clamps,"3"" Rigid Strut Clamp - Hot-Dip Galvanized",3 RIGID STRUT CLAMP HOT-DIP GALVANIZED,"3""",,,,,,,EA,"[""3\"" rigid strut clamp - hot-dip galvanized"", ""3 rigid strut clamp hot-dip galvanized"", ""supports"", ""strut clamps"", ""strut strap"", ""abrazadera strut""]",true
8adae0bc-1c2b-5760-8412-d1164ba6a76b,Supports,Strut Clamps,"3"" Rigid Strut Clamp - Stainless Steel",3 RIGID STRUT CLAMP STAINLESS STEEL,"3""",,,,,,,EA,"[""3\"" rigid strut clamp - stainless steel"", ""3 rigid strut clamp stainless steel"", ""supports"", ""strut clamps"", ""strut strap"", ""abrazadera strut""]",true
dea9560e-d440-5481-8631-f35714a21d89,Supports,Strut Clamps,"3"" Rigid Strut Clamp - Zinc Plated",3 RIGID STRUT CLAMP ZINC PLATED,"3""",,,,,,,EA,"[""3\"" rigid strut clamp - zinc plated"", ""3 rigid strut clamp zinc plated"", ""supports"", ""strut clamps"", ""strut strap"", ""abrazadera strut""]",true
8c62f687-d019-5778-b11a-b336f4110a93,Supports,Strut Clamps,"3-1/2"" EMT Strut Clamp - Hot-Dip Galvanized",3-1/2 EMT STRUT CLAMP HOT-DIP GALVANIZED,"3-1/2""",,,,,,,EA,"[""3-1/2\"" emt strut clamp - hot-dip galvanized"", ""3-1/2 emt strut clamp hot-dip galvanized"", ""supports"", ""strut clamps"", ""strut strap"", ""abrazadera strut""]",true
346a7a55-6a88-5393-894b-ee189fe20b87,Supports,Strut Clamps,"3-1/2"" EMT Strut Clamp - Stainless Steel",3-1/2 EMT STRUT CLAMP STAINLESS STEEL,"3-1/2""",,,,,,,EA,"[""3-1/2\"" emt strut clamp - stainless steel"", ""3-1/2 emt strut clamp stainless steel"", ""supports"", ""strut clamps"", ""strut strap"", ""abrazadera strut""]",true
a42bfb6a-27f3-5748-b842-cb384808f125,Supports,Strut Clamps,"3-1/2"" EMT Strut Clamp - Zinc Plated",3-1/2 EMT STRUT CLAMP ZINC PLATED,"3-1/2""",,,,,,,EA,"[""3-1/2\"" emt strut clamp - zinc plated"", ""3-1/2 emt strut clamp zinc plated"", ""supports"", ""strut clamps"", ""strut strap"", ""abrazadera strut""]",true
8f81a435-76f3-5aad-9a19-072b0c7607e9,Supports,Strut Clamps,"3-1/2"" Rigid Strut Clamp - Hot-Dip Galvanized",3-1/2 RIGID STRUT CLAMP HOT-DIP GALVANIZED,"3-1/2""",,,,,,,EA,"[""3-1/2\"" rigid strut clamp - hot-dip galvanized"", ""3-1/2 rigid strut clamp hot-dip galvanized"", ""supports"", ""strut clamps"", ""strut strap"", ""abrazadera strut""]",true
48c1db06-0100-50c5-966a-819554734753,Supports,Strut Clamps,"3-1/2"" Rigid Strut Clamp - Stainless Steel",3-1/2 RIGID STRUT CLAMP STAINLESS STEEL,"3-1/2""",,,,,,,EA,"[""3-1/2\"" rigid strut clamp - stainless steel"", ""3-1/2 rigid strut clamp stainless steel"", ""supports"", ""strut clamps"", ""strut strap"", ""abrazadera strut""]",true
de72c728-1314-5acf-b085-da1a0a245a00,Supports,Strut Clamps,"3-1/2"" Rigid Strut Clamp - Zinc Plated",3-1/2 RIGID STRUT CLAMP ZINC PLATED,"3-1/2""",,,,,,,EA,"[""3-1/2\"" rigid strut clamp - zinc plated"", ""3-1/2 rigid strut clamp zinc plated"", ""supports"", ""strut clamps"", ""strut strap"", ""abrazadera strut""]",true
9be75f3e-0beb-575b-8d36-612a79931f15,Supports,Strut Clamps,"3/4"" EMT Strut Clamp - Hot-Dip Galvanized",3/4 EMT STRUT CLAMP HOT-DIP GALVANIZED,"3/4""",,,,,,,EA,"[""3/4\"" emt strut clamp - hot-dip galvanized"", ""3/4 emt strut clamp hot-dip galvanized"", ""supports"", ""strut clamps"", ""strut strap"", ""abrazadera strut""]",true
12544696-5d80-5156-a304-c779b7f916e8,Supports,Strut Clamps,"3/4"" EMT Strut Clamp - Stainless Steel",3/4 EMT STRUT CLAMP STAINLESS STEEL,"3/4""",,,,,,,EA,"[""3/4\"" emt strut clamp - stainless steel"", ""3/4 emt strut clamp stainless steel"", ""supports"", ""strut clamps"", ""strut strap"", ""abrazadera strut""]",true
3361879c-d86a-5e53-8634-d8babbe157c0,Supports,Strut Clamps,"3/4"" EMT Strut Clamp - Zinc Plated",3/4 EMT STRUT CLAMP ZINC PLATED,"3/4""",,,,,,,EA,"[""3/4\"" emt strut clamp - zinc plated"", ""3/4 emt strut clamp zinc plated"", ""supports"", ""strut clamps"", ""strut strap"", ""abrazadera strut""]",true
593aa547-bcfb-5227-9868-107f583e1c06,Supports,Strut Clamps,"3/4"" Rigid Strut Clamp - Hot-Dip Galvanized",3/4 RIGID STRUT CLAMP HOT-DIP GALVANIZED,"3/4""",,,,,,,EA,"[""3/4\"" rigid strut clamp - hot-dip galvanized"", ""3/4 rigid strut clamp hot-dip galvanized"", ""supports"", ""strut clamps"", ""strut strap"", ""abrazadera strut""]",true
2f5ecc37-1e23-5185-9987-e7283c2434d3,Supports,Strut Clamps,"3/4"" Rigid Strut Clamp - Stainless Steel",3/4 RIGID STRUT CLAMP STAINLESS STEEL,"3/4""",,,,,,,EA,"[""3/4\"" rigid strut clamp - stainless steel"", ""3/4 rigid strut clamp stainless steel"", ""supports"", ""strut clamps"", ""strut strap"", ""abrazadera strut""]",true
85df6052-784e-51eb-902c-cb3b9915f50c,Supports,Strut Clamps,"3/4"" Rigid Strut Clamp - Zinc Plated",3/4 RIGID STRUT CLAMP ZINC PLATED,"3/4""",,,,,,,EA,"[""3/4\"" rigid strut clamp - zinc plated"", ""3/4 rigid strut clamp zinc plated"", ""supports"", ""strut clamps"", ""strut strap"", ""abrazadera strut""]",true
0ab84eb2-43b4-56c5-8f90-f68a7af7088a,Supports,Strut Clamps,"4"" EMT Strut Clamp - Hot-Dip Galvanized",4 EMT STRUT CLAMP HOT-DIP GALVANIZED,"4""",,,,,,,EA,"[""4\"" emt strut clamp - hot-dip galvanized"", ""4 emt strut clamp hot-dip galvanized"", ""supports"", ""strut clamps"", ""strut strap"", ""abrazadera strut""]",true
5cdb53c1-16d1-59c7-ade9-6aa092f5456a,Supports,Strut Clamps,"4"" EMT Strut Clamp - Stainless Steel",4 EMT STRUT CLAMP STAINLESS STEEL,"4""",,,,,,,EA,"[""4\"" emt strut clamp - stainless steel"", ""4 emt strut clamp stainless steel"", ""supports"", ""strut clamps"", ""strut strap"", ""abrazadera strut""]",true
3beb24d3-dfb2-5364-bb79-c3c9e0bd8300,Supports,Strut Clamps,"4"" EMT Strut Clamp - Zinc Plated",4 EMT STRUT CLAMP ZINC PLATED,"4""",,,,,,,EA,"[""4\"" emt strut clamp - zinc plated"", ""4 emt strut clamp zinc plated"", ""supports"", ""strut clamps"", ""strut strap"", ""abrazadera strut""]",true
1a7d20ec-9ee4-5be6-98e6-1d11feae3f93,Supports,Strut Clamps,"4"" Rigid Strut Clamp - Hot-Dip Galvanized",4 RIGID STRUT CLAMP HOT-DIP GALVANIZED,"4""",,,,,,,EA,"[""4\"" rigid strut clamp - hot-dip galvanized"", ""4 rigid strut clamp hot-dip galvanized"", ""supports"", ""strut clamps"", ""strut strap"", ""abrazadera strut""]",true
b42d8941-a031-579c-8224-5c6ab5dfa921,Supports,Strut Clamps,"4"" Rigid Strut Clamp - Stainless Steel",4 RIGID STRUT CLAMP STAINLESS STEEL,"4""",,,,,,,EA,"[""4\"" rigid strut clamp - stainless steel"", ""4 rigid strut clamp stainless steel"", ""supports"", ""strut clamps"", ""strut strap"", ""abrazadera strut""]",true
30481a75-f2f4-5e14-938d-413b6d3d8578,Supports,Strut Clamps,"4"" Rigid Strut Clamp - Zinc Plated",4 RIGID STRUT CLAMP ZINC PLATED,"4""",,,,,,,EA,"[""4\"" rigid strut clamp - zinc plated"", ""4 rigid strut clamp zinc plated"", ""supports"", ""strut clamps"", ""strut strap"", ""abrazadera strut""]",true
956225bf-9661-5316-9856-012fafe16cf1,Supports,Threaded Rod,1/2-13 Stainless Steel Threaded Rod - 10 FT,ROD 1/2-13 STAINLESS STEEL 10FT,1/2-13,,,,,,,EA,"[""1/2-13 stainless steel threaded rod - 10 ft"", ""rod 1/2-13 stainless steel 10ft"", ""supports"", ""threaded rod"", ""all thread"", ""varilla roscada""]",true
649a22b9-d995-54c3-aa95-b1ad4ce2ad56,Supports,Threaded Rod,1/2-13 Stainless Steel Threaded Rod - 6 FT,ROD 1/2-13 STAINLESS STEEL 6FT,1/2-13,,,,,,,EA,"[""1/2-13 stainless steel threaded rod - 6 ft"", ""rod 1/2-13 stainless steel 6ft"", ""supports"", ""threaded rod"", ""all thread"", ""varilla roscada""]",true
431d7789-53e4-5956-a174-6c870895b118,Supports,Threaded Rod,1/2-13 Zinc Plated Threaded Rod - 10 FT,ROD 1/2-13 ZINC PLATED 10FT,1/2-13,,,,,,,EA,"[""1/2-13 zinc plated threaded rod - 10 ft"", ""rod 1/2-13 zinc plated 10ft"", ""supports"", ""threaded rod"", ""all thread"", ""varilla roscada""]",true
09578bfb-d315-570c-a591-e19e4efdcbde,Supports,Threaded Rod,1/2-13 Zinc Plated Threaded Rod - 6 FT,ROD 1/2-13 ZINC PLATED 6FT,1/2-13,,,,,,,EA,"[""1/2-13 zinc plated threaded rod - 6 ft"", ""rod 1/2-13 zinc plated 6ft"", ""supports"", ""threaded rod"", ""all thread"", ""varilla roscada""]",true
145edf3f-140b-5f9f-bc60-b93cfc244985,Supports,Threaded Rod,1/4-20 Stainless Steel Threaded Rod - 10 FT,ROD 1/4-20 STAINLESS STEEL 10FT,1/4-20,,,,,,,EA,"[""1/4-20 stainless steel threaded rod - 10 ft"", ""rod 1/4-20 stainless steel 10ft"", ""supports"", ""threaded rod"", ""all thread"", ""varilla roscada""]",true
0622806d-822d-52f5-9ec9-8c62862f976f,Supports,Threaded Rod,1/4-20 Stainless Steel Threaded Rod - 6 FT,ROD 1/4-20 STAINLESS STEEL 6FT,1/4-20,,,,,,,EA,"[""1/4-20 stainless steel threaded rod - 6 ft"", ""rod 1/4-20 stainless steel 6ft"", ""supports"", ""threaded rod"", ""all thread"", ""varilla roscada""]",true
9ccb41f2-5c15-5db6-b76d-43a1d39ecd8e,Supports,Threaded Rod,1/4-20 Zinc Plated Threaded Rod - 10 FT,ROD 1/4-20 ZINC PLATED 10FT,1/4-20,,,,,,,EA,"[""1/4-20 zinc plated threaded rod - 10 ft"", ""rod 1/4-20 zinc plated 10ft"", ""supports"", ""threaded rod"", ""all thread"", ""varilla roscada""]",true
ba97d74e-be5c-5552-9362-2e12d49736fb,Supports,Threaded Rod,1/4-20 Zinc Plated Threaded Rod - 6 FT,ROD 1/4-20 ZINC PLATED 6FT,1/4-20,,,,,,,EA,"[""1/4-20 zinc plated threaded rod - 6 ft"", ""rod 1/4-20 zinc plated 6ft"", ""supports"", ""threaded rod"", ""all thread"", ""varilla roscada""]",true
2a6559a7-839a-5e4b-ab54-4d404a6bf155,Supports,Threaded Rod,3/8-16 Stainless Steel Threaded Rod - 10 FT,ROD 3/8-16 STAINLESS STEEL 10FT,3/8-16,,,,,,,EA,"[""3/8-16 stainless steel threaded rod - 10 ft"", ""rod 3/8-16 stainless steel 10ft"", ""supports"", ""threaded rod"", ""all thread"", ""varilla roscada""]",true
0030d802-1ad8-5881-848d-b43e67a83eec,Supports,Threaded Rod,3/8-16 Stainless Steel Threaded Rod - 6 FT,ROD 3/8-16 STAINLESS STEEL 6FT,3/8-16,,,,,,,EA,"[""3/8-16 stainless steel threaded rod - 6 ft"", ""rod 3/8-16 stainless steel 6ft"", ""supports"", ""threaded rod"", ""all thread"", ""varilla roscada""]",true
76d7284d-1831-5852-8267-43a021d0fb77,Supports,Threaded Rod,3/8-16 Zinc Plated Threaded Rod - 10 FT,ROD 3/8-16 ZINC PLATED 10FT,3/8-16,,,,,,,EA,"[""3/8-16 zinc plated threaded rod - 10 ft"", ""rod 3/8-16 zinc plated 10ft"", ""supports"", ""threaded rod"", ""all thread"", ""varilla roscada""]",true
71043abb-acbc-5457-89c9-fd66be2e6e43,Supports,Threaded Rod,3/8-16 Zinc Plated Threaded Rod - 6 FT,ROD 3/8-16 ZINC PLATED 6FT,3/8-16,,,,,,,EA,"[""3/8-16 zinc plated threaded rod - 6 ft"", ""rod 3/8-16 zinc plated 6ft"", ""supports"", ""threaded rod"", ""all thread"", ""varilla roscada""]",true
e917a426-41c9-5bdb-a48a-1ac5c5064f3c,Wire,Flexible Cord,SJOOW Copper Flexible Cord 10/3,SJOOW 10/3,10/3,,,300V,,,,FT,"[""sjoow copper flexible cord 10/3"", ""sjoow 10/3"", ""wire"", ""flexible cord"", ""extension cord cable"", ""cable flexible""]",true
e7531914-9fcf-516b-a34f-3a88ac87bfae,Wire,Flexible Cord,SJOOW Copper Flexible Cord 12/2,SJOOW 12/2,12/2,,,300V,,,,FT,"[""sjoow copper flexible cord 12/2"", ""sjoow 12/2"", ""wire"", ""flexible cord"", ""extension cord cable"", ""cable flexible""]",true
9b88d8e6-d436-53bd-899e-c54e9495d0d8,Wire,Flexible Cord,SJOOW Copper Flexible Cord 12/3,SJOOW 12/3,12/3,,,300V,,,,FT,"[""sjoow copper flexible cord 12/3"", ""sjoow 12/3"", ""wire"", ""flexible cord"", ""extension cord cable"", ""cable flexible""]",true
7197283b-6896-570e-8283-75bd3605cf0e,Wire,Flexible Cord,SJOOW Copper Flexible Cord 12/4,SJOOW 12/4,12/4,,,300V,,,,FT,"[""sjoow copper flexible cord 12/4"", ""sjoow 12/4"", ""wire"", ""flexible cord"", ""extension cord cable"", ""cable flexible""]",true
47d53628-d5ee-5a84-bdc3-732d48b4bf78,Wire,Flexible Cord,SJOOW Copper Flexible Cord 14/2,SJOOW 14/2,14/2,,,300V,,,,FT,"[""sjoow copper flexible cord 14/2"", ""sjoow 14/2"", ""wire"", ""flexible cord"", ""extension cord cable"", ""cable flexible""]",true
33729587-0ffa-571c-84fb-24fecaf0a4d5,Wire,Flexible Cord,SJOOW Copper Flexible Cord 14/3,SJOOW 14/3,14/3,,,300V,,,,FT,"[""sjoow copper flexible cord 14/3"", ""sjoow 14/3"", ""wire"", ""flexible cord"", ""extension cord cable"", ""cable flexible""]",true
c9f81ced-f598-502e-a8f0-d90f059fc7b5,Wire,Flexible Cord,SJOOW Copper Flexible Cord 14/4,SJOOW 14/4,14/4,,,300V,,,,FT,"[""sjoow copper flexible cord 14/4"", ""sjoow 14/4"", ""wire"", ""flexible cord"", ""extension cord cable"", ""cable flexible""]",true
0bd1de92-e068-5269-8c17-a469c5524abc,Wire,Flexible Cord,SJOOW Copper Flexible Cord 16/2,SJOOW 16/2,16/2,,,300V,,,,FT,"[""sjoow copper flexible cord 16/2"", ""sjoow 16/2"", ""wire"", ""flexible cord"", ""extension cord cable"", ""cable flexible""]",true
61408e3e-6735-5e3f-ae9e-039cf9cf2cfd,Wire,Flexible Cord,SJOOW Copper Flexible Cord 16/3,SJOOW 16/3,16/3,,,300V,,,,FT,"[""sjoow copper flexible cord 16/3"", ""sjoow 16/3"", ""wire"", ""flexible cord"", ""extension cord cable"", ""cable flexible""]",true
953fc7fa-ad9c-5e1b-8610-7da3fcb9e0bd,Wire,Flexible Cord,SJOOW Copper Flexible Cord 16/4,SJOOW 16/4,16/4,,,300V,,,,FT,"[""sjoow copper flexible cord 16/4"", ""sjoow 16/4"", ""wire"", ""flexible cord"", ""extension cord cable"", ""cable flexible""]",true
74c0fbfe-b176-52d0-b5d8-a69847075145,Wire,Flexible Cord,SJOOW Copper Flexible Cord 18/2,SJOOW 18/2,18/2,,,300V,,,,FT,"[""sjoow copper flexible cord 18/2"", ""sjoow 18/2"", ""wire"", ""flexible cord"", ""extension cord cable"", ""cable flexible""]",true
77e8a200-5b50-5efa-85af-fd64bd69b4e2,Wire,Flexible Cord,SJOOW Copper Flexible Cord 18/3,SJOOW 18/3,18/3,,,300V,,,,FT,"[""sjoow copper flexible cord 18/3"", ""sjoow 18/3"", ""wire"", ""flexible cord"", ""extension cord cable"", ""cable flexible""]",true
821a00e7-b436-5c7e-a0ef-ef67ca06ae6a,Wire,Flexible Cord,SOOW Copper Flexible Cord 10/3,SOOW 10/3,10/3,,,600V,,,,FT,"[""soow copper flexible cord 10/3"", ""soow 10/3"", ""wire"", ""flexible cord"", ""extension cord cable"", ""cable flexible""]",true
2ac66aa7-54d9-5c12-8b64-6ebb3fe891b2,Wire,Flexible Cord,SOOW Copper Flexible Cord 10/4,SOOW 10/4,10/4,,,600V,,,,FT,"[""soow copper flexible cord 10/4"", ""soow 10/4"", ""wire"", ""flexible cord"", ""extension cord cable"", ""cable flexible""]",true
a119e54d-545b-5390-9e5e-7cc762be5de8,Wire,Flexible Cord,SOOW Copper Flexible Cord 12/2,SOOW 12/2,12/2,,,600V,,,,FT,"[""soow copper flexible cord 12/2"", ""soow 12/2"", ""wire"", ""flexible cord"", ""extension cord cable"", ""cable flexible""]",true
292a042c-c962-52ed-9e84-3d3161c030fe,Wire,Flexible Cord,SOOW Copper Flexible Cord 12/3,SOOW 12/3,12/3,,,600V,,,,FT,"[""soow copper flexible cord 12/3"", ""soow 12/3"", ""wire"", ""flexible cord"", ""extension cord cable"", ""cable flexible""]",true
6b1947ac-dc1c-509d-b4f4-aaf30d319666,Wire,Flexible Cord,SOOW Copper Flexible Cord 12/4,SOOW 12/4,12/4,,,600V,,,,FT,"[""soow copper flexible cord 12/4"", ""soow 12/4"", ""wire"", ""flexible cord"", ""extension cord cable"", ""cable flexible""]",true
0365ea61-6cb9-5824-8948-ffabc6e52e9e,Wire,Flexible Cord,SOOW Copper Flexible Cord 14/2,SOOW 14/2,14/2,,,600V,,,,FT,"[""soow copper flexible cord 14/2"", ""soow 14/2"", ""wire"", ""flexible cord"", ""extension cord cable"", ""cable flexible""]",true
11fd5f6e-34f8-5dac-a423-df3fd9dfb444,Wire,Flexible Cord,SOOW Copper Flexible Cord 14/3,SOOW 14/3,14/3,,,600V,,,,FT,"[""soow copper flexible cord 14/3"", ""soow 14/3"", ""wire"", ""flexible cord"", ""extension cord cable"", ""cable flexible""]",true
b33e6ca9-15eb-5bd4-8ad4-5d02d41ee366,Wire,Flexible Cord,SOOW Copper Flexible Cord 14/4,SOOW 14/4,14/4,,,600V,,,,FT,"[""soow copper flexible cord 14/4"", ""soow 14/4"", ""wire"", ""flexible cord"", ""extension cord cable"", ""cable flexible""]",true
4f114484-cded-56ca-b183-6ad140273a6a,Wire,Flexible Cord,SOOW Copper Flexible Cord 16/2,SOOW 16/2,16/2,,,600V,,,,FT,"[""soow copper flexible cord 16/2"", ""soow 16/2"", ""wire"", ""flexible cord"", ""extension cord cable"", ""cable flexible""]",true
f6e5668b-64ab-554c-ba61-888aef9fde05,Wire,Flexible Cord,SOOW Copper Flexible Cord 16/3,SOOW 16/3,16/3,,,600V,,,,FT,"[""soow copper flexible cord 16/3"", ""soow 16/3"", ""wire"", ""flexible cord"", ""extension cord cable"", ""cable flexible""]",true
18ead43d-110a-5248-86de-084936ba0722,Wire,Flexible Cord,SOOW Copper Flexible Cord 16/4,SOOW 16/4,16/4,,,600V,,,,FT,"[""soow copper flexible cord 16/4"", ""soow 16/4"", ""wire"", ""flexible cord"", ""extension cord cable"", ""cable flexible""]",true
023c87b3-a8fc-5be8-b9ed-298e9c51bfab,Wire,Flexible Cord,SOOW Copper Flexible Cord 18/2,SOOW 18/2,18/2,,,600V,,,,FT,"[""soow copper flexible cord 18/2"", ""soow 18/2"", ""wire"", ""flexible cord"", ""extension cord cable"", ""cable flexible""]",true
c894be07-5978-58ea-bc59-3922f070f33b,Wire,Flexible Cord,SOOW Copper Flexible Cord 18/3,SOOW 18/3,18/3,,,600V,,,,FT,"[""soow copper flexible cord 18/3"", ""soow 18/3"", ""wire"", ""flexible cord"", ""extension cord cable"", ""cable flexible""]",true
a98d331a-516f-59ae-9120-dfd7b70e34aa,Wire,Flexible Cord,SOOW Copper Flexible Cord 6/4,SOOW 6/4,6/4,,,600V,,,,FT,"[""soow copper flexible cord 6/4"", ""soow 6/4"", ""wire"", ""flexible cord"", ""extension cord cable"", ""cable flexible""]",true
57519ee9-5e4b-5270-97d9-d8ff9475ae54,Wire,Flexible Cord,SOOW Copper Flexible Cord 8/4,SOOW 8/4,8/4,,,600V,,,,FT,"[""soow copper flexible cord 8/4"", ""soow 8/4"", ""wire"", ""flexible cord"", ""extension cord cable"", ""cable flexible""]",true
43460c67-633e-5657-859a-c76bdf352b0d,Wire,MC,MC Copper 10/2 With Ground,MC 10/2 W/G,10/2,,,600V,,,,FT,"[""mc copper 10/2 with ground"", ""mc 10/2 w/g"", ""wire"", ""mc"", ""cable"", ""mc 10/2""]",true
a8dcdfc5-677b-5069-8950-f7f1b130f7cc,Wire,MC,MC Copper 10/2 With Ground - 250 FT Coil,MC 10/2 W/G 250FT,10/2,,,600V,,,,RL,"[""mc copper 10/2 with ground - 250 ft coil"", ""mc 10/2 w/g 250ft"", ""wire"", ""mc"", ""cable"", ""mc 10/2""]",true
d29e9874-eaa6-5c91-84c3-72f0a5089f40,Wire,MC,MC Copper 10/3 With Ground,MC 10/3 W/G,10/3,,,600V,,,,FT,"[""mc copper 10/3 with ground"", ""mc 10/3 w/g"", ""wire"", ""mc"", ""cable"", ""mc 10/3""]",true
6e14f81c-a5a5-5d4a-96a0-1366eb522a48,Wire,MC,MC Copper 10/3 With Ground - 250 FT Coil,MC 10/3 W/G 250FT,10/3,,,600V,,,,RL,"[""mc copper 10/3 with ground - 250 ft coil"", ""mc 10/3 w/g 250ft"", ""wire"", ""mc"", ""cable"", ""mc 10/3""]",true
e1855096-a75b-5076-80ee-f4659ca850e2,Wire,MC,MC Copper 10/4 With Ground,MC 10/4 W/G,10/4,,,600V,,,,FT,"[""mc copper 10/4 with ground"", ""mc 10/4 w/g"", ""wire"", ""mc"", ""cable"", ""mc 10/4""]",true
fc2a4a6f-a42f-5309-8b26-e49c637ef481,Wire,MC,MC Copper 10/4 With Ground - 250 FT Coil,MC 10/4 W/G 250FT,10/4,,,600V,,,,RL,"[""mc copper 10/4 with ground - 250 ft coil"", ""mc 10/4 w/g 250ft"", ""wire"", ""mc"", ""cable"", ""mc 10/4""]",true
48a31310-105f-5d43-90fb-9345a8b17238,Wire,MC,MC Copper 12/2 With Ground,MC 12/2 W/G,12/2,,,600V,,,,FT,"[""mc copper 12/2 with ground"", ""mc 12/2 w/g"", ""wire"", ""mc"", ""cable"", ""mc 12/2""]",true
514a9188-05cc-567a-8c75-ef9c67129802,Wire,MC,MC Copper 12/2 With Ground - 250 FT Coil,MC 12/2 W/G 250FT,12/2,,,600V,,,,RL,"[""mc copper 12/2 with ground - 250 ft coil"", ""mc 12/2 w/g 250ft"", ""wire"", ""mc"", ""cable"", ""mc 12/2""]",true
369f1fde-17d0-5646-a399-c4f5e466d47a,Wire,MC,MC Copper 12/3 With Ground,MC 12/3 W/G,12/3,,,600V,,,,FT,"[""mc copper 12/3 with ground"", ""mc 12/3 w/g"", ""wire"", ""mc"", ""cable"", ""mc 12/3""]",true
4eb7df67-2777-56c8-8c3c-05b3bff966db,Wire,MC,MC Copper 12/3 With Ground - 250 FT Coil,MC 12/3 W/G 250FT,12/3,,,600V,,,,RL,"[""mc copper 12/3 with ground - 250 ft coil"", ""mc 12/3 w/g 250ft"", ""wire"", ""mc"", ""cable"", ""mc 12/3""]",true
eb447fd5-7bfc-50af-8f01-6ce63a86c8d5,Wire,MC,MC Copper 12/4 With Ground,MC 12/4 W/G,12/4,,,600V,,,,FT,"[""mc copper 12/4 with ground"", ""mc 12/4 w/g"", ""wire"", ""mc"", ""cable"", ""mc 12/4""]",true
3c34889d-cd0d-547b-afb6-d9e5e7d86856,Wire,MC,MC Copper 12/4 With Ground - 250 FT Coil,MC 12/4 W/G 250FT,12/4,,,600V,,,,RL,"[""mc copper 12/4 with ground - 250 ft coil"", ""mc 12/4 w/g 250ft"", ""wire"", ""mc"", ""cable"", ""mc 12/4""]",true
671de64e-28e5-558a-934f-84a1584034cd,Wire,MC,MC Copper 14/2 With Ground,MC 14/2 W/G,14/2,,,600V,,,,FT,"[""mc copper 14/2 with ground"", ""mc 14/2 w/g"", ""wire"", ""mc"", ""cable"", ""mc 14/2""]",true
a8940313-5d41-5a61-815b-6060a94581f7,Wire,MC,MC Copper 14/2 With Ground - 250 FT Coil,MC 14/2 W/G 250FT,14/2,,,600V,,,,RL,"[""mc copper 14/2 with ground - 250 ft coil"", ""mc 14/2 w/g 250ft"", ""wire"", ""mc"", ""cable"", ""mc 14/2""]",true
9c0a9dd2-07ab-54fd-a806-b522f5953cb0,Wire,MC,MC Copper 14/3 With Ground,MC 14/3 W/G,14/3,,,600V,,,,FT,"[""mc copper 14/3 with ground"", ""mc 14/3 w/g"", ""wire"", ""mc"", ""cable"", ""mc 14/3""]",true
9b4445bc-c5b9-5721-9fe5-6db7e06c93ff,Wire,MC,MC Copper 14/3 With Ground - 250 FT Coil,MC 14/3 W/G 250FT,14/3,,,600V,,,,RL,"[""mc copper 14/3 with ground - 250 ft coil"", ""mc 14/3 w/g 250ft"", ""wire"", ""mc"", ""cable"", ""mc 14/3""]",true
c372a781-6a72-58ba-9a26-67d16aa5d5b4,Wire,MC,MC Copper 6/2 With Ground,MC 6/2 W/G,6/2,,,600V,,,,FT,"[""mc copper 6/2 with ground"", ""mc 6/2 w/g"", ""wire"", ""mc"", ""cable"", ""mc 6/2""]",true
0f0a6899-dcf5-5fd6-b49c-e746c23065a5,Wire,MC,MC Copper 6/2 With Ground - 250 FT Coil,MC 6/2 W/G 250FT,6/2,,,600V,,,,RL,"[""mc copper 6/2 with ground - 250 ft coil"", ""mc 6/2 w/g 250ft"", ""wire"", ""mc"", ""cable"", ""mc 6/2""]",true
b3fcc387-92d9-51da-9f77-d328f6a81b2e,Wire,MC,MC Copper 6/3 With Ground,MC 6/3 W/G,6/3,,,600V,,,,FT,"[""mc copper 6/3 with ground"", ""mc 6/3 w/g"", ""wire"", ""mc"", ""cable"", ""mc 6/3""]",true
bd7f8c87-82f9-5948-af62-66704b03327c,Wire,MC,MC Copper 6/3 With Ground - 250 FT Coil,MC 6/3 W/G 250FT,6/3,,,600V,,,,RL,"[""mc copper 6/3 with ground - 250 ft coil"", ""mc 6/3 w/g 250ft"", ""wire"", ""mc"", ""cable"", ""mc 6/3""]",true
aa35a7d4-39bf-5f79-972a-b3bfee35753f,Wire,MC,MC Copper 8/2 With Ground,MC 8/2 W/G,8/2,,,600V,,,,FT,"[""mc copper 8/2 with ground"", ""mc 8/2 w/g"", ""wire"", ""mc"", ""cable"", ""mc 8/2""]",true
8bbbc070-fd16-55f9-a69e-57c466e35bb8,Wire,MC,MC Copper 8/2 With Ground - 250 FT Coil,MC 8/2 W/G 250FT,8/2,,,600V,,,,RL,"[""mc copper 8/2 with ground - 250 ft coil"", ""mc 8/2 w/g 250ft"", ""wire"", ""mc"", ""cable"", ""mc 8/2""]",true
e6f3dcfb-53bb-5743-a482-49871c17662a,Wire,MC,MC Copper 8/3 With Ground,MC 8/3 W/G,8/3,,,600V,,,,FT,"[""mc copper 8/3 with ground"", ""mc 8/3 w/g"", ""wire"", ""mc"", ""cable"", ""mc 8/3""]",true
73335468-61b2-57ea-bec9-653f654d8062,Wire,MC,MC Copper 8/3 With Ground - 250 FT Coil,MC 8/3 W/G 250FT,8/3,,,600V,,,,RL,"[""mc copper 8/3 with ground - 250 ft coil"", ""mc 8/3 w/g 250ft"", ""wire"", ""mc"", ""cable"", ""mc 8/3""]",true
21da82b1-7793-53f8-9c57-25558ad1c7b2,Wire,NM-B,NM-B Copper 10/2 With Ground,NM-B 10/2 W/G,10/2,,,600V,,,,FT,"[""nm-b copper 10/2 with ground"", ""nm-b 10/2 w/g"", ""wire"", ""nm-b"", ""cable"", ""nm-b 10/2"", ""romex""]",true
6b825db1-1722-5584-981a-89e6197f0a48,Wire,NM-B,NM-B Copper 10/2 With Ground - 250 FT Coil,NM-B 10/2 W/G 250FT,10/2,,,600V,,,,RL,"[""nm-b copper 10/2 with ground - 250 ft coil"", ""nm-b 10/2 w/g 250ft"", ""wire"", ""nm-b"", ""cable"", ""nm-b 10/2"", ""romex""]",true
41e65330-67cd-5d0a-81fb-5084e1f65c2a,Wire,NM-B,NM-B Copper 10/3 With Ground,NM-B 10/3 W/G,10/3,,,600V,,,,FT,"[""nm-b copper 10/3 with ground"", ""nm-b 10/3 w/g"", ""wire"", ""nm-b"", ""cable"", ""nm-b 10/3"", ""romex""]",true
aa7a9892-378c-5b48-af01-7a273869855a,Wire,NM-B,NM-B Copper 10/3 With Ground - 250 FT Coil,NM-B 10/3 W/G 250FT,10/3,,,600V,,,,RL,"[""nm-b copper 10/3 with ground - 250 ft coil"", ""nm-b 10/3 w/g 250ft"", ""wire"", ""nm-b"", ""cable"", ""nm-b 10/3"", ""romex""]",true
224d0882-4d79-52f6-847c-ef0d6bf9cfd2,Wire,NM-B,NM-B Copper 12/2 With Ground,NM-B 12/2 W/G,12/2,,,600V,,,,FT,"[""nm-b copper 12/2 with ground"", ""nm-b 12/2 w/g"", ""wire"", ""nm-b"", ""cable"", ""nm-b 12/2"", ""romex""]",true
fe458ae9-4bce-5e7d-b7b5-71355aa358e6,Wire,NM-B,NM-B Copper 12/2 With Ground - 250 FT Coil,NM-B 12/2 W/G 250FT,12/2,,,600V,,,,RL,"[""nm-b copper 12/2 with ground - 250 ft coil"", ""nm-b 12/2 w/g 250ft"", ""wire"", ""nm-b"", ""cable"", ""nm-b 12/2"", ""romex""]",true
b55261aa-142e-5f9e-8b59-f47b2cad68b3,Wire,NM-B,NM-B Copper 12/3 With Ground,NM-B 12/3 W/G,12/3,,,600V,,,,FT,"[""nm-b copper 12/3 with ground"", ""nm-b 12/3 w/g"", ""wire"", ""nm-b"", ""cable"", ""nm-b 12/3"", ""romex""]",true
c8df78db-7be6-5e3c-92c0-1d12d47db879,Wire,NM-B,NM-B Copper 12/3 With Ground - 250 FT Coil,NM-B 12/3 W/G 250FT,12/3,,,600V,,,,RL,"[""nm-b copper 12/3 with ground - 250 ft coil"", ""nm-b 12/3 w/g 250ft"", ""wire"", ""nm-b"", ""cable"", ""nm-b 12/3"", ""romex""]",true
58529050-4907-545f-8c2b-bd172e10ea8c,Wire,NM-B,NM-B Copper 14/2 With Ground,NM-B 14/2 W/G,14/2,,,600V,,,,FT,"[""nm-b copper 14/2 with ground"", ""nm-b 14/2 w/g"", ""wire"", ""nm-b"", ""cable"", ""nm-b 14/2"", ""romex""]",true
05ae9e77-d41a-5856-92e2-8cbadab2f5d4,Wire,NM-B,NM-B Copper 14/2 With Ground - 250 FT Coil,NM-B 14/2 W/G 250FT,14/2,,,600V,,,,RL,"[""nm-b copper 14/2 with ground - 250 ft coil"", ""nm-b 14/2 w/g 250ft"", ""wire"", ""nm-b"", ""cable"", ""nm-b 14/2"", ""romex""]",true
2384d008-84f2-5e92-b8f4-06fd195a8f23,Wire,NM-B,NM-B Copper 14/3 With Ground,NM-B 14/3 W/G,14/3,,,600V,,,,FT,"[""nm-b copper 14/3 with ground"", ""nm-b 14/3 w/g"", ""wire"", ""nm-b"", ""cable"", ""nm-b 14/3"", ""romex""]",true
7f987896-5391-5c52-a2b3-0d0c211f940d,Wire,NM-B,NM-B Copper 14/3 With Ground - 250 FT Coil,NM-B 14/3 W/G 250FT,14/3,,,600V,,,,RL,"[""nm-b copper 14/3 with ground - 250 ft coil"", ""nm-b 14/3 w/g 250ft"", ""wire"", ""nm-b"", ""cable"", ""nm-b 14/3"", ""romex""]",true
d9f309b3-cecd-5713-a055-d349482dbd3f,Wire,NM-B,NM-B Copper 6/3 With Ground,NM-B 6/3 W/G,6/3,,,600V,,,,FT,"[""nm-b copper 6/3 with ground"", ""nm-b 6/3 w/g"", ""wire"", ""nm-b"", ""cable"", ""nm-b 6/3"", ""romex""]",true
b2fe7efe-38ad-59d3-ad97-df207778b12d,Wire,NM-B,NM-B Copper 6/3 With Ground - 250 FT Coil,NM-B 6/3 W/G 250FT,6/3,,,600V,,,,RL,"[""nm-b copper 6/3 with ground - 250 ft coil"", ""nm-b 6/3 w/g 250ft"", ""wire"", ""nm-b"", ""cable"", ""nm-b 6/3"", ""romex""]",true
6f45196a-1769-5b75-99b5-d4e63e7a82d9,Wire,NM-B,NM-B Copper 8/3 With Ground,NM-B 8/3 W/G,8/3,,,600V,,,,FT,"[""nm-b copper 8/3 with ground"", ""nm-b 8/3 w/g"", ""wire"", ""nm-b"", ""cable"", ""nm-b 8/3"", ""romex""]",true
4c11f5c3-edc2-58f7-be74-c7465994bec1,Wire,NM-B,NM-B Copper 8/3 With Ground - 250 FT Coil,NM-B 8/3 W/G 250FT,8/3,,,600V,,,,RL,"[""nm-b copper 8/3 with ground - 250 ft coil"", ""nm-b 8/3 w/g 250ft"", ""wire"", ""nm-b"", ""cable"", ""nm-b 8/3"", ""romex""]",true
2929dbf0-e14b-591b-90dd-a5a796a8a86c,Wire,Service Entrance,SER Aluminum Cable 1-1-1-3,SER AL 1-1-1-3,1-1-1-3,,,600V,,,,FT,"[""ser aluminum cable 1-1-1-3"", ""ser al 1-1-1-3"", ""wire"", ""service entrance"", ""service entrance cable"", ""cable acometida""]",true
1539d9f5-23da-52bc-a887-f63dac0ea37a,Wire,Service Entrance,SER Aluminum Cable 1/0-1/0-1/0-2,SER AL 1/0-1/0-1/0-2,1/0-1/0-1/0-2,,,600V,,,,FT,"[""ser aluminum cable 1/0-1/0-1/0-2"", ""ser al 1/0-1/0-1/0-2"", ""wire"", ""service entrance"", ""service entrance cable"", ""cable acometida""]",true
4610810c-1d7c-557a-80bc-1267db711580,Wire,Service Entrance,SER Aluminum Cable 2-2-2-4,SER AL 2-2-2-4,2-2-2-4,,,600V,,,,FT,"[""ser aluminum cable 2-2-2-4"", ""ser al 2-2-2-4"", ""wire"", ""service entrance"", ""service entrance cable"", ""cable acometida""]",true
f21e4d69-c8a3-513c-bc70-00abd130dd3d,Wire,Service Entrance,SER Aluminum Cable 2/0-2/0-2/0-1,SER AL 2/0-2/0-2/0-1,2/0-2/0-2/0-1,,,600V,,,,FT,"[""ser aluminum cable 2/0-2/0-2/0-1"", ""ser al 2/0-2/0-2/0-1"", ""wire"", ""service entrance"", ""service entrance cable"", ""cable acometida""]",true
d17e19cb-5c9b-5823-894f-7a2ec32512da,Wire,Service Entrance,SER Aluminum Cable 4/0-4/0-4/0-2/0,SER AL 4/0-4/0-4/0-2/0,4/0-4/0-4/0-2/0,,,600V,,,,FT,"[""ser aluminum cable 4/0-4/0-4/0-2/0"", ""ser al 4/0-4/0-4/0-2/0"", ""wire"", ""service entrance"", ""service entrance cable"", ""cable acometida""]",true
8c0b7a31-ae90-5da3-82d3-0016279f45ec,Wire,THHN Copper,THHN/THWN-2 Copper #1 AWG Black Stranded,THHN 1 BLK STR CU,#1 AWG,Black,,600V,,,,FT,"[""thhn/thwn-2 copper #1 awg black stranded"", ""thhn 1 blk str cu"", ""wire"", ""thhn copper"", ""cable cobre"", ""1 blk thhn"", ""thhn 1 negro"", ""1 black wire""]",true
ba9c1736-28bc-5fc7-bdda-3ba8cfbc2c1b,Wire,THHN Copper,THHN/THWN-2 Copper #1 AWG Blue Stranded,THHN 1 BLU STR CU,#1 AWG,Blue,,600V,,,,FT,"[""thhn/thwn-2 copper #1 awg blue stranded"", ""thhn 1 blu str cu"", ""wire"", ""thhn copper"", ""cable cobre"", ""1 blu thhn"", ""thhn 1 azul"", ""1 blue wire""]",true
f696f494-aed5-56b4-87d8-9889b4bc092a,Wire,THHN Copper,THHN/THWN-2 Copper #1 AWG Green Stranded,THHN 1 GRN STR CU,#1 AWG,Green,,600V,,,,FT,"[""thhn/thwn-2 copper #1 awg green stranded"", ""thhn 1 grn str cu"", ""wire"", ""thhn copper"", ""cable cobre"", ""1 grn thhn"", ""thhn 1 verde"", ""1 green wire""]",true
30baacf4-79e6-5df7-936b-605fd2ddfeb5,Wire,THHN Copper,THHN/THWN-2 Copper #1 AWG Red Stranded,THHN 1 RED STR CU,#1 AWG,Red,,600V,,,,FT,"[""thhn/thwn-2 copper #1 awg red stranded"", ""thhn 1 red str cu"", ""wire"", ""thhn copper"", ""cable cobre"", ""1 red thhn"", ""thhn 1 rojo"", ""1 red wire""]",true
0c8f042f-71c7-503c-8999-9acdddaf782c,Wire,THHN Copper,THHN/THWN-2 Copper #1 AWG White Stranded,THHN 1 WHT STR CU,#1 AWG,White,,600V,,,,FT,"[""thhn/thwn-2 copper #1 awg white stranded"", ""thhn 1 wht str cu"", ""wire"", ""thhn copper"", ""cable cobre"", ""1 wht thhn"", ""thhn 1 blanco"", ""1 white wire""]",true
5c014aa1-da69-54f8-86dd-13b30d1f6f85,Wire,THHN Copper,THHN/THWN-2 Copper #1/0 AWG Black Stranded,THHN 1/0 BLK STR CU,#1/0 AWG,Black,,600V,,,,FT,"[""thhn/thwn-2 copper #1/0 awg black stranded"", ""thhn 1/0 blk str cu"", ""wire"", ""thhn copper"", ""cable cobre"", ""1/0 blk thhn"", ""thhn 1/0 negro"", ""1/0 black wire""]",true
fe6a8def-8307-5f43-9fe5-d265aa349b80,Wire,THHN Copper,THHN/THWN-2 Copper #1/0 AWG Blue Stranded,THHN 1/0 BLU STR CU,#1/0 AWG,Blue,,600V,,,,FT,"[""thhn/thwn-2 copper #1/0 awg blue stranded"", ""thhn 1/0 blu str cu"", ""wire"", ""thhn copper"", ""cable cobre"", ""1/0 blu thhn"", ""thhn 1/0 azul"", ""1/0 blue wire""]",true
b9d92ad9-2531-558c-a2be-5e8febc55cf8,Wire,THHN Copper,THHN/THWN-2 Copper #1/0 AWG Green Stranded,THHN 1/0 GRN STR CU,#1/0 AWG,Green,,600V,,,,FT,"[""thhn/thwn-2 copper #1/0 awg green stranded"", ""thhn 1/0 grn str cu"", ""wire"", ""thhn copper"", ""cable cobre"", ""1/0 grn thhn"", ""thhn 1/0 verde"", ""1/0 green wire""]",true
6120c2ae-c881-59b0-99a0-a9aa1e5aeeaf,Wire,THHN Copper,THHN/THWN-2 Copper #1/0 AWG Red Stranded,THHN 1/0 RED STR CU,#1/0 AWG,Red,,600V,,,,FT,"[""thhn/thwn-2 copper #1/0 awg red stranded"", ""thhn 1/0 red str cu"", ""wire"", ""thhn copper"", ""cable cobre"", ""1/0 red thhn"", ""thhn 1/0 rojo"", ""1/0 red wire""]",true
c28c217a-1032-52ef-97b2-6add9005cd45,Wire,THHN Copper,THHN/THWN-2 Copper #1/0 AWG White Stranded,THHN 1/0 WHT STR CU,#1/0 AWG,White,,600V,,,,FT,"[""thhn/thwn-2 copper #1/0 awg white stranded"", ""thhn 1/0 wht str cu"", ""wire"", ""thhn copper"", ""cable cobre"", ""1/0 wht thhn"", ""thhn 1/0 blanco"", ""1/0 white wire""]",true
abbc2ce3-9e0e-5b67-9202-e1a747ebf060,Wire,THHN Copper,THHN/THWN-2 Copper #10 AWG Black Solid,THHN 10 BLK SOL CU,#10 AWG,Black,,600V,,,,FT,"[""thhn/thwn-2 copper #10 awg black solid"", ""thhn 10 blk sol cu"", ""wire"", ""thhn copper"", ""cable cobre"", ""10 blk thhn"", ""thhn 10 negro"", ""10 black wire""]",true
7943dabc-ad2f-5394-9212-00d4cd32eb1c,Wire,THHN Copper,THHN/THWN-2 Copper #10 AWG Black Solid - 500 FT Reel,THHN 10 BLK SOL CU 500FT,#10 AWG,Black,,600V,,,,RL,"[""thhn/thwn-2 copper #10 awg black solid - 500 ft reel"", ""thhn 10 blk sol cu 500ft"", ""wire"", ""thhn copper"", ""rollo cable 500 pies"", ""thhn 10 blk sol 500ft"", ""10 black roll 500""]",true
ca97745f-81d0-502e-8060-32c3219def22,Wire,THHN Copper,THHN/THWN-2 Copper #10 AWG Black Stranded,THHN 10 BLK STR CU,#10 AWG,Black,,600V,,,,FT,"[""thhn/thwn-2 copper #10 awg black stranded"", ""thhn 10 blk str cu"", ""wire"", ""thhn copper"", ""cable cobre"", ""10 blk thhn"", ""thhn 10 negro"", ""10 black wire""]",true
d0a9a731-f89b-5cf0-81f5-bb04b6d1d3b4,Wire,THHN Copper,THHN/THWN-2 Copper #10 AWG Black Stranded - 500 FT Reel,THHN 10 BLK STR CU 500FT,#10 AWG,Black,,600V,,,,RL,"[""thhn/thwn-2 copper #10 awg black stranded - 500 ft reel"", ""thhn 10 blk str cu 500ft"", ""wire"", ""thhn copper"", ""rollo cable 500 pies"", ""thhn 10 blk str 500ft"", ""10 black roll 500""]",true
b3256763-421b-559f-9a74-7f1cbe1539b6,Wire,THHN Copper,THHN/THWN-2 Copper #10 AWG Blue Solid,THHN 10 BLU SOL CU,#10 AWG,Blue,,600V,,,,FT,"[""thhn/thwn-2 copper #10 awg blue solid"", ""thhn 10 blu sol cu"", ""wire"", ""thhn copper"", ""cable cobre"", ""10 blu thhn"", ""thhn 10 azul"", ""10 blue wire""]",true
d1997fe1-75b0-5d54-bcb6-edf05ceacf89,Wire,THHN Copper,THHN/THWN-2 Copper #10 AWG Blue Solid - 500 FT Reel,THHN 10 BLU SOL CU 500FT,#10 AWG,Blue,,600V,,,,RL,"[""thhn/thwn-2 copper #10 awg blue solid - 500 ft reel"", ""thhn 10 blu sol cu 500ft"", ""wire"", ""thhn copper"", ""rollo cable 500 pies"", ""thhn 10 blu sol 500ft"", ""10 blue roll 500""]",true
5d05fc9b-3c54-5153-829c-da84333cc304,Wire,THHN Copper,THHN/THWN-2 Copper #10 AWG Blue Stranded,THHN 10 BLU STR CU,#10 AWG,Blue,,600V,,,,FT,"[""thhn/thwn-2 copper #10 awg blue stranded"", ""thhn 10 blu str cu"", ""wire"", ""thhn copper"", ""cable cobre"", ""10 blu thhn"", ""thhn 10 azul"", ""10 blue wire""]",true
cb22b7e5-3ad8-5cea-8e28-9f2ac1f53af1,Wire,THHN Copper,THHN/THWN-2 Copper #10 AWG Blue Stranded - 500 FT Reel,THHN 10 BLU STR CU 500FT,#10 AWG,Blue,,600V,,,,RL,"[""thhn/thwn-2 copper #10 awg blue stranded - 500 ft reel"", ""thhn 10 blu str cu 500ft"", ""wire"", ""thhn copper"", ""rollo cable 500 pies"", ""thhn 10 blu str 500ft"", ""10 blue roll 500""]",true
b767befe-50f9-5ff3-b4f0-d08ddfd195d8,Wire,THHN Copper,THHN/THWN-2 Copper #10 AWG Brown Solid,THHN 10 BRN SOL CU,#10 AWG,Brown,,600V,,,,FT,"[""thhn/thwn-2 copper #10 awg brown solid"", ""thhn 10 brn sol cu"", ""wire"", ""thhn copper"", ""cable cobre"", ""10 brn thhn"", ""thhn 10 marron"", ""10 brown wire""]",true
61788ced-966c-5826-af93-84e44f9e31a1,Wire,THHN Copper,THHN/THWN-2 Copper #10 AWG Brown Solid - 500 FT Reel,THHN 10 BRN SOL CU 500FT,#10 AWG,Brown,,600V,,,,RL,"[""thhn/thwn-2 copper #10 awg brown solid - 500 ft reel"", ""thhn 10 brn sol cu 500ft"", ""wire"", ""thhn copper"", ""rollo cable 500 pies"", ""thhn 10 brn sol 500ft"", ""10 brown roll 500""]",true
ed7274f5-03ee-5e49-a3ab-f10b6d70f872,Wire,THHN Copper,THHN/THWN-2 Copper #10 AWG Brown Stranded,THHN 10 BRN STR CU,#10 AWG,Brown,,600V,,,,FT,"[""thhn/thwn-2 copper #10 awg brown stranded"", ""thhn 10 brn str cu"", ""wire"", ""thhn copper"", ""cable cobre"", ""10 brn thhn"", ""thhn 10 marron"", ""10 brown wire""]",true
bb2ce394-5d55-5f0f-a63d-60bd2ccd4384,Wire,THHN Copper,THHN/THWN-2 Copper #10 AWG Brown Stranded - 500 FT Reel,THHN 10 BRN STR CU 500FT,#10 AWG,Brown,,600V,,,,RL,"[""thhn/thwn-2 copper #10 awg brown stranded - 500 ft reel"", ""thhn 10 brn str cu 500ft"", ""wire"", ""thhn copper"", ""rollo cable 500 pies"", ""thhn 10 brn str 500ft"", ""10 brown roll 500""]",true
abe553d6-ca2f-5ec7-9d06-6717a9d554a2,Wire,THHN Copper,THHN/THWN-2 Copper #10 AWG Gray Solid,THHN 10 GRY SOL CU,#10 AWG,Gray,,600V,,,,FT,"[""thhn/thwn-2 copper #10 awg gray solid"", ""thhn 10 gry sol cu"", ""wire"", ""thhn copper"", ""cable cobre"", ""10 gry thhn"", ""thhn 10 gris"", ""10 gray wire""]",true
ff7774b0-8590-574d-aa38-92bdde79933b,Wire,THHN Copper,THHN/THWN-2 Copper #10 AWG Gray Solid - 500 FT Reel,THHN 10 GRY SOL CU 500FT,#10 AWG,Gray,,600V,,,,RL,"[""thhn/thwn-2 copper #10 awg gray solid - 500 ft reel"", ""thhn 10 gry sol cu 500ft"", ""wire"", ""thhn copper"", ""rollo cable 500 pies"", ""thhn 10 gry sol 500ft"", ""10 gray roll 500""]",true
f1be1ea9-9081-5f8e-bcce-0089986bc0b8,Wire,THHN Copper,THHN/THWN-2 Copper #10 AWG Gray Stranded,THHN 10 GRY STR CU,#10 AWG,Gray,,600V,,,,FT,"[""thhn/thwn-2 copper #10 awg gray stranded"", ""thhn 10 gry str cu"", ""wire"", ""thhn copper"", ""cable cobre"", ""10 gry thhn"", ""thhn 10 gris"", ""10 gray wire""]",true
afec103a-40a0-5b6a-8e4e-000990f9e824,Wire,THHN Copper,THHN/THWN-2 Copper #10 AWG Gray Stranded - 500 FT Reel,THHN 10 GRY STR CU 500FT,#10 AWG,Gray,,600V,,,,RL,"[""thhn/thwn-2 copper #10 awg gray stranded - 500 ft reel"", ""thhn 10 gry str cu 500ft"", ""wire"", ""thhn copper"", ""rollo cable 500 pies"", ""thhn 10 gry str 500ft"", ""10 gray roll 500""]",true
8eefc245-c7a0-5f3a-86a5-909ed147728e,Wire,THHN Copper,THHN/THWN-2 Copper #10 AWG Green Solid,THHN 10 GRN SOL CU,#10 AWG,Green,,600V,,,,FT,"[""thhn/thwn-2 copper #10 awg green solid"", ""thhn 10 grn sol cu"", ""wire"", ""thhn copper"", ""cable cobre"", ""10 grn thhn"", ""thhn 10 verde"", ""10 green wire""]",true
864ec001-0e8a-5abb-a004-8aa2e0e86be9,Wire,THHN Copper,THHN/THWN-2 Copper #10 AWG Green Solid - 500 FT Reel,THHN 10 GRN SOL CU 500FT,#10 AWG,Green,,600V,,,,RL,"[""thhn/thwn-2 copper #10 awg green solid - 500 ft reel"", ""thhn 10 grn sol cu 500ft"", ""wire"", ""thhn copper"", ""rollo cable 500 pies"", ""thhn 10 grn sol 500ft"", ""10 green roll 500""]",true
f58c8223-4a89-5c1c-a0ed-6764eab8a248,Wire,THHN Copper,THHN/THWN-2 Copper #10 AWG Green Stranded,THHN 10 GRN STR CU,#10 AWG,Green,,600V,,,,FT,"[""thhn/thwn-2 copper #10 awg green stranded"", ""thhn 10 grn str cu"", ""wire"", ""thhn copper"", ""cable cobre"", ""10 grn thhn"", ""thhn 10 verde"", ""10 green wire""]",true
7450bd01-ca1e-5b28-aa5e-bc68cf3c362f,Wire,THHN Copper,THHN/THWN-2 Copper #10 AWG Green Stranded - 500 FT Reel,THHN 10 GRN STR CU 500FT,#10 AWG,Green,,600V,,,,RL,"[""thhn/thwn-2 copper #10 awg green stranded - 500 ft reel"", ""thhn 10 grn str cu 500ft"", ""wire"", ""thhn copper"", ""rollo cable 500 pies"", ""thhn 10 grn str 500ft"", ""10 green roll 500""]",true
ca93633d-621c-5a5c-9f45-4ed5aa7b48cc,Wire,THHN Copper,THHN/THWN-2 Copper #10 AWG Orange Solid,THHN 10 ORG SOL CU,#10 AWG,Orange,,600V,,,,FT,"[""thhn/thwn-2 copper #10 awg orange solid"", ""thhn 10 org sol cu"", ""wire"", ""thhn copper"", ""cable cobre"", ""10 org thhn"", ""thhn 10 naranja"", ""10 orange wire""]",true
29645c53-808b-56ea-8bae-c6ea9797cd38,Wire,THHN Copper,THHN/THWN-2 Copper #10 AWG Orange Solid - 500 FT Reel,THHN 10 ORG SOL CU 500FT,#10 AWG,Orange,,600V,,,,RL,"[""thhn/thwn-2 copper #10 awg orange solid - 500 ft reel"", ""thhn 10 org sol cu 500ft"", ""wire"", ""thhn copper"", ""rollo cable 500 pies"", ""thhn 10 org sol 500ft"", ""10 orange roll 500""]",true
db847dce-b4a4-5777-8c16-53b32a1f24f5,Wire,THHN Copper,THHN/THWN-2 Copper #10 AWG Orange Stranded,THHN 10 ORG STR CU,#10 AWG,Orange,,600V,,,,FT,"[""thhn/thwn-2 copper #10 awg orange stranded"", ""thhn 10 org str cu"", ""wire"", ""thhn copper"", ""cable cobre"", ""10 org thhn"", ""thhn 10 naranja"", ""10 orange wire""]",true
e5e5c898-9e58-5e3a-81f4-e486fe200056,Wire,THHN Copper,THHN/THWN-2 Copper #10 AWG Orange Stranded - 500 FT Reel,THHN 10 ORG STR CU 500FT,#10 AWG,Orange,,600V,,,,RL,"[""thhn/thwn-2 copper #10 awg orange stranded - 500 ft reel"", ""thhn 10 org str cu 500ft"", ""wire"", ""thhn copper"", ""rollo cable 500 pies"", ""thhn 10 org str 500ft"", ""10 orange roll 500""]",true
853b8f05-a2b0-571f-8ddc-bbc51c000d76,Wire,THHN Copper,THHN/THWN-2 Copper #10 AWG Purple Solid,THHN 10 PUR SOL CU,#10 AWG,Purple,,600V,,,,FT,"[""thhn/thwn-2 copper #10 awg purple solid"", ""thhn 10 pur sol cu"", ""wire"", ""thhn copper"", ""cable cobre"", ""10 pur thhn"", ""thhn 10 morado"", ""10 purple wire""]",true
8f498826-1360-5ae9-afb9-fcf70b9f5314,Wire,THHN Copper,THHN/THWN-2 Copper #10 AWG Purple Solid - 500 FT Reel,THHN 10 PUR SOL CU 500FT,#10 AWG,Purple,,600V,,,,RL,"[""thhn/thwn-2 copper #10 awg purple solid - 500 ft reel"", ""thhn 10 pur sol cu 500ft"", ""wire"", ""thhn copper"", ""rollo cable 500 pies"", ""thhn 10 pur sol 500ft"", ""10 purple roll 500""]",true
96f723e7-dab5-5295-a734-0c3ff8705992,Wire,THHN Copper,THHN/THWN-2 Copper #10 AWG Purple Stranded,THHN 10 PUR STR CU,#10 AWG,Purple,,600V,,,,FT,"[""thhn/thwn-2 copper #10 awg purple stranded"", ""thhn 10 pur str cu"", ""wire"", ""thhn copper"", ""cable cobre"", ""10 pur thhn"", ""thhn 10 morado"", ""10 purple wire""]",true
4872e67a-2837-5621-abdd-c8c0b7c09d39,Wire,THHN Copper,THHN/THWN-2 Copper #10 AWG Purple Stranded - 500 FT Reel,THHN 10 PUR STR CU 500FT,#10 AWG,Purple,,600V,,,,RL,"[""thhn/thwn-2 copper #10 awg purple stranded - 500 ft reel"", ""thhn 10 pur str cu 500ft"", ""wire"", ""thhn copper"", ""rollo cable 500 pies"", ""thhn 10 pur str 500ft"", ""10 purple roll 500""]",true
3466e34f-71ba-5f4c-9b89-edccdc69b1f8,Wire,THHN Copper,THHN/THWN-2 Copper #10 AWG Red Solid,THHN 10 RED SOL CU,#10 AWG,Red,,600V,,,,FT,"[""thhn/thwn-2 copper #10 awg red solid"", ""thhn 10 red sol cu"", ""wire"", ""thhn copper"", ""cable cobre"", ""10 red thhn"", ""thhn 10 rojo"", ""10 red wire""]",true
9af8d890-652b-50c3-8452-adff8aa49e2e,Wire,THHN Copper,THHN/THWN-2 Copper #10 AWG Red Solid - 500 FT Reel,THHN 10 RED SOL CU 500FT,#10 AWG,Red,,600V,,,,RL,"[""thhn/thwn-2 copper #10 awg red solid - 500 ft reel"", ""thhn 10 red sol cu 500ft"", ""wire"", ""thhn copper"", ""rollo cable 500 pies"", ""thhn 10 red sol 500ft"", ""10 red roll 500""]",true
5b8dbcce-2935-574b-ba2a-99903af34e18,Wire,THHN Copper,THHN/THWN-2 Copper #10 AWG Red Stranded,THHN 10 RED STR CU,#10 AWG,Red,,600V,,,,FT,"[""thhn/thwn-2 copper #10 awg red stranded"", ""thhn 10 red str cu"", ""wire"", ""thhn copper"", ""cable cobre"", ""10 red thhn"", ""thhn 10 rojo"", ""10 red wire""]",true
068b8c51-f7dd-5566-a0ae-11f9e7224ee5,Wire,THHN Copper,THHN/THWN-2 Copper #10 AWG Red Stranded - 500 FT Reel,THHN 10 RED STR CU 500FT,#10 AWG,Red,,600V,,,,RL,"[""thhn/thwn-2 copper #10 awg red stranded - 500 ft reel"", ""thhn 10 red str cu 500ft"", ""wire"", ""thhn copper"", ""rollo cable 500 pies"", ""thhn 10 red str 500ft"", ""10 red roll 500""]",true
154f50c9-d19a-57ef-a591-68699206adf6,Wire,THHN Copper,THHN/THWN-2 Copper #10 AWG White Solid,THHN 10 WHT SOL CU,#10 AWG,White,,600V,,,,FT,"[""thhn/thwn-2 copper #10 awg white solid"", ""thhn 10 wht sol cu"", ""wire"", ""thhn copper"", ""cable cobre"", ""10 wht thhn"", ""thhn 10 blanco"", ""10 white wire""]",true
c8abfc19-ddaa-5b06-acca-77866daedf9e,Wire,THHN Copper,THHN/THWN-2 Copper #10 AWG White Solid - 500 FT Reel,THHN 10 WHT SOL CU 500FT,#10 AWG,White,,600V,,,,RL,"[""thhn/thwn-2 copper #10 awg white solid - 500 ft reel"", ""thhn 10 wht sol cu 500ft"", ""wire"", ""thhn copper"", ""rollo cable 500 pies"", ""thhn 10 wht sol 500ft"", ""10 white roll 500""]",true
8f5d38f4-8931-5e84-9f0b-58b127d3fd39,Wire,THHN Copper,THHN/THWN-2 Copper #10 AWG White Stranded,THHN 10 WHT STR CU,#10 AWG,White,,600V,,,,FT,"[""thhn/thwn-2 copper #10 awg white stranded"", ""thhn 10 wht str cu"", ""wire"", ""thhn copper"", ""cable cobre"", ""10 wht thhn"", ""thhn 10 blanco"", ""10 white wire""]",true
2ec5639d-1b9f-5870-b2ad-609b780df96f,Wire,THHN Copper,THHN/THWN-2 Copper #10 AWG White Stranded - 500 FT Reel,THHN 10 WHT STR CU 500FT,#10 AWG,White,,600V,,,,RL,"[""thhn/thwn-2 copper #10 awg white stranded - 500 ft reel"", ""thhn 10 wht str cu 500ft"", ""wire"", ""thhn copper"", ""rollo cable 500 pies"", ""thhn 10 wht str 500ft"", ""10 white roll 500""]",true
d75bd951-ff7f-5749-9bf9-80c081bca1b4,Wire,THHN Copper,THHN/THWN-2 Copper #10 AWG Yellow Solid,THHN 10 YEL SOL CU,#10 AWG,Yellow,,600V,,,,FT,"[""thhn/thwn-2 copper #10 awg yellow solid"", ""thhn 10 yel sol cu"", ""wire"", ""thhn copper"", ""cable cobre"", ""10 yel thhn"", ""thhn 10 amarillo"", ""10 yellow wire""]",true
8cef06cc-19e9-5aec-aa6b-d4472b7834d6,Wire,THHN Copper,THHN/THWN-2 Copper #10 AWG Yellow Solid - 500 FT Reel,THHN 10 YEL SOL CU 500FT,#10 AWG,Yellow,,600V,,,,RL,"[""thhn/thwn-2 copper #10 awg yellow solid - 500 ft reel"", ""thhn 10 yel sol cu 500ft"", ""wire"", ""thhn copper"", ""rollo cable 500 pies"", ""thhn 10 yel sol 500ft"", ""10 yellow roll 500""]",true
5974c8d2-cd83-54e9-aabb-2bf0ed6b0621,Wire,THHN Copper,THHN/THWN-2 Copper #10 AWG Yellow Stranded,THHN 10 YEL STR CU,#10 AWG,Yellow,,600V,,,,FT,"[""thhn/thwn-2 copper #10 awg yellow stranded"", ""thhn 10 yel str cu"", ""wire"", ""thhn copper"", ""cable cobre"", ""10 yel thhn"", ""thhn 10 amarillo"", ""10 yellow wire""]",true
7a4008c3-90dc-5336-b6f7-d61fb3f028df,Wire,THHN Copper,THHN/THWN-2 Copper #10 AWG Yellow Stranded - 500 FT Reel,THHN 10 YEL STR CU 500FT,#10 AWG,Yellow,,600V,,,,RL,"[""thhn/thwn-2 copper #10 awg yellow stranded - 500 ft reel"", ""thhn 10 yel str cu 500ft"", ""wire"", ""thhn copper"", ""rollo cable 500 pies"", ""thhn 10 yel str 500ft"", ""10 yellow roll 500""]",true
1626e49a-d468-5389-9025-9d1d56de0fa2,Wire,THHN Copper,THHN/THWN-2 Copper #12 AWG Black Solid,THHN 12 BLK SOL CU,#12 AWG,Black,,600V,,,,FT,"[""thhn/thwn-2 copper #12 awg black solid"", ""thhn 12 blk sol cu"", ""wire"", ""thhn copper"", ""cable cobre"", ""12 blk thhn"", ""thhn 12 negro"", ""12 black wire""]",true
a4f8f313-e2b8-5cf3-ab07-35b6d33146cb,Wire,THHN Copper,THHN/THWN-2 Copper #12 AWG Black Solid - 500 FT Reel,THHN 12 BLK SOL CU 500FT,#12 AWG,Black,,600V,,,,RL,"[""thhn/thwn-2 copper #12 awg black solid - 500 ft reel"", ""thhn 12 blk sol cu 500ft"", ""wire"", ""thhn copper"", ""rollo cable 500 pies"", ""thhn 12 blk sol 500ft"", ""12 black roll 500""]",true
38792407-5a4c-5403-91d9-b0f8ee88f3e1,Wire,THHN Copper,THHN/THWN-2 Copper #12 AWG Black Stranded,THHN 12 BLK STR CU,#12 AWG,Black,,600V,,,,FT,"[""thhn/thwn-2 copper #12 awg black stranded"", ""thhn 12 blk str cu"", ""wire"", ""thhn copper"", ""cable cobre"", ""12 blk thhn"", ""thhn 12 negro"", ""12 black wire""]",true
3551c4f1-df3d-5082-bc6f-0c8a02bc0022,Wire,THHN Copper,THHN/THWN-2 Copper #12 AWG Black Stranded - 500 FT Reel,THHN 12 BLK STR CU 500FT,#12 AWG,Black,,600V,,,,RL,"[""thhn/thwn-2 copper #12 awg black stranded - 500 ft reel"", ""thhn 12 blk str cu 500ft"", ""wire"", ""thhn copper"", ""rollo cable 500 pies"", ""thhn 12 blk str 500ft"", ""12 black roll 500""]",true
cd7476e6-53cb-5430-a279-b5adeda1cc9c,Wire,THHN Copper,THHN/THWN-2 Copper #12 AWG Blue Solid,THHN 12 BLU SOL CU,#12 AWG,Blue,,600V,,,,FT,"[""thhn/thwn-2 copper #12 awg blue solid"", ""thhn 12 blu sol cu"", ""wire"", ""thhn copper"", ""cable cobre"", ""12 blu thhn"", ""thhn 12 azul"", ""12 blue wire""]",true
37881bff-f28e-5c4d-8c27-487faf997a8c,Wire,THHN Copper,THHN/THWN-2 Copper #12 AWG Blue Solid - 500 FT Reel,THHN 12 BLU SOL CU 500FT,#12 AWG,Blue,,600V,,,,RL,"[""thhn/thwn-2 copper #12 awg blue solid - 500 ft reel"", ""thhn 12 blu sol cu 500ft"", ""wire"", ""thhn copper"", ""rollo cable 500 pies"", ""thhn 12 blu sol 500ft"", ""12 blue roll 500""]",true
e574835a-302c-52a8-a1ee-abc4fbe13af8,Wire,THHN Copper,THHN/THWN-2 Copper #12 AWG Blue Stranded,THHN 12 BLU STR CU,#12 AWG,Blue,,600V,,,,FT,"[""thhn/thwn-2 copper #12 awg blue stranded"", ""thhn 12 blu str cu"", ""wire"", ""thhn copper"", ""cable cobre"", ""12 blu thhn"", ""thhn 12 azul"", ""12 blue wire""]",true
66cd36af-a37e-5c43-b3a7-e40febf0621c,Wire,THHN Copper,THHN/THWN-2 Copper #12 AWG Blue Stranded - 500 FT Reel,THHN 12 BLU STR CU 500FT,#12 AWG,Blue,,600V,,,,RL,"[""thhn/thwn-2 copper #12 awg blue stranded - 500 ft reel"", ""thhn 12 blu str cu 500ft"", ""wire"", ""thhn copper"", ""rollo cable 500 pies"", ""thhn 12 blu str 500ft"", ""12 blue roll 500""]",true
5e01eed0-5e3d-58a3-a5ce-47476d452626,Wire,THHN Copper,THHN/THWN-2 Copper #12 AWG Brown Solid,THHN 12 BRN SOL CU,#12 AWG,Brown,,600V,,,,FT,"[""thhn/thwn-2 copper #12 awg brown solid"", ""thhn 12 brn sol cu"", ""wire"", ""thhn copper"", ""cable cobre"", ""12 brn thhn"", ""thhn 12 marron"", ""12 brown wire""]",true
6499e0e1-3479-53a6-8653-4869ff175509,Wire,THHN Copper,THHN/THWN-2 Copper #12 AWG Brown Solid - 500 FT Reel,THHN 12 BRN SOL CU 500FT,#12 AWG,Brown,,600V,,,,RL,"[""thhn/thwn-2 copper #12 awg brown solid - 500 ft reel"", ""thhn 12 brn sol cu 500ft"", ""wire"", ""thhn copper"", ""rollo cable 500 pies"", ""thhn 12 brn sol 500ft"", ""12 brown roll 500""]",true
365d9e64-8db6-5158-8c63-f3f18d195aeb,Wire,THHN Copper,THHN/THWN-2 Copper #12 AWG Brown Stranded,THHN 12 BRN STR CU,#12 AWG,Brown,,600V,,,,FT,"[""thhn/thwn-2 copper #12 awg brown stranded"", ""thhn 12 brn str cu"", ""wire"", ""thhn copper"", ""cable cobre"", ""12 brn thhn"", ""thhn 12 marron"", ""12 brown wire""]",true
17e4361d-b2d4-51d5-bcfd-99071f5e62f3,Wire,THHN Copper,THHN/THWN-2 Copper #12 AWG Brown Stranded - 500 FT Reel,THHN 12 BRN STR CU 500FT,#12 AWG,Brown,,600V,,,,RL,"[""thhn/thwn-2 copper #12 awg brown stranded - 500 ft reel"", ""thhn 12 brn str cu 500ft"", ""wire"", ""thhn copper"", ""rollo cable 500 pies"", ""thhn 12 brn str 500ft"", ""12 brown roll 500""]",true
4744b17b-a872-5785-b5ff-3723df6cce63,Wire,THHN Copper,THHN/THWN-2 Copper #12 AWG Gray Solid,THHN 12 GRY SOL CU,#12 AWG,Gray,,600V,,,,FT,"[""thhn/thwn-2 copper #12 awg gray solid"", ""thhn 12 gry sol cu"", ""wire"", ""thhn copper"", ""cable cobre"", ""12 gry thhn"", ""thhn 12 gris"", ""12 gray wire""]",true
75f51735-2f6d-5c31-b94d-015f9d9586b9,Wire,THHN Copper,THHN/THWN-2 Copper #12 AWG Gray Solid - 500 FT Reel,THHN 12 GRY SOL CU 500FT,#12 AWG,Gray,,600V,,,,RL,"[""thhn/thwn-2 copper #12 awg gray solid - 500 ft reel"", ""thhn 12 gry sol cu 500ft"", ""wire"", ""thhn copper"", ""rollo cable 500 pies"", ""thhn 12 gry sol 500ft"", ""12 gray roll 500""]",true
8704a07f-c9bf-5769-bb2a-470574930cd2,Wire,THHN Copper,THHN/THWN-2 Copper #12 AWG Gray Stranded,THHN 12 GRY STR CU,#12 AWG,Gray,,600V,,,,FT,"[""thhn/thwn-2 copper #12 awg gray stranded"", ""thhn 12 gry str cu"", ""wire"", ""thhn copper"", ""cable cobre"", ""12 gry thhn"", ""thhn 12 gris"", ""12 gray wire""]",true
8dcbcf3c-3c8b-524d-847d-70b96003ab4b,Wire,THHN Copper,THHN/THWN-2 Copper #12 AWG Gray Stranded - 500 FT Reel,THHN 12 GRY STR CU 500FT,#12 AWG,Gray,,600V,,,,RL,"[""thhn/thwn-2 copper #12 awg gray stranded - 500 ft reel"", ""thhn 12 gry str cu 500ft"", ""wire"", ""thhn copper"", ""rollo cable 500 pies"", ""thhn 12 gry str 500ft"", ""12 gray roll 500""]",true
a3dfb6bf-42b2-53ee-9082-92cfc26d5fd8,Wire,THHN Copper,THHN/THWN-2 Copper #12 AWG Green Solid,THHN 12 GRN SOL CU,#12 AWG,Green,,600V,,,,FT,"[""thhn/thwn-2 copper #12 awg green solid"", ""thhn 12 grn sol cu"", ""wire"", ""thhn copper"", ""cable cobre"", ""12 grn thhn"", ""thhn 12 verde"", ""12 green wire""]",true
91e9078d-ac0c-5bb6-997c-c6710b4dfb13,Wire,THHN Copper,THHN/THWN-2 Copper #12 AWG Green Solid - 500 FT Reel,THHN 12 GRN SOL CU 500FT,#12 AWG,Green,,600V,,,,RL,"[""thhn/thwn-2 copper #12 awg green solid - 500 ft reel"", ""thhn 12 grn sol cu 500ft"", ""wire"", ""thhn copper"", ""rollo cable 500 pies"", ""thhn 12 grn sol 500ft"", ""12 green roll 500""]",true
8528a2f7-e457-57e0-892e-d88202d8c98f,Wire,THHN Copper,THHN/THWN-2 Copper #12 AWG Green Stranded,THHN 12 GRN STR CU,#12 AWG,Green,,600V,,,,FT,"[""thhn/thwn-2 copper #12 awg green stranded"", ""thhn 12 grn str cu"", ""wire"", ""thhn copper"", ""cable cobre"", ""12 grn thhn"", ""thhn 12 verde"", ""12 green wire""]",true
3d6d8534-022b-548f-a59c-993a0e089f3e,Wire,THHN Copper,THHN/THWN-2 Copper #12 AWG Green Stranded - 500 FT Reel,THHN 12 GRN STR CU 500FT,#12 AWG,Green,,600V,,,,RL,"[""thhn/thwn-2 copper #12 awg green stranded - 500 ft reel"", ""thhn 12 grn str cu 500ft"", ""wire"", ""thhn copper"", ""rollo cable 500 pies"", ""thhn 12 grn str 500ft"", ""12 green roll 500""]",true
ffcd42bd-b937-5b96-8552-449fdb1aba8a,Wire,THHN Copper,THHN/THWN-2 Copper #12 AWG Orange Solid,THHN 12 ORG SOL CU,#12 AWG,Orange,,600V,,,,FT,"[""thhn/thwn-2 copper #12 awg orange solid"", ""thhn 12 org sol cu"", ""wire"", ""thhn copper"", ""cable cobre"", ""12 org thhn"", ""thhn 12 naranja"", ""12 orange wire""]",true
2f9b8875-8d14-5160-bd5d-6c6306cc9403,Wire,THHN Copper,THHN/THWN-2 Copper #12 AWG Orange Solid - 500 FT Reel,THHN 12 ORG SOL CU 500FT,#12 AWG,Orange,,600V,,,,RL,"[""thhn/thwn-2 copper #12 awg orange solid - 500 ft reel"", ""thhn 12 org sol cu 500ft"", ""wire"", ""thhn copper"", ""rollo cable 500 pies"", ""thhn 12 org sol 500ft"", ""12 orange roll 500""]",true
b9ada491-8428-5f19-9ea2-ff6e8a03b88b,Wire,THHN Copper,THHN/THWN-2 Copper #12 AWG Orange Stranded,THHN 12 ORG STR CU,#12 AWG,Orange,,600V,,,,FT,"[""thhn/thwn-2 copper #12 awg orange stranded"", ""thhn 12 org str cu"", ""wire"", ""thhn copper"", ""cable cobre"", ""12 org thhn"", ""thhn 12 naranja"", ""12 orange wire""]",true
4cef091f-3c2c-5ec6-94d0-bafc466e03db,Wire,THHN Copper,THHN/THWN-2 Copper #12 AWG Orange Stranded - 500 FT Reel,THHN 12 ORG STR CU 500FT,#12 AWG,Orange,,600V,,,,RL,"[""thhn/thwn-2 copper #12 awg orange stranded - 500 ft reel"", ""thhn 12 org str cu 500ft"", ""wire"", ""thhn copper"", ""rollo cable 500 pies"", ""thhn 12 org str 500ft"", ""12 orange roll 500""]",true
67553e44-0f4c-5694-a61f-3f332f69578f,Wire,THHN Copper,THHN/THWN-2 Copper #12 AWG Purple Solid,THHN 12 PUR SOL CU,#12 AWG,Purple,,600V,,,,FT,"[""thhn/thwn-2 copper #12 awg purple solid"", ""thhn 12 pur sol cu"", ""wire"", ""thhn copper"", ""cable cobre"", ""12 pur thhn"", ""thhn 12 morado"", ""12 purple wire""]",true
5816447c-0f2b-5844-b09f-fdb242aa7a1a,Wire,THHN Copper,THHN/THWN-2 Copper #12 AWG Purple Solid - 500 FT Reel,THHN 12 PUR SOL CU 500FT,#12 AWG,Purple,,600V,,,,RL,"[""thhn/thwn-2 copper #12 awg purple solid - 500 ft reel"", ""thhn 12 pur sol cu 500ft"", ""wire"", ""thhn copper"", ""rollo cable 500 pies"", ""thhn 12 pur sol 500ft"", ""12 purple roll 500""]",true
2868ce6a-c2f9-5c9a-b86d-270b2b3c8f2c,Wire,THHN Copper,THHN/THWN-2 Copper #12 AWG Purple Stranded,THHN 12 PUR STR CU,#12 AWG,Purple,,600V,,,,FT,"[""thhn/thwn-2 copper #12 awg purple stranded"", ""thhn 12 pur str cu"", ""wire"", ""thhn copper"", ""cable cobre"", ""12 pur thhn"", ""thhn 12 morado"", ""12 purple wire""]",true
19a34ccc-cbf2-58a9-986c-6138eeb005c5,Wire,THHN Copper,THHN/THWN-2 Copper #12 AWG Purple Stranded - 500 FT Reel,THHN 12 PUR STR CU 500FT,#12 AWG,Purple,,600V,,,,RL,"[""thhn/thwn-2 copper #12 awg purple stranded - 500 ft reel"", ""thhn 12 pur str cu 500ft"", ""wire"", ""thhn copper"", ""rollo cable 500 pies"", ""thhn 12 pur str 500ft"", ""12 purple roll 500""]",true
3302a437-a333-5744-9214-4c18c8cafb17,Wire,THHN Copper,THHN/THWN-2 Copper #12 AWG Red Solid,THHN 12 RED SOL CU,#12 AWG,Red,,600V,,,,FT,"[""thhn/thwn-2 copper #12 awg red solid"", ""thhn 12 red sol cu"", ""wire"", ""thhn copper"", ""cable cobre"", ""12 red thhn"", ""thhn 12 rojo"", ""12 red wire""]",true
7e9ab23e-d54d-587c-9200-8b2703a5ffaf,Wire,THHN Copper,THHN/THWN-2 Copper #12 AWG Red Solid - 500 FT Reel,THHN 12 RED SOL CU 500FT,#12 AWG,Red,,600V,,,,RL,"[""thhn/thwn-2 copper #12 awg red solid - 500 ft reel"", ""thhn 12 red sol cu 500ft"", ""wire"", ""thhn copper"", ""rollo cable 500 pies"", ""thhn 12 red sol 500ft"", ""12 red roll 500""]",true
f3331e74-b16e-5440-b5d5-7e784c87043b,Wire,THHN Copper,THHN/THWN-2 Copper #12 AWG Red Stranded,THHN 12 RED STR CU,#12 AWG,Red,,600V,,,,FT,"[""thhn/thwn-2 copper #12 awg red stranded"", ""thhn 12 red str cu"", ""wire"", ""thhn copper"", ""cable cobre"", ""12 red thhn"", ""thhn 12 rojo"", ""12 red wire""]",true
263aa363-d279-531e-bcf5-751da1aa6fe6,Wire,THHN Copper,THHN/THWN-2 Copper #12 AWG Red Stranded - 500 FT Reel,THHN 12 RED STR CU 500FT,#12 AWG,Red,,600V,,,,RL,"[""thhn/thwn-2 copper #12 awg red stranded - 500 ft reel"", ""thhn 12 red str cu 500ft"", ""wire"", ""thhn copper"", ""rollo cable 500 pies"", ""thhn 12 red str 500ft"", ""12 red roll 500""]",true
493fc6bf-2a0c-5a11-b801-910bf955949c,Wire,THHN Copper,THHN/THWN-2 Copper #12 AWG White Solid,THHN 12 WHT SOL CU,#12 AWG,White,,600V,,,,FT,"[""thhn/thwn-2 copper #12 awg white solid"", ""thhn 12 wht sol cu"", ""wire"", ""thhn copper"", ""cable cobre"", ""12 wht thhn"", ""thhn 12 blanco"", ""12 white wire""]",true
2bce9345-c080-5923-bc59-873177e4ccb7,Wire,THHN Copper,THHN/THWN-2 Copper #12 AWG White Solid - 500 FT Reel,THHN 12 WHT SOL CU 500FT,#12 AWG,White,,600V,,,,RL,"[""thhn/thwn-2 copper #12 awg white solid - 500 ft reel"", ""thhn 12 wht sol cu 500ft"", ""wire"", ""thhn copper"", ""rollo cable 500 pies"", ""thhn 12 wht sol 500ft"", ""12 white roll 500""]",true
be67b3bc-f21d-597b-ac97-f982ce40a0f6,Wire,THHN Copper,THHN/THWN-2 Copper #12 AWG White Stranded,THHN 12 WHT STR CU,#12 AWG,White,,600V,,,,FT,"[""thhn/thwn-2 copper #12 awg white stranded"", ""thhn 12 wht str cu"", ""wire"", ""thhn copper"", ""cable cobre"", ""12 wht thhn"", ""thhn 12 blanco"", ""12 white wire""]",true
e8ec379a-2808-581e-9112-21133e04f2fa,Wire,THHN Copper,THHN/THWN-2 Copper #12 AWG White Stranded - 500 FT Reel,THHN 12 WHT STR CU 500FT,#12 AWG,White,,600V,,,,RL,"[""thhn/thwn-2 copper #12 awg white stranded - 500 ft reel"", ""thhn 12 wht str cu 500ft"", ""wire"", ""thhn copper"", ""rollo cable 500 pies"", ""thhn 12 wht str 500ft"", ""12 white roll 500""]",true
3fb10fd7-ea87-546b-bf25-329c1268880c,Wire,THHN Copper,THHN/THWN-2 Copper #12 AWG Yellow Solid,THHN 12 YEL SOL CU,#12 AWG,Yellow,,600V,,,,FT,"[""thhn/thwn-2 copper #12 awg yellow solid"", ""thhn 12 yel sol cu"", ""wire"", ""thhn copper"", ""cable cobre"", ""12 yel thhn"", ""thhn 12 amarillo"", ""12 yellow wire""]",true
096124b2-def0-5df4-8906-9e9a2958699e,Wire,THHN Copper,THHN/THWN-2 Copper #12 AWG Yellow Solid - 500 FT Reel,THHN 12 YEL SOL CU 500FT,#12 AWG,Yellow,,600V,,,,RL,"[""thhn/thwn-2 copper #12 awg yellow solid - 500 ft reel"", ""thhn 12 yel sol cu 500ft"", ""wire"", ""thhn copper"", ""rollo cable 500 pies"", ""thhn 12 yel sol 500ft"", ""12 yellow roll 500""]",true
61ab8ba5-5e6d-5adf-8f71-7eea3b8d5ea8,Wire,THHN Copper,THHN/THWN-2 Copper #12 AWG Yellow Stranded,THHN 12 YEL STR CU,#12 AWG,Yellow,,600V,,,,FT,"[""thhn/thwn-2 copper #12 awg yellow stranded"", ""thhn 12 yel str cu"", ""wire"", ""thhn copper"", ""cable cobre"", ""12 yel thhn"", ""thhn 12 amarillo"", ""12 yellow wire""]",true
86e6d0f3-0b2b-5048-970e-6e69f5f7e89f,Wire,THHN Copper,THHN/THWN-2 Copper #12 AWG Yellow Stranded - 500 FT Reel,THHN 12 YEL STR CU 500FT,#12 AWG,Yellow,,600V,,,,RL,"[""thhn/thwn-2 copper #12 awg yellow stranded - 500 ft reel"", ""thhn 12 yel str cu 500ft"", ""wire"", ""thhn copper"", ""rollo cable 500 pies"", ""thhn 12 yel str 500ft"", ""12 yellow roll 500""]",true
5524a85a-98cc-54f4-ba65-2008909cd3ad,Wire,THHN Copper,THHN/THWN-2 Copper #14 AWG Black Solid,THHN 14 BLK SOL CU,#14 AWG,Black,,600V,,,,FT,"[""thhn/thwn-2 copper #14 awg black solid"", ""thhn 14 blk sol cu"", ""wire"", ""thhn copper"", ""cable cobre"", ""14 blk thhn"", ""thhn 14 negro"", ""14 black wire""]",true
9c4e1d4d-960b-58eb-b32b-b8c0e4de009c,Wire,THHN Copper,THHN/THWN-2 Copper #14 AWG Black Solid - 500 FT Reel,THHN 14 BLK SOL CU 500FT,#14 AWG,Black,,600V,,,,RL,"[""thhn/thwn-2 copper #14 awg black solid - 500 ft reel"", ""thhn 14 blk sol cu 500ft"", ""wire"", ""thhn copper"", ""rollo cable 500 pies"", ""thhn 14 blk sol 500ft"", ""14 black roll 500""]",true
758a5edf-0ee1-54a2-ad64-f02763590c80,Wire,THHN Copper,THHN/THWN-2 Copper #14 AWG Black Stranded,THHN 14 BLK STR CU,#14 AWG,Black,,600V,,,,FT,"[""thhn/thwn-2 copper #14 awg black stranded"", ""thhn 14 blk str cu"", ""wire"", ""thhn copper"", ""cable cobre"", ""14 blk thhn"", ""thhn 14 negro"", ""14 black wire""]",true
96b9f94a-23fb-59b7-a439-91c6973e0b26,Wire,THHN Copper,THHN/THWN-2 Copper #14 AWG Black Stranded - 500 FT Reel,THHN 14 BLK STR CU 500FT,#14 AWG,Black,,600V,,,,RL,"[""thhn/thwn-2 copper #14 awg black stranded - 500 ft reel"", ""thhn 14 blk str cu 500ft"", ""wire"", ""thhn copper"", ""rollo cable 500 pies"", ""thhn 14 blk str 500ft"", ""14 black roll 500""]",true
30fe8af8-9d7c-598e-9b4f-9236378d24c0,Wire,THHN Copper,THHN/THWN-2 Copper #14 AWG Blue Solid,THHN 14 BLU SOL CU,#14 AWG,Blue,,600V,,,,FT,"[""thhn/thwn-2 copper #14 awg blue solid"", ""thhn 14 blu sol cu"", ""wire"", ""thhn copper"", ""cable cobre"", ""14 blu thhn"", ""thhn 14 azul"", ""14 blue wire""]",true
de34229b-ccf2-5eff-a26f-db9e89e73ce1,Wire,THHN Copper,THHN/THWN-2 Copper #14 AWG Blue Solid - 500 FT Reel,THHN 14 BLU SOL CU 500FT,#14 AWG,Blue,,600V,,,,RL,"[""thhn/thwn-2 copper #14 awg blue solid - 500 ft reel"", ""thhn 14 blu sol cu 500ft"", ""wire"", ""thhn copper"", ""rollo cable 500 pies"", ""thhn 14 blu sol 500ft"", ""14 blue roll 500""]",true
2912a6b5-88c4-5829-9cd1-1389ed625a7a,Wire,THHN Copper,THHN/THWN-2 Copper #14 AWG Blue Stranded,THHN 14 BLU STR CU,#14 AWG,Blue,,600V,,,,FT,"[""thhn/thwn-2 copper #14 awg blue stranded"", ""thhn 14 blu str cu"", ""wire"", ""thhn copper"", ""cable cobre"", ""14 blu thhn"", ""thhn 14 azul"", ""14 blue wire""]",true
e14bb07c-1940-5b62-9784-0fb380b3d21b,Wire,THHN Copper,THHN/THWN-2 Copper #14 AWG Blue Stranded - 500 FT Reel,THHN 14 BLU STR CU 500FT,#14 AWG,Blue,,600V,,,,RL,"[""thhn/thwn-2 copper #14 awg blue stranded - 500 ft reel"", ""thhn 14 blu str cu 500ft"", ""wire"", ""thhn copper"", ""rollo cable 500 pies"", ""thhn 14 blu str 500ft"", ""14 blue roll 500""]",true
1cf2626f-05d8-520e-8a8f-2105e63b7dc2,Wire,THHN Copper,THHN/THWN-2 Copper #14 AWG Brown Solid,THHN 14 BRN SOL CU,#14 AWG,Brown,,600V,,,,FT,"[""thhn/thwn-2 copper #14 awg brown solid"", ""thhn 14 brn sol cu"", ""wire"", ""thhn copper"", ""cable cobre"", ""14 brn thhn"", ""thhn 14 marron"", ""14 brown wire""]",true
6d389303-015b-5650-af79-090051246693,Wire,THHN Copper,THHN/THWN-2 Copper #14 AWG Brown Solid - 500 FT Reel,THHN 14 BRN SOL CU 500FT,#14 AWG,Brown,,600V,,,,RL,"[""thhn/thwn-2 copper #14 awg brown solid - 500 ft reel"", ""thhn 14 brn sol cu 500ft"", ""wire"", ""thhn copper"", ""rollo cable 500 pies"", ""thhn 14 brn sol 500ft"", ""14 brown roll 500""]",true
e082fc8e-bf30-53d1-b1b0-e6eaf516724b,Wire,THHN Copper,THHN/THWN-2 Copper #14 AWG Brown Stranded,THHN 14 BRN STR CU,#14 AWG,Brown,,600V,,,,FT,"[""thhn/thwn-2 copper #14 awg brown stranded"", ""thhn 14 brn str cu"", ""wire"", ""thhn copper"", ""cable cobre"", ""14 brn thhn"", ""thhn 14 marron"", ""14 brown wire""]",true
26f83d4c-9334-5c3e-a9c4-9e4523e55bc7,Wire,THHN Copper,THHN/THWN-2 Copper #14 AWG Brown Stranded - 500 FT Reel,THHN 14 BRN STR CU 500FT,#14 AWG,Brown,,600V,,,,RL,"[""thhn/thwn-2 copper #14 awg brown stranded - 500 ft reel"", ""thhn 14 brn str cu 500ft"", ""wire"", ""thhn copper"", ""rollo cable 500 pies"", ""thhn 14 brn str 500ft"", ""14 brown roll 500""]",true
b65eb8a4-1bc2-5e2b-8a77-527b538ecd63,Wire,THHN Copper,THHN/THWN-2 Copper #14 AWG Gray Solid,THHN 14 GRY SOL CU,#14 AWG,Gray,,600V,,,,FT,"[""thhn/thwn-2 copper #14 awg gray solid"", ""thhn 14 gry sol cu"", ""wire"", ""thhn copper"", ""cable cobre"", ""14 gry thhn"", ""thhn 14 gris"", ""14 gray wire""]",true
e0c76fd5-9685-50ac-b650-e99f73ca926c,Wire,THHN Copper,THHN/THWN-2 Copper #14 AWG Gray Solid - 500 FT Reel,THHN 14 GRY SOL CU 500FT,#14 AWG,Gray,,600V,,,,RL,"[""thhn/thwn-2 copper #14 awg gray solid - 500 ft reel"", ""thhn 14 gry sol cu 500ft"", ""wire"", ""thhn copper"", ""rollo cable 500 pies"", ""thhn 14 gry sol 500ft"", ""14 gray roll 500""]",true
71145158-d01a-5984-bcd0-b5034e999f5d,Wire,THHN Copper,THHN/THWN-2 Copper #14 AWG Gray Stranded,THHN 14 GRY STR CU,#14 AWG,Gray,,600V,,,,FT,"[""thhn/thwn-2 copper #14 awg gray stranded"", ""thhn 14 gry str cu"", ""wire"", ""thhn copper"", ""cable cobre"", ""14 gry thhn"", ""thhn 14 gris"", ""14 gray wire""]",true
a0485b86-316e-5acd-af27-0ce22825b4ca,Wire,THHN Copper,THHN/THWN-2 Copper #14 AWG Gray Stranded - 500 FT Reel,THHN 14 GRY STR CU 500FT,#14 AWG,Gray,,600V,,,,RL,"[""thhn/thwn-2 copper #14 awg gray stranded - 500 ft reel"", ""thhn 14 gry str cu 500ft"", ""wire"", ""thhn copper"", ""rollo cable 500 pies"", ""thhn 14 gry str 500ft"", ""14 gray roll 500""]",true
5b86df8a-d9d4-5a06-9d72-11970a29b646,Wire,THHN Copper,THHN/THWN-2 Copper #14 AWG Green Solid,THHN 14 GRN SOL CU,#14 AWG,Green,,600V,,,,FT,"[""thhn/thwn-2 copper #14 awg green solid"", ""thhn 14 grn sol cu"", ""wire"", ""thhn copper"", ""cable cobre"", ""14 grn thhn"", ""thhn 14 verde"", ""14 green wire""]",true
39f076f2-93d9-591c-b93b-a8b302c7ff31,Wire,THHN Copper,THHN/THWN-2 Copper #14 AWG Green Solid - 500 FT Reel,THHN 14 GRN SOL CU 500FT,#14 AWG,Green,,600V,,,,RL,"[""thhn/thwn-2 copper #14 awg green solid - 500 ft reel"", ""thhn 14 grn sol cu 500ft"", ""wire"", ""thhn copper"", ""rollo cable 500 pies"", ""thhn 14 grn sol 500ft"", ""14 green roll 500""]",true
2ed090e2-a33d-5486-ae1e-ea7d41019e96,Wire,THHN Copper,THHN/THWN-2 Copper #14 AWG Green Stranded,THHN 14 GRN STR CU,#14 AWG,Green,,600V,,,,FT,"[""thhn/thwn-2 copper #14 awg green stranded"", ""thhn 14 grn str cu"", ""wire"", ""thhn copper"", ""cable cobre"", ""14 grn thhn"", ""thhn 14 verde"", ""14 green wire""]",true
5dd2393a-5249-5f2a-bea8-14522dd99f2c,Wire,THHN Copper,THHN/THWN-2 Copper #14 AWG Green Stranded - 500 FT Reel,THHN 14 GRN STR CU 500FT,#14 AWG,Green,,600V,,,,RL,"[""thhn/thwn-2 copper #14 awg green stranded - 500 ft reel"", ""thhn 14 grn str cu 500ft"", ""wire"", ""thhn copper"", ""rollo cable 500 pies"", ""thhn 14 grn str 500ft"", ""14 green roll 500""]",true
40beaee6-ffff-53a4-a31c-b43d629ae70b,Wire,THHN Copper,THHN/THWN-2 Copper #14 AWG Orange Solid,THHN 14 ORG SOL CU,#14 AWG,Orange,,600V,,,,FT,"[""thhn/thwn-2 copper #14 awg orange solid"", ""thhn 14 org sol cu"", ""wire"", ""thhn copper"", ""cable cobre"", ""14 org thhn"", ""thhn 14 naranja"", ""14 orange wire""]",true
9598cb40-76da-5c89-b700-43dc76302fab,Wire,THHN Copper,THHN/THWN-2 Copper #14 AWG Orange Solid - 500 FT Reel,THHN 14 ORG SOL CU 500FT,#14 AWG,Orange,,600V,,,,RL,"[""thhn/thwn-2 copper #14 awg orange solid - 500 ft reel"", ""thhn 14 org sol cu 500ft"", ""wire"", ""thhn copper"", ""rollo cable 500 pies"", ""thhn 14 org sol 500ft"", ""14 orange roll 500""]",true
af8d232d-4560-56db-94c9-d6c458f25029,Wire,THHN Copper,THHN/THWN-2 Copper #14 AWG Orange Stranded,THHN 14 ORG STR CU,#14 AWG,Orange,,600V,,,,FT,"[""thhn/thwn-2 copper #14 awg orange stranded"", ""thhn 14 org str cu"", ""wire"", ""thhn copper"", ""cable cobre"", ""14 org thhn"", ""thhn 14 naranja"", ""14 orange wire""]",true
7354c0dc-4bd3-5841-8a06-2bb68bcdf3a4,Wire,THHN Copper,THHN/THWN-2 Copper #14 AWG Orange Stranded - 500 FT Reel,THHN 14 ORG STR CU 500FT,#14 AWG,Orange,,600V,,,,RL,"[""thhn/thwn-2 copper #14 awg orange stranded - 500 ft reel"", ""thhn 14 org str cu 500ft"", ""wire"", ""thhn copper"", ""rollo cable 500 pies"", ""thhn 14 org str 500ft"", ""14 orange roll 500""]",true
9890b29f-532d-51bc-b0fd-1a764ab77425,Wire,THHN Copper,THHN/THWN-2 Copper #14 AWG Purple Solid,THHN 14 PUR SOL CU,#14 AWG,Purple,,600V,,,,FT,"[""thhn/thwn-2 copper #14 awg purple solid"", ""thhn 14 pur sol cu"", ""wire"", ""thhn copper"", ""cable cobre"", ""14 pur thhn"", ""thhn 14 morado"", ""14 purple wire""]",true
bafe4b3b-f0b7-52b7-bbc3-9e59d50f6b88,Wire,THHN Copper,THHN/THWN-2 Copper #14 AWG Purple Solid - 500 FT Reel,THHN 14 PUR SOL CU 500FT,#14 AWG,Purple,,600V,,,,RL,"[""thhn/thwn-2 copper #14 awg purple solid - 500 ft reel"", ""thhn 14 pur sol cu 500ft"", ""wire"", ""thhn copper"", ""rollo cable 500 pies"", ""thhn 14 pur sol 500ft"", ""14 purple roll 500""]",true
78431a1f-1ed1-56ff-b597-967b004545c8,Wire,THHN Copper,THHN/THWN-2 Copper #14 AWG Purple Stranded,THHN 14 PUR STR CU,#14 AWG,Purple,,600V,,,,FT,"[""thhn/thwn-2 copper #14 awg purple stranded"", ""thhn 14 pur str cu"", ""wire"", ""thhn copper"", ""cable cobre"", ""14 pur thhn"", ""thhn 14 morado"", ""14 purple wire""]",true
0bf8943b-ef59-54c5-a7e0-1dbd8830a19a,Wire,THHN Copper,THHN/THWN-2 Copper #14 AWG Purple Stranded - 500 FT Reel,THHN 14 PUR STR CU 500FT,#14 AWG,Purple,,600V,,,,RL,"[""thhn/thwn-2 copper #14 awg purple stranded - 500 ft reel"", ""thhn 14 pur str cu 500ft"", ""wire"", ""thhn copper"", ""rollo cable 500 pies"", ""thhn 14 pur str 500ft"", ""14 purple roll 500""]",true
d384b65e-cf03-532f-bd29-e05793956f71,Wire,THHN Copper,THHN/THWN-2 Copper #14 AWG Red Solid,THHN 14 RED SOL CU,#14 AWG,Red,,600V,,,,FT,"[""thhn/thwn-2 copper #14 awg red solid"", ""thhn 14 red sol cu"", ""wire"", ""thhn copper"", ""cable cobre"", ""14 red thhn"", ""thhn 14 rojo"", ""14 red wire""]",true
4a32da57-93ae-5f0c-943a-c38626171955,Wire,THHN Copper,THHN/THWN-2 Copper #14 AWG Red Solid - 500 FT Reel,THHN 14 RED SOL CU 500FT,#14 AWG,Red,,600V,,,,RL,"[""thhn/thwn-2 copper #14 awg red solid - 500 ft reel"", ""thhn 14 red sol cu 500ft"", ""wire"", ""thhn copper"", ""rollo cable 500 pies"", ""thhn 14 red sol 500ft"", ""14 red roll 500""]",true
7e843c40-ef7c-5475-9a9d-7613f331a9a3,Wire,THHN Copper,THHN/THWN-2 Copper #14 AWG Red Stranded,THHN 14 RED STR CU,#14 AWG,Red,,600V,,,,FT,"[""thhn/thwn-2 copper #14 awg red stranded"", ""thhn 14 red str cu"", ""wire"", ""thhn copper"", ""cable cobre"", ""14 red thhn"", ""thhn 14 rojo"", ""14 red wire""]",true
88a6b4ae-8737-5366-9c8c-a68c8244f6fc,Wire,THHN Copper,THHN/THWN-2 Copper #14 AWG Red Stranded - 500 FT Reel,THHN 14 RED STR CU 500FT,#14 AWG,Red,,600V,,,,RL,"[""thhn/thwn-2 copper #14 awg red stranded - 500 ft reel"", ""thhn 14 red str cu 500ft"", ""wire"", ""thhn copper"", ""rollo cable 500 pies"", ""thhn 14 red str 500ft"", ""14 red roll 500""]",true
402d4f4d-7e4a-5f6c-b337-d3b5197808ca,Wire,THHN Copper,THHN/THWN-2 Copper #14 AWG White Solid,THHN 14 WHT SOL CU,#14 AWG,White,,600V,,,,FT,"[""thhn/thwn-2 copper #14 awg white solid"", ""thhn 14 wht sol cu"", ""wire"", ""thhn copper"", ""cable cobre"", ""14 wht thhn"", ""thhn 14 blanco"", ""14 white wire""]",true
a1deb256-f5fc-590e-b996-2d7ab2da1c4e,Wire,THHN Copper,THHN/THWN-2 Copper #14 AWG White Solid - 500 FT Reel,THHN 14 WHT SOL CU 500FT,#14 AWG,White,,600V,,,,RL,"[""thhn/thwn-2 copper #14 awg white solid - 500 ft reel"", ""thhn 14 wht sol cu 500ft"", ""wire"", ""thhn copper"", ""rollo cable 500 pies"", ""thhn 14 wht sol 500ft"", ""14 white roll 500""]",true
538a8d59-acca-5e0d-bcd3-7641381e8ecb,Wire,THHN Copper,THHN/THWN-2 Copper #14 AWG White Stranded,THHN 14 WHT STR CU,#14 AWG,White,,600V,,,,FT,"[""thhn/thwn-2 copper #14 awg white stranded"", ""thhn 14 wht str cu"", ""wire"", ""thhn copper"", ""cable cobre"", ""14 wht thhn"", ""thhn 14 blanco"", ""14 white wire""]",true
d23dd5f1-6178-59e4-9988-08d94d3a59d9,Wire,THHN Copper,THHN/THWN-2 Copper #14 AWG White Stranded - 500 FT Reel,THHN 14 WHT STR CU 500FT,#14 AWG,White,,600V,,,,RL,"[""thhn/thwn-2 copper #14 awg white stranded - 500 ft reel"", ""thhn 14 wht str cu 500ft"", ""wire"", ""thhn copper"", ""rollo cable 500 pies"", ""thhn 14 wht str 500ft"", ""14 white roll 500""]",true
98bba29a-5978-5dd3-a00c-841eca7f53d8,Wire,THHN Copper,THHN/THWN-2 Copper #14 AWG Yellow Solid,THHN 14 YEL SOL CU,#14 AWG,Yellow,,600V,,,,FT,"[""thhn/thwn-2 copper #14 awg yellow solid"", ""thhn 14 yel sol cu"", ""wire"", ""thhn copper"", ""cable cobre"", ""14 yel thhn"", ""thhn 14 amarillo"", ""14 yellow wire""]",true
944df863-426f-5b0f-a5ab-29bf5778a050,Wire,THHN Copper,THHN/THWN-2 Copper #14 AWG Yellow Solid - 500 FT Reel,THHN 14 YEL SOL CU 500FT,#14 AWG,Yellow,,600V,,,,RL,"[""thhn/thwn-2 copper #14 awg yellow solid - 500 ft reel"", ""thhn 14 yel sol cu 500ft"", ""wire"", ""thhn copper"", ""rollo cable 500 pies"", ""thhn 14 yel sol 500ft"", ""14 yellow roll 500""]",true
515d88b1-ee0f-596d-b227-76f4819fc18e,Wire,THHN Copper,THHN/THWN-2 Copper #14 AWG Yellow Stranded,THHN 14 YEL STR CU,#14 AWG,Yellow,,600V,,,,FT,"[""thhn/thwn-2 copper #14 awg yellow stranded"", ""thhn 14 yel str cu"", ""wire"", ""thhn copper"", ""cable cobre"", ""14 yel thhn"", ""thhn 14 amarillo"", ""14 yellow wire""]",true
22f05764-dd0c-5df8-8af5-19407d8fe547,Wire,THHN Copper,THHN/THWN-2 Copper #14 AWG Yellow Stranded - 500 FT Reel,THHN 14 YEL STR CU 500FT,#14 AWG,Yellow,,600V,,,,RL,"[""thhn/thwn-2 copper #14 awg yellow stranded - 500 ft reel"", ""thhn 14 yel str cu 500ft"", ""wire"", ""thhn copper"", ""rollo cable 500 pies"", ""thhn 14 yel str 500ft"", ""14 yellow roll 500""]",true
b810f3e2-e801-5a7c-a844-926c883995ef,Wire,THHN Copper,THHN/THWN-2 Copper #2 AWG Black Stranded,THHN 2 BLK STR CU,#2 AWG,Black,,600V,,,,FT,"[""thhn/thwn-2 copper #2 awg black stranded"", ""thhn 2 blk str cu"", ""wire"", ""thhn copper"", ""cable cobre"", ""2 blk thhn"", ""thhn 2 negro"", ""2 black wire""]",true
69f49184-5c96-5d4f-9412-bb3d6dd3cfaf,Wire,THHN Copper,THHN/THWN-2 Copper #2 AWG Blue Stranded,THHN 2 BLU STR CU,#2 AWG,Blue,,600V,,,,FT,"[""thhn/thwn-2 copper #2 awg blue stranded"", ""thhn 2 blu str cu"", ""wire"", ""thhn copper"", ""cable cobre"", ""2 blu thhn"", ""thhn 2 azul"", ""2 blue wire""]",true
c35436d8-2bed-5dae-9a85-5d970f06f727,Wire,THHN Copper,THHN/THWN-2 Copper #2 AWG Green Stranded,THHN 2 GRN STR CU,#2 AWG,Green,,600V,,,,FT,"[""thhn/thwn-2 copper #2 awg green stranded"", ""thhn 2 grn str cu"", ""wire"", ""thhn copper"", ""cable cobre"", ""2 grn thhn"", ""thhn 2 verde"", ""2 green wire""]",true
633d7d2d-64cd-58a8-a943-846eaae4c4c4,Wire,THHN Copper,THHN/THWN-2 Copper #2 AWG Red Stranded,THHN 2 RED STR CU,#2 AWG,Red,,600V,,,,FT,"[""thhn/thwn-2 copper #2 awg red stranded"", ""thhn 2 red str cu"", ""wire"", ""thhn copper"", ""cable cobre"", ""2 red thhn"", ""thhn 2 rojo"", ""2 red wire""]",true
c5f1f951-6433-5f05-81e8-3ce41b5f6f4a,Wire,THHN Copper,THHN/THWN-2 Copper #2 AWG White Stranded,THHN 2 WHT STR CU,#2 AWG,White,,600V,,,,FT,"[""thhn/thwn-2 copper #2 awg white stranded"", ""thhn 2 wht str cu"", ""wire"", ""thhn copper"", ""cable cobre"", ""2 wht thhn"", ""thhn 2 blanco"", ""2 white wire""]",true
a1a0aa20-6157-501a-a0dc-27d58891e6e7,Wire,THHN Copper,THHN/THWN-2 Copper #2/0 AWG Black Stranded,THHN 2/0 BLK STR CU,#2/0 AWG,Black,,600V,,,,FT,"[""thhn/thwn-2 copper #2/0 awg black stranded"", ""thhn 2/0 blk str cu"", ""wire"", ""thhn copper"", ""cable cobre"", ""2/0 blk thhn"", ""thhn 2/0 negro"", ""2/0 black wire""]",true
985e02d8-1bfe-5724-8010-911ac8fde8c5,Wire,THHN Copper,THHN/THWN-2 Copper #2/0 AWG Blue Stranded,THHN 2/0 BLU STR CU,#2/0 AWG,Blue,,600V,,,,FT,"[""thhn/thwn-2 copper #2/0 awg blue stranded"", ""thhn 2/0 blu str cu"", ""wire"", ""thhn copper"", ""cable cobre"", ""2/0 blu thhn"", ""thhn 2/0 azul"", ""2/0 blue wire""]",true
cf300f62-c8cc-5fe9-9063-2244879f6d3a,Wire,THHN Copper,THHN/THWN-2 Copper #2/0 AWG Green Stranded,THHN 2/0 GRN STR CU,#2/0 AWG,Green,,600V,,,,FT,"[""thhn/thwn-2 copper #2/0 awg green stranded"", ""thhn 2/0 grn str cu"", ""wire"", ""thhn copper"", ""cable cobre"", ""2/0 grn thhn"", ""thhn 2/0 verde"", ""2/0 green wire""]",true
bcc410ca-2b5b-5f54-ba70-d71b0000302c,Wire,THHN Copper,THHN/THWN-2 Copper #2/0 AWG Red Stranded,THHN 2/0 RED STR CU,#2/0 AWG,Red,,600V,,,,FT,"[""thhn/thwn-2 copper #2/0 awg red stranded"", ""thhn 2/0 red str cu"", ""wire"", ""thhn copper"", ""cable cobre"", ""2/0 red thhn"", ""thhn 2/0 rojo"", ""2/0 red wire""]",true
3fd8880e-8743-5095-bdb8-e02ede2e155d,Wire,THHN Copper,THHN/THWN-2 Copper #2/0 AWG White Stranded,THHN 2/0 WHT STR CU,#2/0 AWG,White,,600V,,,,FT,"[""thhn/thwn-2 copper #2/0 awg white stranded"", ""thhn 2/0 wht str cu"", ""wire"", ""thhn copper"", ""cable cobre"", ""2/0 wht thhn"", ""thhn 2/0 blanco"", ""2/0 white wire""]",true
5ae92f61-5b5e-5d7d-9c0d-51695f2db112,Wire,THHN Copper,THHN/THWN-2 Copper #3 AWG Black Stranded,THHN 3 BLK STR CU,#3 AWG,Black,,600V,,,,FT,"[""thhn/thwn-2 copper #3 awg black stranded"", ""thhn 3 blk str cu"", ""wire"", ""thhn copper"", ""cable cobre"", ""3 blk thhn"", ""thhn 3 negro"", ""3 black wire""]",true
d702eaf7-659e-59a3-81b1-c2c868b903cd,Wire,THHN Copper,THHN/THWN-2 Copper #3 AWG Blue Stranded,THHN 3 BLU STR CU,#3 AWG,Blue,,600V,,,,FT,"[""thhn/thwn-2 copper #3 awg blue stranded"", ""thhn 3 blu str cu"", ""wire"", ""thhn copper"", ""cable cobre"", ""3 blu thhn"", ""thhn 3 azul"", ""3 blue wire""]",true
7eacb481-ad67-59d2-a571-a9d4a5c093ee,Wire,THHN Copper,THHN/THWN-2 Copper #3 AWG Green Stranded,THHN 3 GRN STR CU,#3 AWG,Green,,600V,,,,FT,"[""thhn/thwn-2 copper #3 awg green stranded"", ""thhn 3 grn str cu"", ""wire"", ""thhn copper"", ""cable cobre"", ""3 grn thhn"", ""thhn 3 verde"", ""3 green wire""]",true
7e4755f1-d2af-5029-8d61-c80893c859b4,Wire,THHN Copper,THHN/THWN-2 Copper #3 AWG Red Stranded,THHN 3 RED STR CU,#3 AWG,Red,,600V,,,,FT,"[""thhn/thwn-2 copper #3 awg red stranded"", ""thhn 3 red str cu"", ""wire"", ""thhn copper"", ""cable cobre"", ""3 red thhn"", ""thhn 3 rojo"", ""3 red wire""]",true
29bbfc86-9291-55cc-88a2-174abdb9254a,Wire,THHN Copper,THHN/THWN-2 Copper #3 AWG White Stranded,THHN 3 WHT STR CU,#3 AWG,White,,600V,,,,FT,"[""thhn/thwn-2 copper #3 awg white stranded"", ""thhn 3 wht str cu"", ""wire"", ""thhn copper"", ""cable cobre"", ""3 wht thhn"", ""thhn 3 blanco"", ""3 white wire""]",true
d8c45aaa-e07a-5925-9971-2b131d6f2241,Wire,THHN Copper,THHN/THWN-2 Copper #3/0 AWG Black Stranded,THHN 3/0 BLK STR CU,#3/0 AWG,Black,,600V,,,,FT,"[""thhn/thwn-2 copper #3/0 awg black stranded"", ""thhn 3/0 blk str cu"", ""wire"", ""thhn copper"", ""cable cobre"", ""3/0 blk thhn"", ""thhn 3/0 negro"", ""3/0 black wire""]",true
aa365d6e-a142-5b70-bf75-6e05af1aa32c,Wire,THHN Copper,THHN/THWN-2 Copper #3/0 AWG Blue Stranded,THHN 3/0 BLU STR CU,#3/0 AWG,Blue,,600V,,,,FT,"[""thhn/thwn-2 copper #3/0 awg blue stranded"", ""thhn 3/0 blu str cu"", ""wire"", ""thhn copper"", ""cable cobre"", ""3/0 blu thhn"", ""thhn 3/0 azul"", ""3/0 blue wire""]",true
b918ce90-a561-55b1-884e-5041b4f1992b,Wire,THHN Copper,THHN/THWN-2 Copper #3/0 AWG Green Stranded,THHN 3/0 GRN STR CU,#3/0 AWG,Green,,600V,,,,FT,"[""thhn/thwn-2 copper #3/0 awg green stranded"", ""thhn 3/0 grn str cu"", ""wire"", ""thhn copper"", ""cable cobre"", ""3/0 grn thhn"", ""thhn 3/0 verde"", ""3/0 green wire""]",true
d624a902-1e37-5a6d-9d2e-c2b177d45f84,Wire,THHN Copper,THHN/THWN-2 Copper #3/0 AWG Red Stranded,THHN 3/0 RED STR CU,#3/0 AWG,Red,,600V,,,,FT,"[""thhn/thwn-2 copper #3/0 awg red stranded"", ""thhn 3/0 red str cu"", ""wire"", ""thhn copper"", ""cable cobre"", ""3/0 red thhn"", ""thhn 3/0 rojo"", ""3/0 red wire""]",true
73b36af1-582e-5a15-8102-fc5bb75f27e5,Wire,THHN Copper,THHN/THWN-2 Copper #3/0 AWG White Stranded,THHN 3/0 WHT STR CU,#3/0 AWG,White,,600V,,,,FT,"[""thhn/thwn-2 copper #3/0 awg white stranded"", ""thhn 3/0 wht str cu"", ""wire"", ""thhn copper"", ""cable cobre"", ""3/0 wht thhn"", ""thhn 3/0 blanco"", ""3/0 white wire""]",true
4a92deb6-8c56-51e4-a8fd-760051407853,Wire,THHN Copper,THHN/THWN-2 Copper #4 AWG Black Stranded,THHN 4 BLK STR CU,#4 AWG,Black,,600V,,,,FT,"[""thhn/thwn-2 copper #4 awg black stranded"", ""thhn 4 blk str cu"", ""wire"", ""thhn copper"", ""cable cobre"", ""4 blk thhn"", ""thhn 4 negro"", ""4 black wire""]",true
91d84c1b-fe93-532d-af62-13723dcae693,Wire,THHN Copper,THHN/THWN-2 Copper #4 AWG Blue Stranded,THHN 4 BLU STR CU,#4 AWG,Blue,,600V,,,,FT,"[""thhn/thwn-2 copper #4 awg blue stranded"", ""thhn 4 blu str cu"", ""wire"", ""thhn copper"", ""cable cobre"", ""4 blu thhn"", ""thhn 4 azul"", ""4 blue wire""]",true
c0e500bd-badd-502d-aed8-8517f06095f0,Wire,THHN Copper,THHN/THWN-2 Copper #4 AWG Green Stranded,THHN 4 GRN STR CU,#4 AWG,Green,,600V,,,,FT,"[""thhn/thwn-2 copper #4 awg green stranded"", ""thhn 4 grn str cu"", ""wire"", ""thhn copper"", ""cable cobre"", ""4 grn thhn"", ""thhn 4 verde"", ""4 green wire""]",true
088d66e5-b4c4-5c69-8241-45aabd1372cd,Wire,THHN Copper,THHN/THWN-2 Copper #4 AWG Red Stranded,THHN 4 RED STR CU,#4 AWG,Red,,600V,,,,FT,"[""thhn/thwn-2 copper #4 awg red stranded"", ""thhn 4 red str cu"", ""wire"", ""thhn copper"", ""cable cobre"", ""4 red thhn"", ""thhn 4 rojo"", ""4 red wire""]",true
f12d3467-b9d9-53ad-8538-0c1438ab7e30,Wire,THHN Copper,THHN/THWN-2 Copper #4 AWG White Stranded,THHN 4 WHT STR CU,#4 AWG,White,,600V,,,,FT,"[""thhn/thwn-2 copper #4 awg white stranded"", ""thhn 4 wht str cu"", ""wire"", ""thhn copper"", ""cable cobre"", ""4 wht thhn"", ""thhn 4 blanco"", ""4 white wire""]",true
c594bf05-af9e-5fb4-9b6f-b70980a596f8,Wire,THHN Copper,THHN/THWN-2 Copper #4/0 AWG Black Stranded,THHN 4/0 BLK STR CU,#4/0 AWG,Black,,600V,,,,FT,"[""thhn/thwn-2 copper #4/0 awg black stranded"", ""thhn 4/0 blk str cu"", ""wire"", ""thhn copper"", ""cable cobre"", ""4/0 blk thhn"", ""thhn 4/0 negro"", ""4/0 black wire""]",true
130b26fe-04d7-5409-945c-e9504e501dfd,Wire,THHN Copper,THHN/THWN-2 Copper #4/0 AWG Blue Stranded,THHN 4/0 BLU STR CU,#4/0 AWG,Blue,,600V,,,,FT,"[""thhn/thwn-2 copper #4/0 awg blue stranded"", ""thhn 4/0 blu str cu"", ""wire"", ""thhn copper"", ""cable cobre"", ""4/0 blu thhn"", ""thhn 4/0 azul"", ""4/0 blue wire""]",true
610eab9f-6198-5942-824b-e35044112685,Wire,THHN Copper,THHN/THWN-2 Copper #4/0 AWG Green Stranded,THHN 4/0 GRN STR CU,#4/0 AWG,Green,,600V,,,,FT,"[""thhn/thwn-2 copper #4/0 awg green stranded"", ""thhn 4/0 grn str cu"", ""wire"", ""thhn copper"", ""cable cobre"", ""4/0 grn thhn"", ""thhn 4/0 verde"", ""4/0 green wire""]",true
53175f1e-6bad-5cd7-bcac-f6b211ea351f,Wire,THHN Copper,THHN/THWN-2 Copper #4/0 AWG Red Stranded,THHN 4/0 RED STR CU,#4/0 AWG,Red,,600V,,,,FT,"[""thhn/thwn-2 copper #4/0 awg red stranded"", ""thhn 4/0 red str cu"", ""wire"", ""thhn copper"", ""cable cobre"", ""4/0 red thhn"", ""thhn 4/0 rojo"", ""4/0 red wire""]",true
d2450da4-3554-51a3-bbf0-b93e11e696e9,Wire,THHN Copper,THHN/THWN-2 Copper #4/0 AWG White Stranded,THHN 4/0 WHT STR CU,#4/0 AWG,White,,600V,,,,FT,"[""thhn/thwn-2 copper #4/0 awg white stranded"", ""thhn 4/0 wht str cu"", ""wire"", ""thhn copper"", ""cable cobre"", ""4/0 wht thhn"", ""thhn 4/0 blanco"", ""4/0 white wire""]",true
960179a0-a2de-587d-812d-ab5e6cdf81c6,Wire,THHN Copper,THHN/THWN-2 Copper #6 AWG Black Stranded,THHN 6 BLK STR CU,#6 AWG,Black,,600V,,,,FT,"[""thhn/thwn-2 copper #6 awg black stranded"", ""thhn 6 blk str cu"", ""wire"", ""thhn copper"", ""cable cobre"", ""6 blk thhn"", ""thhn 6 negro"", ""6 black wire""]",true
8ba06ca6-b1b3-5d31-a72b-de3806f5bf9f,Wire,THHN Copper,THHN/THWN-2 Copper #6 AWG Black Stranded - 500 FT Reel,THHN 6 BLK STR CU 500FT,#6 AWG,Black,,600V,,,,RL,"[""thhn/thwn-2 copper #6 awg black stranded - 500 ft reel"", ""thhn 6 blk str cu 500ft"", ""wire"", ""thhn copper"", ""rollo cable 500 pies"", ""thhn 6 blk str 500ft"", ""6 black roll 500""]",true
ad2f22da-036d-5afd-83c3-cdb5ca345d36,Wire,THHN Copper,THHN/THWN-2 Copper #6 AWG Blue Stranded,THHN 6 BLU STR CU,#6 AWG,Blue,,600V,,,,FT,"[""thhn/thwn-2 copper #6 awg blue stranded"", ""thhn 6 blu str cu"", ""wire"", ""thhn copper"", ""cable cobre"", ""6 blu thhn"", ""thhn 6 azul"", ""6 blue wire""]",true
fcf5106f-359a-5160-bc31-f05a02078621,Wire,THHN Copper,THHN/THWN-2 Copper #6 AWG Blue Stranded - 500 FT Reel,THHN 6 BLU STR CU 500FT,#6 AWG,Blue,,600V,,,,RL,"[""thhn/thwn-2 copper #6 awg blue stranded - 500 ft reel"", ""thhn 6 blu str cu 500ft"", ""wire"", ""thhn copper"", ""rollo cable 500 pies"", ""thhn 6 blu str 500ft"", ""6 blue roll 500""]",true
083fab3b-f690-5093-b562-d7b69ff876a9,Wire,THHN Copper,THHN/THWN-2 Copper #6 AWG Brown Stranded,THHN 6 BRN STR CU,#6 AWG,Brown,,600V,,,,FT,"[""thhn/thwn-2 copper #6 awg brown stranded"", ""thhn 6 brn str cu"", ""wire"", ""thhn copper"", ""cable cobre"", ""6 brn thhn"", ""thhn 6 marron"", ""6 brown wire""]",true
b731f8fb-6582-52f7-9b09-274e96cd46a7,Wire,THHN Copper,THHN/THWN-2 Copper #6 AWG Brown Stranded - 500 FT Reel,THHN 6 BRN STR CU 500FT,#6 AWG,Brown,,600V,,,,RL,"[""thhn/thwn-2 copper #6 awg brown stranded - 500 ft reel"", ""thhn 6 brn str cu 500ft"", ""wire"", ""thhn copper"", ""rollo cable 500 pies"", ""thhn 6 brn str 500ft"", ""6 brown roll 500""]",true
ee998713-a6a8-5b47-9d77-d9f2961fcf64,Wire,THHN Copper,THHN/THWN-2 Copper #6 AWG Gray Stranded,THHN 6 GRY STR CU,#6 AWG,Gray,,600V,,,,FT,"[""thhn/thwn-2 copper #6 awg gray stranded"", ""thhn 6 gry str cu"", ""wire"", ""thhn copper"", ""cable cobre"", ""6 gry thhn"", ""thhn 6 gris"", ""6 gray wire""]",true
30b9f109-007a-56fc-a4a6-5226c43ce523,Wire,THHN Copper,THHN/THWN-2 Copper #6 AWG Gray Stranded - 500 FT Reel,THHN 6 GRY STR CU 500FT,#6 AWG,Gray,,600V,,,,RL,"[""thhn/thwn-2 copper #6 awg gray stranded - 500 ft reel"", ""thhn 6 gry str cu 500ft"", ""wire"", ""thhn copper"", ""rollo cable 500 pies"", ""thhn 6 gry str 500ft"", ""6 gray roll 500""]",true
062e87b9-84da-5bef-bd4f-cffb03e581ca,Wire,THHN Copper,THHN/THWN-2 Copper #6 AWG Green Stranded,THHN 6 GRN STR CU,#6 AWG,Green,,600V,,,,FT,"[""thhn/thwn-2 copper #6 awg green stranded"", ""thhn 6 grn str cu"", ""wire"", ""thhn copper"", ""cable cobre"", ""6 grn thhn"", ""thhn 6 verde"", ""6 green wire""]",true
d2564ae6-7dcd-5f94-a005-c6d3ceba4497,Wire,THHN Copper,THHN/THWN-2 Copper #6 AWG Green Stranded - 500 FT Reel,THHN 6 GRN STR CU 500FT,#6 AWG,Green,,600V,,,,RL,"[""thhn/thwn-2 copper #6 awg green stranded - 500 ft reel"", ""thhn 6 grn str cu 500ft"", ""wire"", ""thhn copper"", ""rollo cable 500 pies"", ""thhn 6 grn str 500ft"", ""6 green roll 500""]",true
c0afab22-5c7f-5077-9001-76e3e0fd4013,Wire,THHN Copper,THHN/THWN-2 Copper #6 AWG Orange Stranded,THHN 6 ORG STR CU,#6 AWG,Orange,,600V,,,,FT,"[""thhn/thwn-2 copper #6 awg orange stranded"", ""thhn 6 org str cu"", ""wire"", ""thhn copper"", ""cable cobre"", ""6 org thhn"", ""thhn 6 naranja"", ""6 orange wire""]",true
fa94b246-4682-59ca-9bc2-92c0b53faea6,Wire,THHN Copper,THHN/THWN-2 Copper #6 AWG Orange Stranded - 500 FT Reel,THHN 6 ORG STR CU 500FT,#6 AWG,Orange,,600V,,,,RL,"[""thhn/thwn-2 copper #6 awg orange stranded - 500 ft reel"", ""thhn 6 org str cu 500ft"", ""wire"", ""thhn copper"", ""rollo cable 500 pies"", ""thhn 6 org str 500ft"", ""6 orange roll 500""]",true
da9c42e2-2406-5489-a5da-7d5a8d5e7786,Wire,THHN Copper,THHN/THWN-2 Copper #6 AWG Purple Stranded,THHN 6 PUR STR CU,#6 AWG,Purple,,600V,,,,FT,"[""thhn/thwn-2 copper #6 awg purple stranded"", ""thhn 6 pur str cu"", ""wire"", ""thhn copper"", ""cable cobre"", ""6 pur thhn"", ""thhn 6 morado"", ""6 purple wire""]",true
4b387f15-859c-5753-bc8f-cf82f21183de,Wire,THHN Copper,THHN/THWN-2 Copper #6 AWG Purple Stranded - 500 FT Reel,THHN 6 PUR STR CU 500FT,#6 AWG,Purple,,600V,,,,RL,"[""thhn/thwn-2 copper #6 awg purple stranded - 500 ft reel"", ""thhn 6 pur str cu 500ft"", ""wire"", ""thhn copper"", ""rollo cable 500 pies"", ""thhn 6 pur str 500ft"", ""6 purple roll 500""]",true
9b00acbf-b2a1-5877-891c-14b7e4ac3439,Wire,THHN Copper,THHN/THWN-2 Copper #6 AWG Red Stranded,THHN 6 RED STR CU,#6 AWG,Red,,600V,,,,FT,"[""thhn/thwn-2 copper #6 awg red stranded"", ""thhn 6 red str cu"", ""wire"", ""thhn copper"", ""cable cobre"", ""6 red thhn"", ""thhn 6 rojo"", ""6 red wire""]",true
a164e5e4-8334-566c-b32b-098fe811afed,Wire,THHN Copper,THHN/THWN-2 Copper #6 AWG Red Stranded - 500 FT Reel,THHN 6 RED STR CU 500FT,#6 AWG,Red,,600V,,,,RL,"[""thhn/thwn-2 copper #6 awg red stranded - 500 ft reel"", ""thhn 6 red str cu 500ft"", ""wire"", ""thhn copper"", ""rollo cable 500 pies"", ""thhn 6 red str 500ft"", ""6 red roll 500""]",true
745a7589-db52-50da-80a7-f66e2fab0b59,Wire,THHN Copper,THHN/THWN-2 Copper #6 AWG White Stranded,THHN 6 WHT STR CU,#6 AWG,White,,600V,,,,FT,"[""thhn/thwn-2 copper #6 awg white stranded"", ""thhn 6 wht str cu"", ""wire"", ""thhn copper"", ""cable cobre"", ""6 wht thhn"", ""thhn 6 blanco"", ""6 white wire""]",true
3b40d97e-d0e5-59d6-bae4-72b46e9e28b8,Wire,THHN Copper,THHN/THWN-2 Copper #6 AWG White Stranded - 500 FT Reel,THHN 6 WHT STR CU 500FT,#6 AWG,White,,600V,,,,RL,"[""thhn/thwn-2 copper #6 awg white stranded - 500 ft reel"", ""thhn 6 wht str cu 500ft"", ""wire"", ""thhn copper"", ""rollo cable 500 pies"", ""thhn 6 wht str 500ft"", ""6 white roll 500""]",true
d80c19b8-467e-5bcf-a22c-14dc7cad924b,Wire,THHN Copper,THHN/THWN-2 Copper #6 AWG Yellow Stranded,THHN 6 YEL STR CU,#6 AWG,Yellow,,600V,,,,FT,"[""thhn/thwn-2 copper #6 awg yellow stranded"", ""thhn 6 yel str cu"", ""wire"", ""thhn copper"", ""cable cobre"", ""6 yel thhn"", ""thhn 6 amarillo"", ""6 yellow wire""]",true
e3252607-4b7a-552e-b2a8-2b4367b9b5a3,Wire,THHN Copper,THHN/THWN-2 Copper #6 AWG Yellow Stranded - 500 FT Reel,THHN 6 YEL STR CU 500FT,#6 AWG,Yellow,,600V,,,,RL,"[""thhn/thwn-2 copper #6 awg yellow stranded - 500 ft reel"", ""thhn 6 yel str cu 500ft"", ""wire"", ""thhn copper"", ""rollo cable 500 pies"", ""thhn 6 yel str 500ft"", ""6 yellow roll 500""]",true
e22636b2-568e-5328-8e2a-3ca2873e336d,Wire,THHN Copper,THHN/THWN-2 Copper #8 AWG Black Stranded,THHN 8 BLK STR CU,#8 AWG,Black,,600V,,,,FT,"[""thhn/thwn-2 copper #8 awg black stranded"", ""thhn 8 blk str cu"", ""wire"", ""thhn copper"", ""cable cobre"", ""8 blk thhn"", ""thhn 8 negro"", ""8 black wire""]",true
ca224a2f-37b1-5feb-8239-0f8649ea7f1b,Wire,THHN Copper,THHN/THWN-2 Copper #8 AWG Black Stranded - 500 FT Reel,THHN 8 BLK STR CU 500FT,#8 AWG,Black,,600V,,,,RL,"[""thhn/thwn-2 copper #8 awg black stranded - 500 ft reel"", ""thhn 8 blk str cu 500ft"", ""wire"", ""thhn copper"", ""rollo cable 500 pies"", ""thhn 8 blk str 500ft"", ""8 black roll 500""]",true
d5cd740f-1df4-58cc-bd69-c2868ddce70a,Wire,THHN Copper,THHN/THWN-2 Copper #8 AWG Blue Stranded,THHN 8 BLU STR CU,#8 AWG,Blue,,600V,,,,FT,"[""thhn/thwn-2 copper #8 awg blue stranded"", ""thhn 8 blu str cu"", ""wire"", ""thhn copper"", ""cable cobre"", ""8 blu thhn"", ""thhn 8 azul"", ""8 blue wire""]",true
44aa8249-3c94-56a7-bb48-3a9ced592b64,Wire,THHN Copper,THHN/THWN-2 Copper #8 AWG Blue Stranded - 500 FT Reel,THHN 8 BLU STR CU 500FT,#8 AWG,Blue,,600V,,,,RL,"[""thhn/thwn-2 copper #8 awg blue stranded - 500 ft reel"", ""thhn 8 blu str cu 500ft"", ""wire"", ""thhn copper"", ""rollo cable 500 pies"", ""thhn 8 blu str 500ft"", ""8 blue roll 500""]",true
df49e15e-9906-55d0-a0d9-1f562ed7a1a5,Wire,THHN Copper,THHN/THWN-2 Copper #8 AWG Brown Stranded,THHN 8 BRN STR CU,#8 AWG,Brown,,600V,,,,FT,"[""thhn/thwn-2 copper #8 awg brown stranded"", ""thhn 8 brn str cu"", ""wire"", ""thhn copper"", ""cable cobre"", ""8 brn thhn"", ""thhn 8 marron"", ""8 brown wire""]",true
6b0e408e-b9cd-5c29-beb2-0585731a0682,Wire,THHN Copper,THHN/THWN-2 Copper #8 AWG Brown Stranded - 500 FT Reel,THHN 8 BRN STR CU 500FT,#8 AWG,Brown,,600V,,,,RL,"[""thhn/thwn-2 copper #8 awg brown stranded - 500 ft reel"", ""thhn 8 brn str cu 500ft"", ""wire"", ""thhn copper"", ""rollo cable 500 pies"", ""thhn 8 brn str 500ft"", ""8 brown roll 500""]",true
a39e2b09-aa50-5ab8-bbfe-e1a5eb4edff8,Wire,THHN Copper,THHN/THWN-2 Copper #8 AWG Gray Stranded,THHN 8 GRY STR CU,#8 AWG,Gray,,600V,,,,FT,"[""thhn/thwn-2 copper #8 awg gray stranded"", ""thhn 8 gry str cu"", ""wire"", ""thhn copper"", ""cable cobre"", ""8 gry thhn"", ""thhn 8 gris"", ""8 gray wire""]",true
4f3ad9af-298f-51b3-b66b-9df50612c8ef,Wire,THHN Copper,THHN/THWN-2 Copper #8 AWG Gray Stranded - 500 FT Reel,THHN 8 GRY STR CU 500FT,#8 AWG,Gray,,600V,,,,RL,"[""thhn/thwn-2 copper #8 awg gray stranded - 500 ft reel"", ""thhn 8 gry str cu 500ft"", ""wire"", ""thhn copper"", ""rollo cable 500 pies"", ""thhn 8 gry str 500ft"", ""8 gray roll 500""]",true
dfc7c51b-ff63-5182-885c-1ac6e28bcce4,Wire,THHN Copper,THHN/THWN-2 Copper #8 AWG Green Stranded,THHN 8 GRN STR CU,#8 AWG,Green,,600V,,,,FT,"[""thhn/thwn-2 copper #8 awg green stranded"", ""thhn 8 grn str cu"", ""wire"", ""thhn copper"", ""cable cobre"", ""8 grn thhn"", ""thhn 8 verde"", ""8 green wire""]",true
56715862-c73a-5ae9-abf4-87c1f33621ed,Wire,THHN Copper,THHN/THWN-2 Copper #8 AWG Green Stranded - 500 FT Reel,THHN 8 GRN STR CU 500FT,#8 AWG,Green,,600V,,,,RL,"[""thhn/thwn-2 copper #8 awg green stranded - 500 ft reel"", ""thhn 8 grn str cu 500ft"", ""wire"", ""thhn copper"", ""rollo cable 500 pies"", ""thhn 8 grn str 500ft"", ""8 green roll 500""]",true
1278f9a7-11dd-5fcd-8ee6-52381819661b,Wire,THHN Copper,THHN/THWN-2 Copper #8 AWG Orange Stranded,THHN 8 ORG STR CU,#8 AWG,Orange,,600V,,,,FT,"[""thhn/thwn-2 copper #8 awg orange stranded"", ""thhn 8 org str cu"", ""wire"", ""thhn copper"", ""cable cobre"", ""8 org thhn"", ""thhn 8 naranja"", ""8 orange wire""]",true
f90d2db7-21ad-57e3-ba2f-43a35f092c2c,Wire,THHN Copper,THHN/THWN-2 Copper #8 AWG Orange Stranded - 500 FT Reel,THHN 8 ORG STR CU 500FT,#8 AWG,Orange,,600V,,,,RL,"[""thhn/thwn-2 copper #8 awg orange stranded - 500 ft reel"", ""thhn 8 org str cu 500ft"", ""wire"", ""thhn copper"", ""rollo cable 500 pies"", ""thhn 8 org str 500ft"", ""8 orange roll 500""]",true
701bf25b-66e9-5834-a025-e130d191c3f6,Wire,THHN Copper,THHN/THWN-2 Copper #8 AWG Purple Stranded,THHN 8 PUR STR CU,#8 AWG,Purple,,600V,,,,FT,"[""thhn/thwn-2 copper #8 awg purple stranded"", ""thhn 8 pur str cu"", ""wire"", ""thhn copper"", ""cable cobre"", ""8 pur thhn"", ""thhn 8 morado"", ""8 purple wire""]",true
13481d9a-b266-5234-ad79-43880b90252e,Wire,THHN Copper,THHN/THWN-2 Copper #8 AWG Purple Stranded - 500 FT Reel,THHN 8 PUR STR CU 500FT,#8 AWG,Purple,,600V,,,,RL,"[""thhn/thwn-2 copper #8 awg purple stranded - 500 ft reel"", ""thhn 8 pur str cu 500ft"", ""wire"", ""thhn copper"", ""rollo cable 500 pies"", ""thhn 8 pur str 500ft"", ""8 purple roll 500""]",true
ea96f0c0-d805-5676-91bf-d5bc8bccb35b,Wire,THHN Copper,THHN/THWN-2 Copper #8 AWG Red Stranded,THHN 8 RED STR CU,#8 AWG,Red,,600V,,,,FT,"[""thhn/thwn-2 copper #8 awg red stranded"", ""thhn 8 red str cu"", ""wire"", ""thhn copper"", ""cable cobre"", ""8 red thhn"", ""thhn 8 rojo"", ""8 red wire""]",true
57483061-d8e9-527c-8a99-884f2c9b56ff,Wire,THHN Copper,THHN/THWN-2 Copper #8 AWG Red Stranded - 500 FT Reel,THHN 8 RED STR CU 500FT,#8 AWG,Red,,600V,,,,RL,"[""thhn/thwn-2 copper #8 awg red stranded - 500 ft reel"", ""thhn 8 red str cu 500ft"", ""wire"", ""thhn copper"", ""rollo cable 500 pies"", ""thhn 8 red str 500ft"", ""8 red roll 500""]",true
1c033ea6-0de6-52c2-bf1c-10f1f737b582,Wire,THHN Copper,THHN/THWN-2 Copper #8 AWG White Stranded,THHN 8 WHT STR CU,#8 AWG,White,,600V,,,,FT,"[""thhn/thwn-2 copper #8 awg white stranded"", ""thhn 8 wht str cu"", ""wire"", ""thhn copper"", ""cable cobre"", ""8 wht thhn"", ""thhn 8 blanco"", ""8 white wire""]",true
5cffb7bd-aee9-582e-bc1b-de1916f35fbe,Wire,THHN Copper,THHN/THWN-2 Copper #8 AWG White Stranded - 500 FT Reel,THHN 8 WHT STR CU 500FT,#8 AWG,White,,600V,,,,RL,"[""thhn/thwn-2 copper #8 awg white stranded - 500 ft reel"", ""thhn 8 wht str cu 500ft"", ""wire"", ""thhn copper"", ""rollo cable 500 pies"", ""thhn 8 wht str 500ft"", ""8 white roll 500""]",true
1b73f76d-54b2-5fcd-897c-f8a6a2c7a08f,Wire,THHN Copper,THHN/THWN-2 Copper #8 AWG Yellow Stranded,THHN 8 YEL STR CU,#8 AWG,Yellow,,600V,,,,FT,"[""thhn/thwn-2 copper #8 awg yellow stranded"", ""thhn 8 yel str cu"", ""wire"", ""thhn copper"", ""cable cobre"", ""8 yel thhn"", ""thhn 8 amarillo"", ""8 yellow wire""]",true
154fef61-d076-5a79-8b72-5489c9d4a131,Wire,THHN Copper,THHN/THWN-2 Copper #8 AWG Yellow Stranded - 500 FT Reel,THHN 8 YEL STR CU 500FT,#8 AWG,Yellow,,600V,,,,RL,"[""thhn/thwn-2 copper #8 awg yellow stranded - 500 ft reel"", ""thhn 8 yel str cu 500ft"", ""wire"", ""thhn copper"", ""rollo cable 500 pies"", ""thhn 8 yel str 500ft"", ""8 yellow roll 500""]",true
0973470b-7653-50c5-92fe-008dce2c26a4,Wire,THHN Copper,THHN/THWN-2 Copper 250 kcmil Black Stranded,THHN 250 BLK STR CU,250 kcmil,Black,,600V,,,,FT,"[""thhn/thwn-2 copper 250 kcmil black stranded"", ""thhn 250 blk str cu"", ""wire"", ""thhn copper"", ""cable cobre"", ""250 blk thhn"", ""thhn 250 negro"", ""250 black wire""]",true
0df58960-00b6-5783-82b1-b6c17f569146,Wire,THHN Copper,THHN/THWN-2 Copper 250 kcmil Blue Stranded,THHN 250 BLU STR CU,250 kcmil,Blue,,600V,,,,FT,"[""thhn/thwn-2 copper 250 kcmil blue stranded"", ""thhn 250 blu str cu"", ""wire"", ""thhn copper"", ""cable cobre"", ""250 blu thhn"", ""thhn 250 azul"", ""250 blue wire""]",true
714d1945-a930-5272-af59-94be49d1a4c6,Wire,THHN Copper,THHN/THWN-2 Copper 250 kcmil Green Stranded,THHN 250 GRN STR CU,250 kcmil,Green,,600V,,,,FT,"[""thhn/thwn-2 copper 250 kcmil green stranded"", ""thhn 250 grn str cu"", ""wire"", ""thhn copper"", ""cable cobre"", ""250 grn thhn"", ""thhn 250 verde"", ""250 green wire""]",true
3aad891a-bcab-5bc1-8c2c-cd6b7c7e3ede,Wire,THHN Copper,THHN/THWN-2 Copper 250 kcmil Red Stranded,THHN 250 RED STR CU,250 kcmil,Red,,600V,,,,FT,"[""thhn/thwn-2 copper 250 kcmil red stranded"", ""thhn 250 red str cu"", ""wire"", ""thhn copper"", ""cable cobre"", ""250 red thhn"", ""thhn 250 rojo"", ""250 red wire""]",true
90b9c042-46d2-5e05-ac05-a5c240241e9a,Wire,THHN Copper,THHN/THWN-2 Copper 250 kcmil White Stranded,THHN 250 WHT STR CU,250 kcmil,White,,600V,,,,FT,"[""thhn/thwn-2 copper 250 kcmil white stranded"", ""thhn 250 wht str cu"", ""wire"", ""thhn copper"", ""cable cobre"", ""250 wht thhn"", ""thhn 250 blanco"", ""250 white wire""]",true
73afd0ae-8397-5fc9-8213-28acdc4b59b4,Wire,THHN Copper,THHN/THWN-2 Copper 300 kcmil Black Stranded,THHN 300 BLK STR CU,300 kcmil,Black,,600V,,,,FT,"[""thhn/thwn-2 copper 300 kcmil black stranded"", ""thhn 300 blk str cu"", ""wire"", ""thhn copper"", ""cable cobre"", ""300 blk thhn"", ""thhn 300 negro"", ""300 black wire""]",true
0a4abf80-aecf-5812-922e-d084206ca7db,Wire,THHN Copper,THHN/THWN-2 Copper 300 kcmil Blue Stranded,THHN 300 BLU STR CU,300 kcmil,Blue,,600V,,,,FT,"[""thhn/thwn-2 copper 300 kcmil blue stranded"", ""thhn 300 blu str cu"", ""wire"", ""thhn copper"", ""cable cobre"", ""300 blu thhn"", ""thhn 300 azul"", ""300 blue wire""]",true
c4ff7ec3-0ad5-5f33-afa3-8f57f9a1bdb6,Wire,THHN Copper,THHN/THWN-2 Copper 300 kcmil Green Stranded,THHN 300 GRN STR CU,300 kcmil,Green,,600V,,,,FT,"[""thhn/thwn-2 copper 300 kcmil green stranded"", ""thhn 300 grn str cu"", ""wire"", ""thhn copper"", ""cable cobre"", ""300 grn thhn"", ""thhn 300 verde"", ""300 green wire""]",true
bf3716ed-2fce-5bc8-a943-d906c54455c5,Wire,THHN Copper,THHN/THWN-2 Copper 300 kcmil Red Stranded,THHN 300 RED STR CU,300 kcmil,Red,,600V,,,,FT,"[""thhn/thwn-2 copper 300 kcmil red stranded"", ""thhn 300 red str cu"", ""wire"", ""thhn copper"", ""cable cobre"", ""300 red thhn"", ""thhn 300 rojo"", ""300 red wire""]",true
d8fe1919-3dc5-5204-bb2d-a9592fa9815b,Wire,THHN Copper,THHN/THWN-2 Copper 300 kcmil White Stranded,THHN 300 WHT STR CU,300 kcmil,White,,600V,,,,FT,"[""thhn/thwn-2 copper 300 kcmil white stranded"", ""thhn 300 wht str cu"", ""wire"", ""thhn copper"", ""cable cobre"", ""300 wht thhn"", ""thhn 300 blanco"", ""300 white wire""]",true
99945c69-245b-54d7-9608-9bfad211f3c7,Wire,THHN Copper,THHN/THWN-2 Copper 350 kcmil Black Stranded,THHN 350 BLK STR CU,350 kcmil,Black,,600V,,,,FT,"[""thhn/thwn-2 copper 350 kcmil black stranded"", ""thhn 350 blk str cu"", ""wire"", ""thhn copper"", ""cable cobre"", ""350 blk thhn"", ""thhn 350 negro"", ""350 black wire""]",true
c63e1b26-29db-5b4e-8c10-871d41dfe565,Wire,THHN Copper,THHN/THWN-2 Copper 350 kcmil Blue Stranded,THHN 350 BLU STR CU,350 kcmil,Blue,,600V,,,,FT,"[""thhn/thwn-2 copper 350 kcmil blue stranded"", ""thhn 350 blu str cu"", ""wire"", ""thhn copper"", ""cable cobre"", ""350 blu thhn"", ""thhn 350 azul"", ""350 blue wire""]",true
0dd86659-d3ce-5b5d-b919-9cb85d183c73,Wire,THHN Copper,THHN/THWN-2 Copper 350 kcmil Green Stranded,THHN 350 GRN STR CU,350 kcmil,Green,,600V,,,,FT,"[""thhn/thwn-2 copper 350 kcmil green stranded"", ""thhn 350 grn str cu"", ""wire"", ""thhn copper"", ""cable cobre"", ""350 grn thhn"", ""thhn 350 verde"", ""350 green wire""]",true
66d74a4c-af47-565b-8aca-ab50634d2d4b,Wire,THHN Copper,THHN/THWN-2 Copper 350 kcmil Red Stranded,THHN 350 RED STR CU,350 kcmil,Red,,600V,,,,FT,"[""thhn/thwn-2 copper 350 kcmil red stranded"", ""thhn 350 red str cu"", ""wire"", ""thhn copper"", ""cable cobre"", ""350 red thhn"", ""thhn 350 rojo"", ""350 red wire""]",true
e9dc8e71-f48f-5555-8431-15f7653c61a3,Wire,THHN Copper,THHN/THWN-2 Copper 350 kcmil White Stranded,THHN 350 WHT STR CU,350 kcmil,White,,600V,,,,FT,"[""thhn/thwn-2 copper 350 kcmil white stranded"", ""thhn 350 wht str cu"", ""wire"", ""thhn copper"", ""cable cobre"", ""350 wht thhn"", ""thhn 350 blanco"", ""350 white wire""]",true
76334f6e-f70b-5b20-af66-cc478ee94372,Wire,THHN Copper,THHN/THWN-2 Copper 400 kcmil Black Stranded,THHN 400 BLK STR CU,400 kcmil,Black,,600V,,,,FT,"[""thhn/thwn-2 copper 400 kcmil black stranded"", ""thhn 400 blk str cu"", ""wire"", ""thhn copper"", ""cable cobre"", ""400 blk thhn"", ""thhn 400 negro"", ""400 black wire""]",true
a9af129e-7d64-5696-850c-29bc5e5f4ff7,Wire,THHN Copper,THHN/THWN-2 Copper 400 kcmil Blue Stranded,THHN 400 BLU STR CU,400 kcmil,Blue,,600V,,,,FT,"[""thhn/thwn-2 copper 400 kcmil blue stranded"", ""thhn 400 blu str cu"", ""wire"", ""thhn copper"", ""cable cobre"", ""400 blu thhn"", ""thhn 400 azul"", ""400 blue wire""]",true
26e41b94-4583-5709-be32-1c3d20bbde52,Wire,THHN Copper,THHN/THWN-2 Copper 400 kcmil Green Stranded,THHN 400 GRN STR CU,400 kcmil,Green,,600V,,,,FT,"[""thhn/thwn-2 copper 400 kcmil green stranded"", ""thhn 400 grn str cu"", ""wire"", ""thhn copper"", ""cable cobre"", ""400 grn thhn"", ""thhn 400 verde"", ""400 green wire""]",true
0838a66c-f8d8-5e1b-94eb-73af5e825713,Wire,THHN Copper,THHN/THWN-2 Copper 400 kcmil Red Stranded,THHN 400 RED STR CU,400 kcmil,Red,,600V,,,,FT,"[""thhn/thwn-2 copper 400 kcmil red stranded"", ""thhn 400 red str cu"", ""wire"", ""thhn copper"", ""cable cobre"", ""400 red thhn"", ""thhn 400 rojo"", ""400 red wire""]",true
f0683427-b03e-53af-8cdf-3a1e981969c3,Wire,THHN Copper,THHN/THWN-2 Copper 400 kcmil White Stranded,THHN 400 WHT STR CU,400 kcmil,White,,600V,,,,FT,"[""thhn/thwn-2 copper 400 kcmil white stranded"", ""thhn 400 wht str cu"", ""wire"", ""thhn copper"", ""cable cobre"", ""400 wht thhn"", ""thhn 400 blanco"", ""400 white wire""]",true
ce0f3731-120d-5b81-bc67-b5a871db332c,Wire,THHN Copper,THHN/THWN-2 Copper 500 kcmil Black Stranded,THHN 500 BLK STR CU,500 kcmil,Black,,600V,,,,FT,"[""thhn/thwn-2 copper 500 kcmil black stranded"", ""thhn 500 blk str cu"", ""wire"", ""thhn copper"", ""cable cobre"", ""500 blk thhn"", ""thhn 500 negro"", ""500 black wire""]",true
c04093cf-1266-5f88-96ac-8337764f90ca,Wire,THHN Copper,THHN/THWN-2 Copper 500 kcmil Blue Stranded,THHN 500 BLU STR CU,500 kcmil,Blue,,600V,,,,FT,"[""thhn/thwn-2 copper 500 kcmil blue stranded"", ""thhn 500 blu str cu"", ""wire"", ""thhn copper"", ""cable cobre"", ""500 blu thhn"", ""thhn 500 azul"", ""500 blue wire""]",true
a7a9fca3-e081-5999-98bc-e23a1088a697,Wire,THHN Copper,THHN/THWN-2 Copper 500 kcmil Green Stranded,THHN 500 GRN STR CU,500 kcmil,Green,,600V,,,,FT,"[""thhn/thwn-2 copper 500 kcmil green stranded"", ""thhn 500 grn str cu"", ""wire"", ""thhn copper"", ""cable cobre"", ""500 grn thhn"", ""thhn 500 verde"", ""500 green wire""]",true
990fb29b-d576-5e20-9002-834cb953d1c0,Wire,THHN Copper,THHN/THWN-2 Copper 500 kcmil Red Stranded,THHN 500 RED STR CU,500 kcmil,Red,,600V,,,,FT,"[""thhn/thwn-2 copper 500 kcmil red stranded"", ""thhn 500 red str cu"", ""wire"", ""thhn copper"", ""cable cobre"", ""500 red thhn"", ""thhn 500 rojo"", ""500 red wire""]",true
db92a8da-dcca-587d-9bd1-9b6c864bed33,Wire,THHN Copper,THHN/THWN-2 Copper 500 kcmil White Stranded,THHN 500 WHT STR CU,500 kcmil,White,,600V,,,,FT,"[""thhn/thwn-2 copper 500 kcmil white stranded"", ""thhn 500 wht str cu"", ""wire"", ""thhn copper"", ""cable cobre"", ""500 wht thhn"", ""thhn 500 blanco"", ""500 white wire""]",true
afe1a47f-2dc2-5838-b657-f3e142c417e2,Wire,THHN Copper,THHN/THWN-2 Copper 600 kcmil Black Stranded,THHN 600 BLK STR CU,600 kcmil,Black,,600V,,,,FT,"[""thhn/thwn-2 copper 600 kcmil black stranded"", ""thhn 600 blk str cu"", ""wire"", ""thhn copper"", ""cable cobre"", ""600 blk thhn"", ""thhn 600 negro"", ""600 black wire""]",true
ba54eb2f-9d98-5fa8-93cc-ba5fc03c7628,Wire,THHN Copper,THHN/THWN-2 Copper 600 kcmil Blue Stranded,THHN 600 BLU STR CU,600 kcmil,Blue,,600V,,,,FT,"[""thhn/thwn-2 copper 600 kcmil blue stranded"", ""thhn 600 blu str cu"", ""wire"", ""thhn copper"", ""cable cobre"", ""600 blu thhn"", ""thhn 600 azul"", ""600 blue wire""]",true
02329a27-e8fc-5157-8382-3e50284e2f49,Wire,THHN Copper,THHN/THWN-2 Copper 600 kcmil Green Stranded,THHN 600 GRN STR CU,600 kcmil,Green,,600V,,,,FT,"[""thhn/thwn-2 copper 600 kcmil green stranded"", ""thhn 600 grn str cu"", ""wire"", ""thhn copper"", ""cable cobre"", ""600 grn thhn"", ""thhn 600 verde"", ""600 green wire""]",true
8f0c26f7-7457-5721-9c1e-9eb0cccb32ed,Wire,THHN Copper,THHN/THWN-2 Copper 600 kcmil Red Stranded,THHN 600 RED STR CU,600 kcmil,Red,,600V,,,,FT,"[""thhn/thwn-2 copper 600 kcmil red stranded"", ""thhn 600 red str cu"", ""wire"", ""thhn copper"", ""cable cobre"", ""600 red thhn"", ""thhn 600 rojo"", ""600 red wire""]",true
29db65cd-3afa-50b4-836d-22f446b50bcc,Wire,THHN Copper,THHN/THWN-2 Copper 600 kcmil White Stranded,THHN 600 WHT STR CU,600 kcmil,White,,600V,,,,FT,"[""thhn/thwn-2 copper 600 kcmil white stranded"", ""thhn 600 wht str cu"", ""wire"", ""thhn copper"", ""cable cobre"", ""600 wht thhn"", ""thhn 600 blanco"", ""600 white wire""]",true
c36b6fc5-3edf-5524-8e89-7e2da50e2807,Wire,THHN Copper,THHN/THWN-2 Copper 750 kcmil Black Stranded,THHN 750 BLK STR CU,750 kcmil,Black,,600V,,,,FT,"[""thhn/thwn-2 copper 750 kcmil black stranded"", ""thhn 750 blk str cu"", ""wire"", ""thhn copper"", ""cable cobre"", ""750 blk thhn"", ""thhn 750 negro"", ""750 black wire""]",true
80db870c-3670-5e72-9ffa-f9b04972a200,Wire,THHN Copper,THHN/THWN-2 Copper 750 kcmil Blue Stranded,THHN 750 BLU STR CU,750 kcmil,Blue,,600V,,,,FT,"[""thhn/thwn-2 copper 750 kcmil blue stranded"", ""thhn 750 blu str cu"", ""wire"", ""thhn copper"", ""cable cobre"", ""750 blu thhn"", ""thhn 750 azul"", ""750 blue wire""]",true
09fe785b-b0b4-5099-a245-456570a12209,Wire,THHN Copper,THHN/THWN-2 Copper 750 kcmil Green Stranded,THHN 750 GRN STR CU,750 kcmil,Green,,600V,,,,FT,"[""thhn/thwn-2 copper 750 kcmil green stranded"", ""thhn 750 grn str cu"", ""wire"", ""thhn copper"", ""cable cobre"", ""750 grn thhn"", ""thhn 750 verde"", ""750 green wire""]",true
437c7898-7622-538c-b45f-3c987505b3ee,Wire,THHN Copper,THHN/THWN-2 Copper 750 kcmil Red Stranded,THHN 750 RED STR CU,750 kcmil,Red,,600V,,,,FT,"[""thhn/thwn-2 copper 750 kcmil red stranded"", ""thhn 750 red str cu"", ""wire"", ""thhn copper"", ""cable cobre"", ""750 red thhn"", ""thhn 750 rojo"", ""750 red wire""]",true
e9825c41-c8f9-50f4-beeb-3c4a443e03a8,Wire,THHN Copper,THHN/THWN-2 Copper 750 kcmil White Stranded,THHN 750 WHT STR CU,750 kcmil,White,,600V,,,,FT,"[""thhn/thwn-2 copper 750 kcmil white stranded"", ""thhn 750 wht str cu"", ""wire"", ""thhn copper"", ""cable cobre"", ""750 wht thhn"", ""thhn 750 blanco"", ""750 white wire""]",true
73e37c54-7e61-5af1-8408-45974b9bda2b,Wire,UF-B,UF-B Copper 10/2 With Ground,UF-B 10/2 W/G,10/2,,,600V,,,,FT,"[""uf-b copper 10/2 with ground"", ""uf-b 10/2 w/g"", ""wire"", ""uf-b"", ""cable"", ""uf-b 10/2""]",true
677d306d-c301-5118-8098-ebfe17ed01d7,Wire,UF-B,UF-B Copper 10/2 With Ground - 250 FT Coil,UF-B 10/2 W/G 250FT,10/2,,,600V,,,,RL,"[""uf-b copper 10/2 with ground - 250 ft coil"", ""uf-b 10/2 w/g 250ft"", ""wire"", ""uf-b"", ""cable"", ""uf-b 10/2""]",true
d03aadad-3a48-538c-bb17-074e052ffccf,Wire,UF-B,UF-B Copper 10/3 With Ground,UF-B 10/3 W/G,10/3,,,600V,,,,FT,"[""uf-b copper 10/3 with ground"", ""uf-b 10/3 w/g"", ""wire"", ""uf-b"", ""cable"", ""uf-b 10/3""]",true
901b603a-bd9b-5378-b637-782fbae0c7c0,Wire,UF-B,UF-B Copper 10/3 With Ground - 250 FT Coil,UF-B 10/3 W/G 250FT,10/3,,,600V,,,,RL,"[""uf-b copper 10/3 with ground - 250 ft coil"", ""uf-b 10/3 w/g 250ft"", ""wire"", ""uf-b"", ""cable"", ""uf-b 10/3""]",true
6fc100fd-7f52-5c24-a20d-ad4dc7335d38,Wire,UF-B,UF-B Copper 12/2 With Ground,UF-B 12/2 W/G,12/2,,,600V,,,,FT,"[""uf-b copper 12/2 with ground"", ""uf-b 12/2 w/g"", ""wire"", ""uf-b"", ""cable"", ""uf-b 12/2""]",true
883eeafd-a9db-5e92-9db2-cdda395ab4de,Wire,UF-B,UF-B Copper 12/2 With Ground - 250 FT Coil,UF-B 12/2 W/G 250FT,12/2,,,600V,,,,RL,"[""uf-b copper 12/2 with ground - 250 ft coil"", ""uf-b 12/2 w/g 250ft"", ""wire"", ""uf-b"", ""cable"", ""uf-b 12/2""]",true
14d1b5ed-ed23-5302-93fb-80b710561497,Wire,UF-B,UF-B Copper 12/3 With Ground,UF-B 12/3 W/G,12/3,,,600V,,,,FT,"[""uf-b copper 12/3 with ground"", ""uf-b 12/3 w/g"", ""wire"", ""uf-b"", ""cable"", ""uf-b 12/3""]",true
a55a028a-7399-5ff1-a704-4570d6620655,Wire,UF-B,UF-B Copper 12/3 With Ground - 250 FT Coil,UF-B 12/3 W/G 250FT,12/3,,,600V,,,,RL,"[""uf-b copper 12/3 with ground - 250 ft coil"", ""uf-b 12/3 w/g 250ft"", ""wire"", ""uf-b"", ""cable"", ""uf-b 12/3""]",true
893c72dc-34a3-5230-85de-b69cf1e72cee,Wire,UF-B,UF-B Copper 14/2 With Ground,UF-B 14/2 W/G,14/2,,,600V,,,,FT,"[""uf-b copper 14/2 with ground"", ""uf-b 14/2 w/g"", ""wire"", ""uf-b"", ""cable"", ""uf-b 14/2""]",true
83586b43-216d-59b7-8d1d-9575d1b3a14c,Wire,UF-B,UF-B Copper 14/2 With Ground - 250 FT Coil,UF-B 14/2 W/G 250FT,14/2,,,600V,,,,RL,"[""uf-b copper 14/2 with ground - 250 ft coil"", ""uf-b 14/2 w/g 250ft"", ""wire"", ""uf-b"", ""cable"", ""uf-b 14/2""]",true
3e3b8f4e-c986-5c67-b569-b24acd2c371f,Wire,UF-B,UF-B Copper 14/3 With Ground,UF-B 14/3 W/G,14/3,,,600V,,,,FT,"[""uf-b copper 14/3 with ground"", ""uf-b 14/3 w/g"", ""wire"", ""uf-b"", ""cable"", ""uf-b 14/3""]",true
9fa8284c-e94a-5270-bc9d-6f12df13345e,Wire,UF-B,UF-B Copper 14/3 With Ground - 250 FT Coil,UF-B 14/3 W/G 250FT,14/3,,,600V,,,,RL,"[""uf-b copper 14/3 with ground - 250 ft coil"", ""uf-b 14/3 w/g 250ft"", ""wire"", ""uf-b"", ""cable"", ""uf-b 14/3""]",true
f82c9c09-5bc0-5666-8fa6-04ab095f869b,Wire,XHHW-2,XHHW-2 Aluminum #1/0 AWG Black Stranded,XHHW2 1/0 BLK STR AL,#1/0 AWG,Black,,600V,,,,FT,"[""xhhw-2 aluminum #1/0 awg black stranded"", ""xhhw2 1/0 blk str al"", ""wire"", ""xhhw-2"", ""feeder wire"", ""cable alimentador"", ""xhhw 1/0 blk""]",true
1d9e964d-73ee-5fda-b558-e523bb24c8cb,Wire,XHHW-2,XHHW-2 Aluminum #1/0 AWG White Stranded,XHHW2 1/0 WHT STR AL,#1/0 AWG,White,,600V,,,,FT,"[""xhhw-2 aluminum #1/0 awg white stranded"", ""xhhw2 1/0 wht str al"", ""wire"", ""xhhw-2"", ""feeder wire"", ""cable alimentador"", ""xhhw 1/0 wht""]",true
895b6b5c-e0be-5334-993e-5b0098de919f,Wire,XHHW-2,XHHW-2 Aluminum #2 AWG Black Stranded,XHHW2 2 BLK STR AL,#2 AWG,Black,,600V,,,,FT,"[""xhhw-2 aluminum #2 awg black stranded"", ""xhhw2 2 blk str al"", ""wire"", ""xhhw-2"", ""feeder wire"", ""cable alimentador"", ""xhhw 2 blk""]",true
6d7211b3-50a2-5c31-a6b1-5c643b5885b7,Wire,XHHW-2,XHHW-2 Aluminum #2 AWG White Stranded,XHHW2 2 WHT STR AL,#2 AWG,White,,600V,,,,FT,"[""xhhw-2 aluminum #2 awg white stranded"", ""xhhw2 2 wht str al"", ""wire"", ""xhhw-2"", ""feeder wire"", ""cable alimentador"", ""xhhw 2 wht""]",true
51ca8640-cca4-5675-82ef-b47422240695,Wire,XHHW-2,XHHW-2 Aluminum #2/0 AWG Black Stranded,XHHW2 2/0 BLK STR AL,#2/0 AWG,Black,,600V,,,,FT,"[""xhhw-2 aluminum #2/0 awg black stranded"", ""xhhw2 2/0 blk str al"", ""wire"", ""xhhw-2"", ""feeder wire"", ""cable alimentador"", ""xhhw 2/0 blk""]",true
11e258dd-f644-5517-87c8-e184e3db510e,Wire,XHHW-2,XHHW-2 Aluminum #2/0 AWG White Stranded,XHHW2 2/0 WHT STR AL,#2/0 AWG,White,,600V,,,,FT,"[""xhhw-2 aluminum #2/0 awg white stranded"", ""xhhw2 2/0 wht str al"", ""wire"", ""xhhw-2"", ""feeder wire"", ""cable alimentador"", ""xhhw 2/0 wht""]",true
8bcce7e9-47c8-5fb9-a5db-62853b566cdb,Wire,XHHW-2,XHHW-2 Aluminum #3/0 AWG Black Stranded,XHHW2 3/0 BLK STR AL,#3/0 AWG,Black,,600V,,,,FT,"[""xhhw-2 aluminum #3/0 awg black stranded"", ""xhhw2 3/0 blk str al"", ""wire"", ""xhhw-2"", ""feeder wire"", ""cable alimentador"", ""xhhw 3/0 blk""]",true
cd123b35-d4d4-53a7-a767-caccafa26f72,Wire,XHHW-2,XHHW-2 Aluminum #3/0 AWG White Stranded,XHHW2 3/0 WHT STR AL,#3/0 AWG,White,,600V,,,,FT,"[""xhhw-2 aluminum #3/0 awg white stranded"", ""xhhw2 3/0 wht str al"", ""wire"", ""xhhw-2"", ""feeder wire"", ""cable alimentador"", ""xhhw 3/0 wht""]",true
661f8b79-1971-5f27-a136-5c763f9f5ab5,Wire,XHHW-2,XHHW-2 Aluminum #4 AWG Black Stranded,XHHW2 4 BLK STR AL,#4 AWG,Black,,600V,,,,FT,"[""xhhw-2 aluminum #4 awg black stranded"", ""xhhw2 4 blk str al"", ""wire"", ""xhhw-2"", ""feeder wire"", ""cable alimentador"", ""xhhw 4 blk""]",true
b3f0984d-70da-54ef-b83c-c694e4719185,Wire,XHHW-2,XHHW-2 Aluminum #4 AWG White Stranded,XHHW2 4 WHT STR AL,#4 AWG,White,,600V,,,,FT,"[""xhhw-2 aluminum #4 awg white stranded"", ""xhhw2 4 wht str al"", ""wire"", ""xhhw-2"", ""feeder wire"", ""cable alimentador"", ""xhhw 4 wht""]",true
ee3fa206-1c6a-56c6-95c8-4fe12578b54c,Wire,XHHW-2,XHHW-2 Aluminum #4/0 AWG Black Stranded,XHHW2 4/0 BLK STR AL,#4/0 AWG,Black,,600V,,,,FT,"[""xhhw-2 aluminum #4/0 awg black stranded"", ""xhhw2 4/0 blk str al"", ""wire"", ""xhhw-2"", ""feeder wire"", ""cable alimentador"", ""xhhw 4/0 blk""]",true
f1a5aa31-f3ea-592d-b1b8-b1a021c41333,Wire,XHHW-2,XHHW-2 Aluminum #4/0 AWG White Stranded,XHHW2 4/0 WHT STR AL,#4/0 AWG,White,,600V,,,,FT,"[""xhhw-2 aluminum #4/0 awg white stranded"", ""xhhw2 4/0 wht str al"", ""wire"", ""xhhw-2"", ""feeder wire"", ""cable alimentador"", ""xhhw 4/0 wht""]",true
953032ea-d514-5fdd-b166-ff230841c917,Wire,XHHW-2,XHHW-2 Aluminum #6 AWG Black Stranded,XHHW2 6 BLK STR AL,#6 AWG,Black,,600V,,,,FT,"[""xhhw-2 aluminum #6 awg black stranded"", ""xhhw2 6 blk str al"", ""wire"", ""xhhw-2"", ""feeder wire"", ""cable alimentador"", ""xhhw 6 blk""]",true
e06b4e00-b7e5-5b78-b345-559b254967a0,Wire,XHHW-2,XHHW-2 Aluminum #6 AWG White Stranded,XHHW2 6 WHT STR AL,#6 AWG,White,,600V,,,,FT,"[""xhhw-2 aluminum #6 awg white stranded"", ""xhhw2 6 wht str al"", ""wire"", ""xhhw-2"", ""feeder wire"", ""cable alimentador"", ""xhhw 6 wht""]",true
4c0d094d-4c12-5740-831c-97225d016a4e,Wire,XHHW-2,XHHW-2 Aluminum 250 kcmil Black Stranded,XHHW2 250 BLK STR AL,250 kcmil,Black,,600V,,,,FT,"[""xhhw-2 aluminum 250 kcmil black stranded"", ""xhhw2 250 blk str al"", ""wire"", ""xhhw-2"", ""feeder wire"", ""cable alimentador"", ""xhhw 250 blk""]",true
3f621cb7-c093-5932-9428-5088e3800599,Wire,XHHW-2,XHHW-2 Aluminum 250 kcmil White Stranded,XHHW2 250 WHT STR AL,250 kcmil,White,,600V,,,,FT,"[""xhhw-2 aluminum 250 kcmil white stranded"", ""xhhw2 250 wht str al"", ""wire"", ""xhhw-2"", ""feeder wire"", ""cable alimentador"", ""xhhw 250 wht""]",true
3bc46353-6369-5219-937d-6ff62b5902a3,Wire,XHHW-2,XHHW-2 Aluminum 350 kcmil Black Stranded,XHHW2 350 BLK STR AL,350 kcmil,Black,,600V,,,,FT,"[""xhhw-2 aluminum 350 kcmil black stranded"", ""xhhw2 350 blk str al"", ""wire"", ""xhhw-2"", ""feeder wire"", ""cable alimentador"", ""xhhw 350 blk""]",true
7eddb9e0-e409-5775-97af-235b727d09ce,Wire,XHHW-2,XHHW-2 Aluminum 350 kcmil White Stranded,XHHW2 350 WHT STR AL,350 kcmil,White,,600V,,,,FT,"[""xhhw-2 aluminum 350 kcmil white stranded"", ""xhhw2 350 wht str al"", ""wire"", ""xhhw-2"", ""feeder wire"", ""cable alimentador"", ""xhhw 350 wht""]",true
2ef1e5e9-044c-5c50-86cf-b6b4d2845c4f,Wire,XHHW-2,XHHW-2 Aluminum 500 kcmil Black Stranded,XHHW2 500 BLK STR AL,500 kcmil,Black,,600V,,,,FT,"[""xhhw-2 aluminum 500 kcmil black stranded"", ""xhhw2 500 blk str al"", ""wire"", ""xhhw-2"", ""feeder wire"", ""cable alimentador"", ""xhhw 500 blk""]",true
ec76175d-0d6b-5f9e-8c88-70c75706fab4,Wire,XHHW-2,XHHW-2 Aluminum 500 kcmil White Stranded,XHHW2 500 WHT STR AL,500 kcmil,White,,600V,,,,FT,"[""xhhw-2 aluminum 500 kcmil white stranded"", ""xhhw2 500 wht str al"", ""wire"", ""xhhw-2"", ""feeder wire"", ""cable alimentador"", ""xhhw 500 wht""]",true
55990a8b-b752-5afd-8b42-6481571070ba,Wire,XHHW-2,XHHW-2 Aluminum 600 kcmil Black Stranded,XHHW2 600 BLK STR AL,600 kcmil,Black,,600V,,,,FT,"[""xhhw-2 aluminum 600 kcmil black stranded"", ""xhhw2 600 blk str al"", ""wire"", ""xhhw-2"", ""feeder wire"", ""cable alimentador"", ""xhhw 600 blk""]",true
29f9186d-f19a-5863-91cc-a27a2fbc35fa,Wire,XHHW-2,XHHW-2 Aluminum 600 kcmil White Stranded,XHHW2 600 WHT STR AL,600 kcmil,White,,600V,,,,FT,"[""xhhw-2 aluminum 600 kcmil white stranded"", ""xhhw2 600 wht str al"", ""wire"", ""xhhw-2"", ""feeder wire"", ""cable alimentador"", ""xhhw 600 wht""]",true
5b6b4527-22a5-573a-8968-b5a20097116e,Wire,XHHW-2,XHHW-2 Aluminum 750 kcmil Black Stranded,XHHW2 750 BLK STR AL,750 kcmil,Black,,600V,,,,FT,"[""xhhw-2 aluminum 750 kcmil black stranded"", ""xhhw2 750 blk str al"", ""wire"", ""xhhw-2"", ""feeder wire"", ""cable alimentador"", ""xhhw 750 blk""]",true
026887d6-3090-57b5-86f9-2a4cec5f0811,Wire,XHHW-2,XHHW-2 Aluminum 750 kcmil White Stranded,XHHW2 750 WHT STR AL,750 kcmil,White,,600V,,,,FT,"[""xhhw-2 aluminum 750 kcmil white stranded"", ""xhhw2 750 wht str al"", ""wire"", ""xhhw-2"", ""feeder wire"", ""cable alimentador"", ""xhhw 750 wht""]",true
88c59ed6-017a-5717-b0ec-1eb3b8643003,Wire,XHHW-2,XHHW-2 Copper #1/0 AWG Black Stranded,XHHW2 1/0 BLK STR CU,#1/0 AWG,Black,,600V,,,,FT,"[""xhhw-2 copper #1/0 awg black stranded"", ""xhhw2 1/0 blk str cu"", ""wire"", ""xhhw-2"", ""feeder wire"", ""cable alimentador"", ""xhhw 1/0 blk""]",true
e1f8dcd5-c24b-53db-bef8-794c644f789a,Wire,XHHW-2,XHHW-2 Copper #1/0 AWG White Stranded,XHHW2 1/0 WHT STR CU,#1/0 AWG,White,,600V,,,,FT,"[""xhhw-2 copper #1/0 awg white stranded"", ""xhhw2 1/0 wht str cu"", ""wire"", ""xhhw-2"", ""feeder wire"", ""cable alimentador"", ""xhhw 1/0 wht""]",true
5a2486bd-6aa4-5853-a999-1fa37fb3f7e1,Wire,XHHW-2,XHHW-2 Copper #2 AWG Black Stranded,XHHW2 2 BLK STR CU,#2 AWG,Black,,600V,,,,FT,"[""xhhw-2 copper #2 awg black stranded"", ""xhhw2 2 blk str cu"", ""wire"", ""xhhw-2"", ""feeder wire"", ""cable alimentador"", ""xhhw 2 blk""]",true
88a3ee35-bac2-5393-a7e1-c272169d0439,Wire,XHHW-2,XHHW-2 Copper #2 AWG White Stranded,XHHW2 2 WHT STR CU,#2 AWG,White,,600V,,,,FT,"[""xhhw-2 copper #2 awg white stranded"", ""xhhw2 2 wht str cu"", ""wire"", ""xhhw-2"", ""feeder wire"", ""cable alimentador"", ""xhhw 2 wht""]",true
77ed955a-0fc5-55b1-8f4d-646d1c7ef56f,Wire,XHHW-2,XHHW-2 Copper #2/0 AWG Black Stranded,XHHW2 2/0 BLK STR CU,#2/0 AWG,Black,,600V,,,,FT,"[""xhhw-2 copper #2/0 awg black stranded"", ""xhhw2 2/0 blk str cu"", ""wire"", ""xhhw-2"", ""feeder wire"", ""cable alimentador"", ""xhhw 2/0 blk""]",true
7a5b0ae4-164e-5922-9817-fe82fe76b8fa,Wire,XHHW-2,XHHW-2 Copper #2/0 AWG White Stranded,XHHW2 2/0 WHT STR CU,#2/0 AWG,White,,600V,,,,FT,"[""xhhw-2 copper #2/0 awg white stranded"", ""xhhw2 2/0 wht str cu"", ""wire"", ""xhhw-2"", ""feeder wire"", ""cable alimentador"", ""xhhw 2/0 wht""]",true
1e1c0637-3da9-5cf8-89de-2fe09cd1402f,Wire,XHHW-2,XHHW-2 Copper #3/0 AWG Black Stranded,XHHW2 3/0 BLK STR CU,#3/0 AWG,Black,,600V,,,,FT,"[""xhhw-2 copper #3/0 awg black stranded"", ""xhhw2 3/0 blk str cu"", ""wire"", ""xhhw-2"", ""feeder wire"", ""cable alimentador"", ""xhhw 3/0 blk""]",true
b3178aef-f64d-5b19-8979-1093713f104f,Wire,XHHW-2,XHHW-2 Copper #3/0 AWG White Stranded,XHHW2 3/0 WHT STR CU,#3/0 AWG,White,,600V,,,,FT,"[""xhhw-2 copper #3/0 awg white stranded"", ""xhhw2 3/0 wht str cu"", ""wire"", ""xhhw-2"", ""feeder wire"", ""cable alimentador"", ""xhhw 3/0 wht""]",true
2d5ed0af-74ca-5eac-9ac7-76e05f7fb525,Wire,XHHW-2,XHHW-2 Copper #4 AWG Black Stranded,XHHW2 4 BLK STR CU,#4 AWG,Black,,600V,,,,FT,"[""xhhw-2 copper #4 awg black stranded"", ""xhhw2 4 blk str cu"", ""wire"", ""xhhw-2"", ""feeder wire"", ""cable alimentador"", ""xhhw 4 blk""]",true
648a7f31-63f8-50b2-bd57-d40c8a6386d0,Wire,XHHW-2,XHHW-2 Copper #4 AWG White Stranded,XHHW2 4 WHT STR CU,#4 AWG,White,,600V,,,,FT,"[""xhhw-2 copper #4 awg white stranded"", ""xhhw2 4 wht str cu"", ""wire"", ""xhhw-2"", ""feeder wire"", ""cable alimentador"", ""xhhw 4 wht""]",true
67dd525f-51f6-5dd5-b168-c5d38952d7a3,Wire,XHHW-2,XHHW-2 Copper #4/0 AWG Black Stranded,XHHW2 4/0 BLK STR CU,#4/0 AWG,Black,,600V,,,,FT,"[""xhhw-2 copper #4/0 awg black stranded"", ""xhhw2 4/0 blk str cu"", ""wire"", ""xhhw-2"", ""feeder wire"", ""cable alimentador"", ""xhhw 4/0 blk""]",true
31585986-948e-5902-80b3-95932b98999c,Wire,XHHW-2,XHHW-2 Copper #4/0 AWG White Stranded,XHHW2 4/0 WHT STR CU,#4/0 AWG,White,,600V,,,,FT,"[""xhhw-2 copper #4/0 awg white stranded"", ""xhhw2 4/0 wht str cu"", ""wire"", ""xhhw-2"", ""feeder wire"", ""cable alimentador"", ""xhhw 4/0 wht""]",true
b786fef2-2870-55c0-938c-b4abb8a0ef70,Wire,XHHW-2,XHHW-2 Copper #6 AWG Black Stranded,XHHW2 6 BLK STR CU,#6 AWG,Black,,600V,,,,FT,"[""xhhw-2 copper #6 awg black stranded"", ""xhhw2 6 blk str cu"", ""wire"", ""xhhw-2"", ""feeder wire"", ""cable alimentador"", ""xhhw 6 blk""]",true
7c955f97-94b7-53ed-ae47-5fbea96d53a7,Wire,XHHW-2,XHHW-2 Copper #6 AWG White Stranded,XHHW2 6 WHT STR CU,#6 AWG,White,,600V,,,,FT,"[""xhhw-2 copper #6 awg white stranded"", ""xhhw2 6 wht str cu"", ""wire"", ""xhhw-2"", ""feeder wire"", ""cable alimentador"", ""xhhw 6 wht""]",true
91669a04-9555-5442-b017-154a8b55bc36,Wire,XHHW-2,XHHW-2 Copper 250 kcmil Black Stranded,XHHW2 250 BLK STR CU,250 kcmil,Black,,600V,,,,FT,"[""xhhw-2 copper 250 kcmil black stranded"", ""xhhw2 250 blk str cu"", ""wire"", ""xhhw-2"", ""feeder wire"", ""cable alimentador"", ""xhhw 250 blk""]",true
7ca03f92-4b83-507a-ba57-9df793a3cbf1,Wire,XHHW-2,XHHW-2 Copper 250 kcmil White Stranded,XHHW2 250 WHT STR CU,250 kcmil,White,,600V,,,,FT,"[""xhhw-2 copper 250 kcmil white stranded"", ""xhhw2 250 wht str cu"", ""wire"", ""xhhw-2"", ""feeder wire"", ""cable alimentador"", ""xhhw 250 wht""]",true
5ef66ca4-9a23-5698-8c94-7660fec8f5b7,Wire,XHHW-2,XHHW-2 Copper 350 kcmil Black Stranded,XHHW2 350 BLK STR CU,350 kcmil,Black,,600V,,,,FT,"[""xhhw-2 copper 350 kcmil black stranded"", ""xhhw2 350 blk str cu"", ""wire"", ""xhhw-2"", ""feeder wire"", ""cable alimentador"", ""xhhw 350 blk""]",true
52d8a4a7-b3db-5539-8215-aa3fe5387177,Wire,XHHW-2,XHHW-2 Copper 350 kcmil White Stranded,XHHW2 350 WHT STR CU,350 kcmil,White,,600V,,,,FT,"[""xhhw-2 copper 350 kcmil white stranded"", ""xhhw2 350 wht str cu"", ""wire"", ""xhhw-2"", ""feeder wire"", ""cable alimentador"", ""xhhw 350 wht""]",true
b2213dda-54c4-5a57-a61d-ad1b3d111006,Wire,XHHW-2,XHHW-2 Copper 500 kcmil Black Stranded,XHHW2 500 BLK STR CU,500 kcmil,Black,,600V,,,,FT,"[""xhhw-2 copper 500 kcmil black stranded"", ""xhhw2 500 blk str cu"", ""wire"", ""xhhw-2"", ""feeder wire"", ""cable alimentador"", ""xhhw 500 blk""]",true
bf6efd95-ed79-5fe5-801d-f7d3d67e821f,Wire,XHHW-2,XHHW-2 Copper 500 kcmil White Stranded,XHHW2 500 WHT STR CU,500 kcmil,White,,600V,,,,FT,"[""xhhw-2 copper 500 kcmil white stranded"", ""xhhw2 500 wht str cu"", ""wire"", ""xhhw-2"", ""feeder wire"", ""cable alimentador"", ""xhhw 500 wht""]",true
